SET autocommit = 0;

START TRANSACTION;

DELETE FROM HistoriaZalecen;
DELETE FROM Zalecenie;
DELETE FROM Wyzywienie;
DELETE FROM WizytaLekarska;
DELETE FROM Szczepienie;
DELETE FROM Szczepionka;
DELETE FROM Karma;
DELETE FROM RodzajKarmy;
DELETE FROM Adopcja;
DELETE FROM HistoriaChorob;
DELETE FROM Opieka;
DELETE FROM Pies;
DELETE FROM Rasa;
DELETE FROM Kojec;
DELETE FROM Pomieszczenie;
DELETE FROM Lek;
DELETE FROM KontrolaAdopcyjna;
DELETE FROM Choroba;
DELETE FROM Lekarz;
DELETE FROM Pracownik;
DELETE FROM Adoptant;
DELETE FROM Osoba;

INSERT INTO Osoba (Id,Imie,Nazwisko,Adres,NumerTelefonu,NrDowodu) VALUES (1,"Aline","Gardner","190-8698 Ante Ave","238167431","RFL6488948"),(2,"Tanek","Cote","7142 Feugiat Ave","652722836","DCX8218063"),(3,"Jelani","Hutchinson","180-826 Sem, St.","036698165","PPU8745237"),(4,"Natalie","Rivers","262-6893 Nonummy Road","473114346","JWO9614636"),(5,"Cadman","Decker","1670 Aliquet Avenue","028115780","OTJ8817155"),(6,"Hadley","Mendez","7180 Sodales Avenue","458577905","VVG2988709"),(7,"Zorita","Carroll","P.O. Box 419, 4606 Eu Road","236106241","QCC4554757"),(8,"Julian","Caldwell","P.O. Box 614, 5011 Egestas. Ave","747194421","BDW2974483"),(9,"Reese","Guy","427-9233 Ante Road","151660875","MEK1723680"),(10,"Clayton","Montgomery","3142 Mi Rd.","212662985","KGX9139443"),(11,"Maia","Bonner","P.O. Box 917, 5726 Eu Rd.","119662773","AKD2680297"),(12,"Chandler","Haley","P.O. Box 220, 8615 Nullam St.","667773428","JRH9284226"),(13,"TaShya","Barron","2620 Consequat Rd.","384813390","VBL0449913"),(14,"Octavia","Irwin","Ap #392-6292 Mauris Road","777339441","GXI0689717"),(15,"Nelle","Singleton","Ap #377-1615 Nisl Rd.","381350933","LCE5210062"),(16,"Wilma","Nelson","208-7185 Posuere Road","312055643","QSQ7525881"),(17,"Victoria","Flores","Ap #795-7446 Nonummy St.","593632250","JBF3299942"),(18,"Martin","Levy","9472 Ante, St.","374050995","LTW8094692"),(19,"Richard","Mayer","Ap #800-2230 Luctus Rd.","788648350","SJV5627287"),(20,"Jaden","William","Ap #987-6535 Erat. Ave","987023520","ERY0762333"),(21,"Adrienne","Morrison","6043 Lobortis Road","506676584","MAK9587518"),(22,"Daphne","Ratliff","2546 Nonummy Street","641192463","UDF0768510"),(23,"Allegra","Huber","Ap #181-4974 Purus St.","439986126","MVR0898845"),(24,"Edward","Osborn","9888 Vulputate St.","972228464","THK7190028"),(25,"Ria","Rowland","6607 Eleifend Rd.","474474616","EGE0912001"),(26,"Dorothy","Macias","726-5859 Nulla Road","435111067","FJE5814351"),(27,"Taylor","Sanford","Ap #755-8336 Augue. St.","237135199","DZZ4053692"),(28,"Ezra","Hester","962-4979 Cras St.","807619044","DHZ4794816"),(29,"Whoopi","Cross","8380 Tellus Av.","517547345","VLF3186733"),(30,"Quentin","Rogers","P.O. Box 572, 1529 Eros. Ave","869971606","LOZ2404953"),(31,"Dillon","Mcleod","1999 Ipsum St.","046384848","RTN9729193"),(32,"Abigail","Diaz","P.O. Box 448, 3065 Mattis. Rd.","793442971","WTA0861627"),(33,"Whoopi","Holloway","9288 A Rd.","631128907","GOC9591949"),(34,"Rhea","Barber","331-6205 Sed St.","024339046","RDY4149221"),(35,"Nasim","Adkins","Ap #187-1722 Dictum Avenue","529780959","OWI7093658"),(36,"Aaron","Peck","Ap #398-6836 Integer St.","750436453","KRF2143051"),(37,"Jacob","Gibbs","7478 Malesuada Rd.","811164318","SLU8626968"),(38,"Jeremy","Prince","7351 Nunc Avenue","218434223","CPD6748384"),(39,"Stewart","Lloyd","P.O. Box 297, 976 Lacinia St.","075852681","IOP8291109"),(40,"Jelani","Church","1186 Facilisis Street","551713712","FYJ2254420"),(41,"Fallon","Mclean","Ap #145-8428 Quam Rd.","955613971","OZL2164101"),(42,"Caldwell","Edwards","514-324 Est, Avenue","531208510","JBU0674550"),(43,"Cathleen","Delacruz","7981 Sit Street","497411025","IHM3985442"),(44,"Omar","Britt","4765 Sapien. Rd.","431791177","MUT7990375"),(45,"Jael","Warner","Ap #108-7137 Non, St.","410286975","IQM6863402"),(46,"Channing","Burns","P.O. Box 877, 4476 Ut Rd.","230276545","FLY4526821"),(47,"Jonas","Booth","668-866 Volutpat Ave","792402448","MQN6627365"),(48,"Bertha","Rios","P.O. Box 402, 9127 Et Road","155904667","XPY7932634"),(49,"Ali","Page","P.O. Box 272, 6084 Massa. Ave","319272985","BQK6827330"),(50,"Owen","Manning","Ap #518-3909 Nulla Rd.","981251101","TSS4765945"),(51,"Fletcher","Dejesus","P.O. Box 649, 1379 Malesuada Street","480089309","GEQ1369420"),(52,"Coby","Burton","P.O. Box 185, 3828 Tempor St.","060602562","PUN7936975"),(53,"Sybill","Rosales","Ap #326-2243 Ornare Ave","351338124","GIF2566955"),(54,"Nicole","Quinn","P.O. Box 312, 6088 Vitae Rd.","907146443","YKA2455152"),(55,"Sophia","Crosby","232-6217 Magna Ave","122904576","HEK6973238"),(56,"Keegan","Roth","P.O. Box 719, 391 Eu, Road","735350431","ZVB8012564"),(57,"Abraham","Sears","1061 Ultricies Rd.","582508578","JKS6765753"),(58,"Karly","Forbes","8004 Quisque St.","343078697","UNN2869545"),(59,"Dorian","Gordon","P.O. Box 374, 8291 At Avenue","066819756","JOA7206794"),(60,"Blaze","Ferrell","Ap #294-4494 Sapien Road","539967067","KMB8959892"),(61,"Sade","Velez","242 Pede Rd.","442022950","OIG2616257"),(62,"Bethany","Fleming","Ap #195-7305 In Rd.","198390858","VAI7848688"),(63,"Cassandra","Harper","P.O. Box 392, 8672 Diam St.","573950144","FGB6533417"),(64,"Dolan","Stark","5999 Accumsan Rd.","465180032","BIP2764258"),(65,"Pascale","Shannon","198-776 Dolor. Street","540773256","KUX3232676"),(66,"Sonia","Downs","P.O. Box 301, 588 Nec Av.","076432301","THA6103196"),(67,"Clementine","Justice","840-9394 Erat Road","691526883","SQZ1933651"),(68,"Mohammad","Allison","3453 Felis, St.","502593452","AMQ7272577"),(69,"Drew","Leonard","9942 Mauris Avenue","839809134","NNZ7677158"),(70,"Marcia","Landry","P.O. Box 284, 2074 Amet, St.","260238795","TQH6560990"),(71,"Fatima","Wright","6082 Sagittis Avenue","373024017","GGI5603397"),(72,"Cassady","Glass","485 Lorem Road","039472329","TLO7606236"),(73,"Latifah","Mullins","P.O. Box 811, 7335 Non, St.","853953818","TCQ5463149"),(74,"Aline","Berg","Ap #789-5743 Nunc. St.","169396546","WXT8211373"),(75,"Hedley","Knox","Ap #435-6678 Malesuada St.","886526417","ADW3218528"),(76,"Ulysses","Cardenas","836-1108 Tortor Street","497903690","YML0328029"),(77,"Erica","Gentry","619-2274 Phasellus Ave","209561158","YPK3958364"),(78,"Dora","Bell","808-8314 Dolor St.","446131732","EEW3598089"),(79,"Bree","Mejia","P.O. Box 819, 3223 Nulla Rd.","888236189","SYC5498709"),(80,"Ann","Church","Ap #720-1678 Cras Ave","442039525","JKF6172208"),(81,"Brenda","Guthrie","583-4073 Aenean St.","487386922","THK9366976"),(82,"Rachel","Johnson","Ap #778-2590 Vestibulum Av.","804502482","ZLH9881659"),(83,"Francesca","Flores","761-7352 Dolor Street","619174881","XSL5106121"),(84,"TaShya","Weaver","4127 At, Avenue","810151738","MWM1055969"),(85,"Sonya","Bird","155-7623 Dolor. Av.","320419583","IIA6501846"),(86,"Yeo","Richardson","Ap #682-587 Proin Street","162998371","VEY6604104"),(87,"Adrienne","Parks","P.O. Box 465, 6127 Iaculis, St.","135767598","GVC0385803"),(88,"Raymond","Nolan","Ap #590-1815 Non Road","106277353","FLQ8764777"),(89,"Latifah","Graves","672 Hendrerit. Rd.","156622318","HVI6696944"),(90,"Kiayada","Ruiz","Ap #390-3108 Gravida Rd.","262997299","CAB2630482"),(91,"Nerea","Henson","2417 A, St.","069021095","FBG8236338"),(92,"Jerome","Orr","416 Varius Av.","605772268","MFK4524956"),(93,"Lance","Perez","P.O. Box 201, 4488 Auctor Rd.","728216458","MFQ8663501"),(94,"Quyn","Arnold","Ap #205-6390 Lobortis St.","555313964","FWI3910508"),(95,"Paki","Morrison","929 Aliquet Street","737923243","WHT1035241"),(96,"Quon","Ferrell","907 Nunc St.","496489170","ZAU8644895"),(97,"Amy","Stanton","815-5853 Donec Road","368968616","BBQ5650386"),(98,"Judith","Andrews","Ap #982-5366 Vel Avenue","685461048","BAX2296863"),(99,"Gary","Hunt","Ap #764-3739 Urna Av.","667391700","GMD7380338"),(100,"Alma","Simon","3043 Imperdiet Ave","312993868","LDI4395755");
INSERT INTO Osoba (Id,Imie,Nazwisko,Adres,NumerTelefonu,NrDowodu) VALUES (101,"Phyllis","Mcmillan","944-4419 Lacinia Ave","997275375","FUO7407918"),(102,"Jillian","Mcgee","2608 Aliquam St.","281873943","GEP7202090"),(103,"Kermit","Maynard","Ap #639-3550 Id Rd.","618170856","UNS3970716"),(104,"Briar","Lindsey","P.O. Box 769, 9394 Mauris St.","091306118","HJE7808628"),(105,"Idola","Justice","725-2510 Arcu. Avenue","180421695","KIJ2071246"),(106,"Kitra","Barrera","P.O. Box 390, 8940 Vel, St.","527958987","EVV5537768"),(107,"Leonard","Boyd","4759 Augue Street","312581929","MHJ2799734"),(108,"Wallace","Booker","Ap #136-1105 Nullam Rd.","099391245","YBA2727298"),(109,"Karyn","Bray","P.O. Box 543, 1584 Lectus. St.","569015712","IOC5880772"),(110,"Ora","Estes","1704 Nec Avenue","678329228","AAD8530072"),(111,"Carl","Webster","148-8031 Sit Av.","516725066","JEZ0496184"),(112,"Jade","Stafford","283-8082 Semper. St.","703412130","OXB4432104"),(113,"Drew","Jimenez","4098 Molestie Rd.","868776030","OSI8626535"),(114,"Tashya","Schneider","Ap #221-9707 Tristique Rd.","130521990","PUY0776212"),(115,"Tate","Joyce","P.O. Box 843, 4022 Leo, St.","206444507","BNB7046012"),(116,"Serina","Erickson","1583 Ante. Av.","043432202","RFS9793253"),(117,"Ruth","Stephenson","P.O. Box 338, 1868 Penatibus Avenue","242542074","GVN0706534"),(118,"Jacqueline","Shannon","P.O. Box 182, 4975 Luctus Street","792877953","MIM9417166"),(119,"Lacey","Neal","2511 Quis Ave","533303202","BHT2625181"),(120,"Tamekah","Underwood","P.O. Box 143, 1955 Nam Rd.","148285059","AUE9462512"),(121,"Clio","Blanchard","964-2536 Neque Avenue","275175438","VGZ1148078"),(122,"Cecilia","Pope","169-5510 Donec St.","695600775","IUK9984037"),(123,"Nigel","Sheppard","P.O. Box 773, 8741 Viverra. Rd.","932144173","PEY3507074"),(124,"Dana","Richard","P.O. Box 820, 1987 Arcu Road","177780681","MVN6504966"),(125,"Thaddeus","Ewing","954-9514 Faucibus. Rd.","840155220","ENL1984942"),(126,"Maggie","Oconnor","P.O. Box 420, 2747 A St.","588992214","ZEO0524192"),(127,"Justine","Salinas","P.O. Box 358, 6287 Sit Rd.","718547490","OTN0264663"),(128,"Germaine","Clarke","473-3750 Mi Street","344552518","UAX9343430"),(129,"Isabella","Simon","683-2672 Mus. Road","056765076","ESF1757395"),(130,"Echo","Luna","Ap #936-8023 Donec Street","631992047","FOT9365225"),(131,"Wendy","Cortez","P.O. Box 381, 7790 Egestas. Rd.","902820679","YIR8681117"),(132,"Holmes","Ramsey","Ap #795-4044 In Street","146500137","FQK8753938"),(133,"Zephania","Wiggins","562-5227 Vel Road","656579125","GQK4987811"),(134,"Christopher","Sullivan","P.O. Box 500, 4342 Ipsum St.","372553867","UQF2867811"),(135,"Blythe","Russo","412-6964 Auctor St.","025810532","YGC9599723"),(136,"Harriet","Slater","746-2868 Aliquam St.","916772460","LSC7140114"),(137,"Craig","Ware","138-6882 Orci Road","702171604","XHW1492500"),(138,"Raya","Mcmahon","7001 Sed St.","126767771","BLO2462144"),(139,"Ria","Sampson","P.O. Box 498, 6088 Dictum Ave","940513013","GKK2740691"),(140,"Julian","Bates","P.O. Box 944, 5858 Porttitor Street","963726195","AIS4776099"),(141,"Ali","Burns","907-1154 Cum Street","361561293","LEM1364758"),(142,"Flynn","Wolf","Ap #426-9594 Mattis Road","133868935","BGC6072392"),(143,"Alea","Ashley","2882 Est, Avenue","142725886","RKK7514759"),(144,"Honorato","Curry","Ap #232-1156 Pharetra. Ave","202133021","OKP1401570"),(145,"Grady","Russo","Ap #984-5493 In, Rd.","196845697","FJY2654732"),(146,"Breanna","Knapp","3715 Ante Ave","449526441","MEJ7153088"),(147,"Brock","Hamilton","Ap #859-9928 Parturient Street","496762360","NDT5655786"),(148,"Myles","Ramsey","5929 Tellus Rd.","345969620","MVG7237868"),(149,"Aspen","Dickerson","Ap #332-7430 Massa. St.","342184819","OLS9779769"),(150,"Mechelle","Melendez","289 Eget St.","660853862","JZO0232791"),(151,"Olivia","Paul","366-5981 Ac Avenue","166775502","SNV9904041"),(152,"Aphrodite","Delgado","Ap #903-9733 Nulla Avenue","094004637","TCQ0493267"),(153,"Keegan","Mason","2193 Ac Ave","435008016","TAH6481130"),(154,"Nash","Vargas","7045 In Av.","683700264","WEF7714641"),(155,"Lisandra","Hines","758-4993 Pharetra. Ave","780019790","PGV0389721"),(156,"Tashya","Kirby","P.O. Box 943, 3743 Amet Rd.","106898141","CNB2286856"),(157,"Irma","Henderson","P.O. Box 939, 9147 Tristique Road","668894678","SWL0789896"),(158,"Lance","Hess","P.O. Box 859, 8363 Et Rd.","059183160","GME7696298"),(159,"Ferdinand","Stafford","481-5161 Montes, Road","428033906","RRL8736199"),(160,"Chastity","Santiago","P.O. Box 940, 1950 Non Av.","600824734","QYA0220853"),(161,"Allegra","Burton","Ap #504-2538 Mauris Street","994124618","KQV0174101"),(162,"Carissa","Nichols","9616 At Rd.","047532452","WZG4134229"),(163,"Price","Dixon","P.O. Box 772, 3673 Morbi Rd.","757988811","UJV3064536"),(164,"Ralph","Estrada","Ap #811-1103 Felis Avenue","803430503","WRF3836395"),(165,"Shay","Matthews","Ap #266-6360 Mi Road","013410162","IIS9876241"),(166,"Marcia","Frost","P.O. Box 848, 3994 Donec Av.","777090978","ABX1943612"),(167,"Ezekiel","Guthrie","Ap #964-8115 Amet Ave","429969587","CMU1256433"),(168,"Casey","Lynch","5970 Proin Road","993460690","SVS1909214"),(169,"Kessie","Tillman","Ap #276-7419 Et, Av.","487701765","UQF6408226"),(170,"Boris","Potter","471-1099 Orci St.","506220896","VNF6871591"),(171,"Faith","Bird","1996 Nunc St.","479116352","BZG8866692"),(172,"Perry","Parsons","835-8288 Litora Ave","768989048","UFC2473654"),(173,"Mohammad","Melendez","474-9106 Et, Rd.","739516045","PAI3641457"),(174,"Belle","Oliver","P.O. Box 821, 1511 In Rd.","596234062","AAI4570821"),(175,"Jermaine","Brennan","811-7692 Convallis Road","487876765","GVR7452369"),(176,"Kenyon","Decker","1212 Lectus Street","531349595","DAH0744191"),(177,"Anika","Long","130-9666 Elit, Street","160915666","KHE3733889"),(178,"Quinn","Hawkins","408-3102 Odio Ave","603173055","BUL7521604"),(179,"Natalie","Maynard","P.O. Box 619, 4882 Morbi St.","559138482","PFN6085736"),(180,"TaShya","Wood","2468 Phasellus St.","332387190","XTT1963746"),(181,"Hall","French","534-5511 Tellus. St.","920788627","NJX8293166"),(182,"Slade","Cervantes","Ap #412-3015 Praesent Rd.","556578656","QEB5339151"),(183,"Emerald","Orr","5568 Ante. Road","932892094","PED9173242"),(184,"Isabelle","Keller","P.O. Box 492, 4624 Netus Rd.","804799823","KRK1603233"),(185,"Jescie","Mathis","Ap #752-5972 Ut, Street","838877108","IWB3863852"),(186,"Karina","Crosby","6261 Egestas Rd.","222850117","SKU4611685"),(187,"Regan","Barry","8814 Urna. St.","928661172","KDD0124620"),(188,"Claudia","Dunn","5950 Mattis Av.","208305920","NVR7145921"),(189,"Diana","Pacheco","888 Maecenas Road","552882474","ABA8640153"),(190,"Wing","Cleveland","Ap #572-9866 Diam Rd.","508949278","IVJ1355248"),(191,"Nora","Goff","Ap #639-2452 Erat. Rd.","174106393","AUC0312058"),(192,"Carl","Boone","Ap #770-6417 Adipiscing Road","277949400","UQH6000774"),(193,"Tara","Ferrell","Ap #989-8025 Arcu. Road","116548793","JGZ0447280"),(194,"Grant","Lee","Ap #900-6582 Malesuada Avenue","168587848","XGH7700380"),(195,"Ray","Warner","P.O. Box 460, 4101 Semper Ave","512987330","EPG2344944"),(196,"Delilah","Blair","340-5651 Donec St.","547143404","FPH3331570"),(197,"Amos","Fitzgerald","4603 Eleifend Street","592913701","VIM9504001"),(198,"Craig","Armstrong","P.O. Box 402, 7765 Vitae, Road","171305451","YGZ2808982"),(199,"Rosalyn","Riley","5899 Pharetra St.","402954283","VDG5809483"),(200,"Nero","Nelson","9587 Amet, St.","478989163","KDC3340962");
INSERT INTO Osoba (Id,Imie,Nazwisko,Adres,NumerTelefonu,NrDowodu) VALUES (201,"Medge","Wynn","P.O. Box 918, 1334 Nunc Avenue","461434284","CLN2254071"),(202,"Lance","Holland","496-766 Diam Ave","158545012","VPY3705274"),(203,"Sage","Gutierrez","P.O. Box 793, 2693 Per St.","766340665","VFS8609112"),(204,"Laith","Maldonado","251-4394 Pretium Avenue","690040662","ZZY7200046"),(205,"Tara","Gilbert","1674 Dolor St.","655395887","QUF1758566"),(206,"Dillon","Cobb","568-1702 Eu, Street","071170278","AUO2917417"),(207,"Rogan","Acosta","2630 Nisi Road","362077141","EJS2901415"),(208,"Reese","Wilson","608-2522 At, Rd.","370396780","QAD1758070"),(209,"Briar","Hardin","395-6199 Tellus. St.","159344308","MRF5820140"),(210,"Shad","Schmidt","114-1115 Eros Rd.","538108234","YNW7412241"),(211,"Shelby","Pennington","Ap #690-9710 Ac St.","434274874","SPG4854836"),(212,"Whoopi","Ramos","P.O. Box 906, 9059 Dolor Road","634433833","RUA3009774"),(213,"Rashad","Reed","Ap #421-2682 Eu Avenue","283078491","YXM6125229"),(214,"Yardley","Beck","P.O. Box 233, 8862 Neque. St.","806934154","HLJ9665857"),(215,"Amery","Newman","8123 Elit Ave","111890042","XLN1096236"),(216,"Basil","Olson","P.O. Box 661, 2459 Convallis Rd.","101414050","JGD9492207"),(217,"Zachary","Rodriguez","Ap #116-5494 Sed St.","492228408","DIJ8046952"),(218,"Tate","Alford","603-3484 Bibendum Avenue","161299839","HGC5376310"),(219,"Calvin","Lamb","P.O. Box 238, 8598 Nisi Rd.","115834400","PVA5955010"),(220,"Ciaran","Glass","9881 Vehicula Road","389943499","JNA8895352"),(221,"Shaine","Mcdonald","Ap #394-5319 Nunc St.","661927491","FOL8301116"),(222,"Noelani","Ward","P.O. Box 648, 8700 Pulvinar St.","903258705","VLZ6874128"),(223,"Gloria","Mueller","590-9761 Per Rd.","535370035","WKP0095004"),(224,"Kuame","Barrera","P.O. Box 684, 8968 Pede. Av.","001766534","HGU6894722"),(225,"Rina","Fox","2443 Eget St.","047873237","EDJ6467244"),(226,"Warren","Gallegos","130-6512 Maecenas Ave","933098931","KZV4820779"),(227,"Stacey","Donaldson","728-2439 Lectus Rd.","319846663","EIF6397821"),(228,"Sybil","Witt","Ap #466-2064 Non, Rd.","204426878","UOK6389054"),(229,"Uriah","Swanson","Ap #912-1195 Non St.","359206612","QXG7987715"),(230,"Jordan","Pollard","Ap #126-9367 Id, Rd.","233033372","FLK6511896"),(231,"Camille","Carpenter","3185 Tortor, Avenue","379078496","OFF3985591"),(232,"Martha","Lancaster","Ap #874-6624 Magna. St.","932558315","LXJ5066748"),(233,"Meredith","Walsh","4113 Donec Rd.","129277158","FZL1478284"),(234,"Quin","Nixon","8218 Proin Street","715096319","UNV0725042"),(235,"Zeph","Murray","4521 Aliquam Rd.","528653173","NLG3923640"),(236,"Adrian","Orr","424-3589 Sapien, Rd.","534980859","ITA4241688"),(237,"Kareem","Heath","P.O. Box 988, 6365 Ligula Rd.","618522510","END0117018"),(238,"Luke","Hahn","723-9731 In Rd.","721894236","FVV5742050"),(239,"Kermit","Gilliam","178-1156 Purus Road","133030114","MPQ1081487"),(240,"Freya","Whitney","Ap #845-5403 Sodales Street","858327323","ITB3437729"),(241,"Jemima","Cherry","Ap #898-4267 Nam Street","433754736","NOL2102112"),(242,"Celeste","Sims","Ap #672-7652 Ut Rd.","590561189","PZN7253009"),(243,"Uriah","Case","Ap #749-927 Curabitur Ave","846526697","IMU9429378"),(244,"Isaac","Schneider","5256 Adipiscing Rd.","987638806","DEC0990778"),(245,"Martina","Caldwell","3025 Tortor. Ave","307175794","XVF5546950"),(246,"Penelope","Best","5104 Sed Rd.","437415417","VID8772770"),(247,"Athena","Buckner","P.O. Box 787, 4674 Nostra, Street","573325875","QVC4424986"),(248,"Graiden","Decker","P.O. Box 784, 4578 Duis St.","633958376","AVN1447637"),(249,"Shelley","Barron","290-846 Mi Ave","644973448","WYG2289383"),(250,"Silas","Shelton","Ap #532-3085 Blandit Ave","334878576","RHL3513650"),(251,"Maile","Pate","Ap #532-2425 Duis Av.","770917482","JHA9972421"),(252,"Allistair","Kelly","P.O. Box 719, 3124 Augue. Avenue","878577121","FMM8579203"),(253,"Tarik","Hahn","7905 Imperdiet Ave","111981650","GTL4240036"),(254,"Sharon","Mcpherson","605-4874 Mauris St.","078303641","OXT6118603"),(255,"Dana","Rhodes","361-1653 Et Avenue","109165068","SOX2625624"),(256,"Martha","Bell","P.O. Box 940, 2803 Bibendum Street","618874689","TRY4222126"),(257,"Maisie","Waters","441-4611 Est St.","540950920","OOI8619129"),(258,"Graiden","Manning","Ap #993-2238 Felis Avenue","706186822","ENP6215871"),(259,"Sybil","Campbell","P.O. Box 819, 4599 Commodo Road","124487885","MUD2423431"),(260,"Martena","Ford","610-2442 Morbi St.","732137120","CJM7890579"),(261,"Latifah","Ortiz","735-8694 Nulla Av.","780363081","UJB6376278"),(262,"Charde","Bradley","3523 Pharetra Av.","654207828","AIZ5837646"),(263,"Riley","Potts","Ap #402-2794 Sed Rd.","750905416","WWW8398031"),(264,"Sonya","Noel","P.O. Box 356, 9413 Dui, Street","858935133","VMU5219762"),(265,"September","Watts","P.O. Box 525, 8465 Nullam Rd.","480252576","ANF6192598"),(266,"Preston","Stevens","Ap #425-2400 Lorem, St.","327114013","EML6179837"),(267,"Eugenia","Mcdaniel","1712 Placerat. St.","504470246","GZM6215452"),(268,"Steel","Pearson","Ap #646-9091 Dui. Av.","392013124","ZVU2885996"),(269,"Warren","Ayers","P.O. Box 110, 3906 Rutrum Street","899101364","YVR2562587"),(270,"Rafael","Camacho","P.O. Box 192, 8193 Nam St.","669266512","YJZ7660184"),(271,"Evangeline","Sawyer","P.O. Box 503, 4142 Metus Street","936230267","FBG4342422"),(272,"Andrew","Edwards","Ap #185-6728 Nisi. St.","504886524","GEJ0537408"),(273,"Nicholas","Foley","Ap #119-4677 Maecenas St.","334569795","LPX0316471"),(274,"Cade","Kaufman","7786 A Rd.","433810116","LQH6875338"),(275,"Jescie","Brewer","683-5127 Nisl Rd.","115253700","CJZ9441488"),(276,"Cruz","Schultz","5112 Quam Av.","674863113","TKR2576452"),(277,"Nerea","Hayes","P.O. Box 274, 9768 Consequat Road","562698738","NJW1564529"),(278,"Chase","Williamson","P.O. Box 322, 402 Nunc Street","135039477","QMW8336072"),(279,"Delilah","Mcclain","P.O. Box 446, 7300 Parturient St.","821787751","BSZ0214530"),(280,"Emerson","Olsen","P.O. Box 342, 5354 Penatibus Rd.","293089827","NKO6403366"),(281,"Quemby","Dodson","Ap #931-4709 Nunc St.","183578574","VVK5740253"),(282,"Heather","Navarro","557-7753 Suspendisse St.","052197159","JGJ7246938"),(283,"Xanthus","Byers","6648 Enim St.","773458732","WLK7812385"),(284,"Freya","Martinez","875-8501 Et St.","879053650","IBV7259844"),(285,"Thomas","Keith","P.O. Box 560, 693 Leo. Ave","049737745","NDF6626038"),(286,"Jada","Floyd","1508 Turpis. Avenue","519079768","FMP8668011"),(287,"Unity","Mcknight","9618 Gravida St.","958761512","SMW6712791"),(288,"Ariel","Richardson","4414 Donec Road","162651152","DET9999500"),(289,"Willow","Barlow","P.O. Box 969, 8470 Suspendisse Av.","347178394","SBM5991539"),(290,"Dahlia","Cervantes","862-3202 Sed Ave","283072452","QJZ6754627"),(291,"Macey","Noble","6897 Luctus Ave","413843228","YIJ5373854"),(292,"Nerea","Harper","Ap #927-2669 Maecenas Av.","602142168","WHX5242991"),(293,"Kaden","Delacruz","7035 Fringilla, Ave","078442886","NNZ6130078"),(294,"Mercedes","Emerson","Ap #123-2705 Eu Road","801525239","YZZ7431605"),(295,"Phelan","Rollins","806-8294 Pellentesque Av.","420620700","MCF2005315"),(296,"Zenaida","Dennis","P.O. Box 838, 8814 Est. Avenue","589453646","RKI6361468"),(297,"Nicholas","Park","P.O. Box 686, 1673 Blandit Av.","331935023","TGV6766485"),(298,"Inga","Mclaughlin","Ap #482-2112 Ornare, Av.","389011321","UKC3936538"),(299,"Dillon","Deleon","P.O. Box 556, 2834 Vitae, Ave","363580127","ECK0000695"),(300,"Alma","Massey","301-3576 Arcu. Av.","501807184","AEY8486725");
INSERT INTO Osoba (Id,Imie,Nazwisko,Adres,NumerTelefonu,NrDowodu) VALUES (301,"Wang","Calhoun","714-8164 Dolor Rd.","162411516","GXG7598215"),(302,"Gil","Larsen","P.O. Box 888, 3124 Cursus. Rd.","093701159","MNA9651482"),(303,"Indigo","Dale","1190 Consequat Road","833199037","IQQ2995123"),(304,"Trevor","Gay","684-1038 Accumsan Rd.","638536821","IAU2699602"),(305,"Channing","Craft","Ap #915-5499 Imperdiet, Ave","532085271","VEA1359262"),(306,"Olympia","Fox","219-820 Lacus St.","569843642","HEY7651041"),(307,"Kane","Powers","2485 Ante. Rd.","025471962","BLZ6199038"),(308,"Tiger","Dunn","649 Vitae Rd.","064495211","EUW2188045"),(309,"Leilani","Shelton","P.O. Box 381, 8127 Non, Rd.","932427446","EHH4970747"),(310,"Jordan","Sawyer","9485 Vitae Road","721174316","GWP1434643"),(311,"Keefe","Hill","496-8350 Tempus Rd.","802522060","QIJ8454178"),(312,"Fleur","Petty","P.O. Box 149, 2819 Justo Ave","805250032","LWS3545617"),(313,"Hall","Raymond","2819 Curae; St.","021798426","QLQ8634353"),(314,"Ursula","Summers","Ap #863-3204 Lectus Avenue","809480510","PDD1462281"),(315,"Marsden","Murray","P.O. Box 251, 6166 Odio. St.","209273242","MMM0031456"),(316,"Amelia","Olson","P.O. Box 863, 3099 Feugiat St.","809761356","CUW5880116"),(317,"Patricia","Peck","P.O. Box 679, 7677 Aenean St.","582713129","WSJ0138890"),(318,"Patricia","Best","989-1207 Magna. Rd.","764248787","FRS5094872"),(319,"Kendall","Stephenson","727-2988 Ut Road","106125008","HUE9376835"),(320,"Hayfa","Harmon","374-4328 Dui. Av.","838733301","AVQ8974861"),(321,"Abel","Dorsey","7719 Morbi St.","058885187","XKS9966590"),(322,"Octavia","Dillard","167-4462 Ullamcorper. St.","993716026","HPG5592827"),(323,"Hanae","Joseph","Ap #717-2119 Ad Avenue","133900357","JAQ9389614"),(324,"Christine","Shaw","P.O. Box 999, 5448 A Ave","536686215","FXI6854580"),(325,"Jackson","Burt","357 Donec Road","536849706","AFU6204159"),(326,"Abel","Petersen","P.O. Box 918, 1996 Eget, Road","688978725","JOR2101001"),(327,"Gwendolyn","Beach","758-4686 Curabitur St.","279898548","WJN4821773"),(328,"Brielle","Russo","P.O. Box 938, 330 Nec Ave","090179474","DPP9342259"),(329,"Baxter","Duke","Ap #803-1549 Egestas. Av.","181281833","GCQ9379614"),(330,"Rooney","Coleman","P.O. Box 168, 7604 Sem, Road","238497853","SLO6956409"),(331,"Gannon","Everett","Ap #764-923 Amet, Rd.","814487310","NFG0634152"),(332,"Joy","Serrano","8236 Ipsum Avenue","819639584","OLS1008292"),(333,"Kaitlin","Mack","Ap #323-4744 Et Street","775564537","UPO6281414"),(334,"Madison","Crosby","P.O. Box 348, 9782 Dolor. St.","312196538","ASL5116636"),(335,"Lani","Ray","Ap #741-1489 Dolor Ave","563385418","ZWE6211943"),(336,"Michael","Mueller","P.O. Box 164, 2646 Mi. Rd.","943754093","BZY2120083"),(337,"Devin","Vang","Ap #684-4361 Orci Avenue","181700683","DXL0832277"),(338,"Kyra","May","P.O. Box 709, 5957 Praesent St.","271131203","MSD3442211"),(339,"Hollee","Bray","8657 Purus. Rd.","684430614","WOD3125433"),(340,"Sloane","Vang","Ap #504-1097 Curabitur Ave","698403144","AAR6633836"),(341,"Darrel","Wyatt","767-6304 Proin St.","145899811","ULZ4188138"),(342,"Hedley","Perry","P.O. Box 490, 8583 Velit Street","327304770","MNE3151136"),(343,"Colleen","Delacruz","Ap #748-8053 Quis, Road","538943176","MZF0090383"),(344,"Nichole","Wallace","704-6243 Ultrices St.","639000967","EWJ1349191"),(345,"Ivory","Johns","Ap #724-4927 Imperdiet Rd.","187381082","PYP9522046"),(346,"Quamar","Barrera","3738 Blandit Ave","217554971","SOD1141264"),(347,"Melinda","George","P.O. Box 144, 8840 Penatibus St.","119373355","OUF1491153"),(348,"Benjamin","Boyle","949-7453 Turpis St.","769036252","KFN7113374"),(349,"Alexa","Duke","Ap #130-4913 Ad Ave","898034988","UWT1028799"),(350,"Shelby","Wise","P.O. Box 599, 9646 Nulla. Rd.","456722891","HMD8759548"),(351,"Vaughan","Carey","P.O. Box 689, 6334 Orci Road","392259834","ZTY8885914"),(352,"Yoko","Mccray","3621 In Rd.","559023031","RHW6095924"),(353,"Sybil","Blanchard","Ap #938-1281 Donec St.","899440861","MKM4787428"),(354,"Ifeoma","Burris","412-1170 Proin St.","166983791","STI0328404"),(355,"Yen","Shields","P.O. Box 193, 9837 Orci Street","721153351","ZTB4444520"),(356,"Wanda","Massey","P.O. Box 704, 2241 Curabitur Rd.","724661871","NNY7182962"),(357,"Asher","Peck","4977 Mus. Avenue","781536172","OYE9903320"),(358,"Abra","Foreman","Ap #704-5382 Augue Avenue","766682595","MGU1229188"),(359,"Preston","Rutledge","P.O. Box 633, 4076 Arcu. Street","171914583","WPX4601990"),(360,"MacKensie","Campbell","810-761 Arcu Rd.","088021282","XRS7604843"),(361,"Porter","Middleton","P.O. Box 159, 6289 Nec Street","992785964","QOL9184028"),(362,"Nola","Landry","149-7600 Mus. Rd.","704101138","JID4363634"),(363,"Cassidy","Harrison","Ap #531-8251 Magna Rd.","285600193","TPG3403190"),(364,"Roanna","Glass","Ap #739-1330 Purus, Rd.","225056738","ZWR5033546"),(365,"Tiger","Knapp","P.O. Box 769, 3594 Tellus, Ave","012509493","DHT4487482"),(366,"Wade","Flowers","P.O. Box 273, 2845 Nunc Avenue","040656910","FCC2259105"),(367,"Madaline","Downs","6703 Adipiscing Street","673166849","GWA5078465"),(368,"Violet","Velasquez","223-6544 Nunc St.","356423640","QLS1403977"),(369,"Peter","Calhoun","P.O. Box 564, 9970 Tincidunt Av.","158982736","TFC6094845"),(370,"Irene","Hamilton","P.O. Box 348, 8282 Enim. Ave","864406459","BOW1808584"),(371,"Ainsley","Ortega","411-5193 Orci St.","374697290","QCH2055209"),(372,"Libby","Collier","785-7493 Diam. Av.","816336986","KSG8524062"),(373,"Melinda","Warner","892-2481 Facilisis Road","417096856","YDU1951166"),(374,"Sebastian","Ewing","Ap #394-9634 Curabitur Rd.","013653605","EOS6281324"),(375,"Paul","Molina","Ap #317-7822 Vel, Rd.","913217865","ZHT6213731"),(376,"Noelani","Munoz","Ap #385-8000 Enim. Av.","365198829","UTK9270867"),(377,"Hashim","Chang","P.O. Box 938, 8822 Ligula. Road","087467817","VRV3392458"),(378,"Carolyn","Ryan","P.O. Box 106, 9657 Blandit Road","648117372","ABW9201807"),(379,"Cecilia","Curry","Ap #878-3654 Feugiat. St.","708462197","CFW3674319"),(380,"Quincy","Pope","P.O. Box 277, 7340 At, Road","756348355","ABR5930613"),(381,"Francesca","Bright","8727 Interdum Rd.","342006046","MKU2177357"),(382,"Honorato","Villarreal","1585 Enim. Rd.","522181767","UTQ1712839"),(383,"Michael","Melendez","Ap #570-1780 Euismod Street","655223030","FUD7873562"),(384,"Keiko","Fuentes","Ap #506-2563 Eros Rd.","786758235","GVN9823715"),(385,"Judah","Fox","351-7953 Donec Rd.","104047659","WIH5285582"),(386,"Erich","Bird","426-4255 Dui. Ave","564021251","AJH0725970"),(387,"Penelope","Britt","2850 Et, Road","086349909","VES2505233"),(388,"Jonas","Odom","804-1893 Ut Rd.","820557809","FPC9805738"),(389,"Daphne","Mckenzie","879-1974 Pellentesque St.","994744688","TRU4050878"),(390,"Amity","Perry","Ap #787-9726 Gravida St.","778122127","NYM6891763"),(391,"Aristotle","Golden","908-7700 Semper Rd.","281537126","PGV6200967"),(392,"Sasha","Kramer","Ap #644-6318 Luctus Ave","747109981","YMZ6315541"),(393,"Susan","Burch","Ap #376-8565 Egestas. Rd.","813046109","RCZ5056939"),(394,"Kaseem","Montoya","797-8336 Tristique St.","473381341","LJH5102585"),(395,"Todd","Cooley","4199 Ridiculus Rd.","085653103","VHJ7686384"),(396,"Sybill","Sims","5788 Velit Rd.","205051568","LSB8416670"),(397,"Wyatt","Roberts","284-8431 Aliquam St.","094709557","CBK4856215"),(398,"Ima","Owens","4701 Orci St.","202111274","XWO1947941"),(399,"Gavin","Finley","P.O. Box 231, 629 Auctor St.","087533873","LHG0700164"),(400,"Pandora","Hardin","Ap #227-262 Ipsum Street","855829024","DOD3308932");
INSERT INTO Osoba (Id,Imie,Nazwisko,Adres,NumerTelefonu,NrDowodu) VALUES (401,"Indigo","Kirk","P.O. Box 206, 4639 Risus. Rd.","624358230","HUW0392288"),(402,"Maggy","Page","P.O. Box 832, 3891 Vel Rd.","447710443","HXA9165169"),(403,"Winifred","Dudley","Ap #928-358 Consectetuer St.","312021934","MJK7464520"),(404,"Troy","Sweeney","873 Aenean St.","852889237","UVX8791170"),(405,"Adrian","Rice","P.O. Box 683, 4908 Et Rd.","380032508","VGF4716520"),(406,"Cairo","Lambert","Ap #332-3411 Proin St.","880711007","LTO4991241"),(407,"Delilah","Mccarthy","P.O. Box 697, 468 Enim Ave","284385911","VJZ7636152"),(408,"Nell","Huffman","P.O. Box 696, 8241 Enim Road","327287330","DVW7084757"),(409,"Karina","Henson","3107 Enim. Street","474840469","XRK0848794"),(410,"Raja","Gaines","P.O. Box 686, 1268 Consectetuer Av.","174173997","RII3275223"),(411,"Lydia","Farley","Ap #779-917 Cras Rd.","970065884","QSA4813539"),(412,"Vera","Glover","Ap #151-2820 Consectetuer Rd.","052038635","NHR2582840"),(413,"Jack","Camacho","2564 Egestas Ave","186681169","TLP4644501"),(414,"Mona","Smith","3608 Nascetur St.","405582362","ENN9578655"),(415,"Germaine","Finley","Ap #661-1392 Vestibulum Rd.","540430709","JBU1565135"),(416,"Honorato","Maynard","Ap #530-1468 Molestie. Rd.","175546225","XFQ0853951"),(417,"Ayanna","Cummings","912 In St.","971882170","VWP9904558"),(418,"Ahmed","Farmer","P.O. Box 522, 3492 Tempus St.","136549946","IQH5779247"),(419,"Keelie","Flowers","P.O. Box 520, 8256 Ornare St.","053643029","YQI5144001"),(420,"Gisela","Sexton","131-6411 Molestie Avenue","425011277","OAA2028975"),(421,"Cassandra","Anthony","3788 Vitae, Rd.","124217043","TWG6866685"),(422,"Ivy","Bryant","7092 Justo Avenue","002211704","JUN8904689"),(423,"Kato","Zimmerman","906-940 Ut Rd.","151947983","YQA6583435"),(424,"Quin","Sutton","Ap #656-8215 Ut, Rd.","939587853","CMR2876075"),(425,"Joy","Lewis","188-4458 Sed Av.","831966437","YRG7284940"),(426,"Shannon","Bender","Ap #781-5400 Libero. Rd.","772237475","KHC0892320"),(427,"Shelly","Nelson","1889 Morbi St.","702902628","DDC5975959"),(428,"Nathan","Mckenzie","P.O. Box 903, 8126 Non Rd.","819258070","JYM2420720"),(429,"Garth","Miles","P.O. Box 396, 7615 Nunc. Avenue","740427158","FJT8350731"),(430,"Roanna","Warren","Ap #751-2777 Sem St.","534916358","YHN6611805"),(431,"Nelle","Summers","733-376 Felis. Ave","523384576","NNR5805099"),(432,"Leilani","Castillo","3892 Imperdiet Rd.","026554691","DHS6416116"),(433,"Neil","Gilbert","1096 Non, Avenue","910430156","MPS9032863"),(434,"Angelica","Parker","P.O. Box 511, 449 Quisque Road","602238230","LOB8646893"),(435,"Brynn","Stephenson","P.O. Box 881, 3552 Mi Ave","596704189","GZI4986401"),(436,"Penelope","Woods","6673 Etiam Avenue","499584167","RCZ8918966"),(437,"Whoopi","Abbott","P.O. Box 457, 226 Nec, Road","928448257","EBR5904890"),(438,"Xyla","Stuart","Ap #380-349 Aliquam Rd.","971304571","YUU5564573"),(439,"Kameko","Hendrix","3755 Id, Street","670601061","GUE1136303"),(440,"Ivor","Mcintosh","P.O. Box 462, 9074 Et Rd.","898011614","SDN4803100"),(441,"Conan","Bishop","8999 Massa. Av.","850661356","NHH1164592"),(442,"Colin","Newton","P.O. Box 997, 5234 Bibendum. Rd.","064550908","PLK5098374"),(443,"Erica","Larson","3796 Lectus. Ave","812871499","CYV1760201"),(444,"Kadeem","Colon","Ap #430-814 Sit Rd.","264667403","SUG3120261"),(445,"Rudyard","Foley","2958 Eu St.","141629576","BWT9683926"),(446,"Lucas","Brooks","4698 Sem St.","592378699","HAE0264684"),(447,"Nadine","Sparks","8570 Integer Rd.","468789391","HVT2064333"),(448,"Jescie","Guzman","200-277 Nibh St.","210414850","QJV1841939"),(449,"Ishmael","Haynes","1824 Cursus. St.","506179969","XFP6856326"),(450,"Charity","Waller","3541 Sed Rd.","133099010","EBQ2659545"),(451,"Tamekah","Watts","1609 Suspendisse Rd.","921018594","ONI7816615"),(452,"Urielle","Nixon","855-1856 Mollis Street","764003471","UPD4670144"),(453,"Kaseem","Combs","784-1436 Faucibus Ave","944722149","XJB0388680"),(454,"Edan","Petersen","696-5696 Eu, Street","667245005","IEJ5331958"),(455,"John","Holcomb","Ap #940-621 Non Av.","326348414","KKH1772482"),(456,"Jeremy","Lowe","P.O. Box 994, 8749 Eu Avenue","038319927","SCB5060871"),(457,"Jordan","Donovan","387-2180 Metus Rd.","986301414","USB1159276"),(458,"Velma","Castillo","P.O. Box 421, 548 Tellus. Av.","439126434","GIE5147657"),(459,"Risa","Roman","P.O. Box 223, 1482 Non, St.","323385054","EPY9675164"),(460,"Erica","Cooke","P.O. Box 758, 9643 Praesent Ave","697678431","YQO5716758"),(461,"Ignacia","Battle","900-6490 Venenatis Street","700760713","HRT7653332"),(462,"Daryl","Mckee","4823 Amet Rd.","154725626","NSN7552385"),(463,"Castor","Huffman","Ap #581-2462 Tristique Rd.","531657856","CKR0431560"),(464,"Orlando","Wynn","Ap #544-7614 Condimentum Rd.","490419843","LQP1493973"),(465,"Guy","Nash","Ap #265-1717 Enim. Street","619418056","VGL5381949"),(466,"Chandler","Thompson","P.O. Box 980, 2406 Vel Street","427806138","GSL5932631"),(467,"Timothy","Butler","933-5808 Eu Street","468666029","TTU2674738"),(468,"Fay","Marsh","905 Mauris St.","794964304","TEY0710133"),(469,"Keith","Hahn","P.O. Box 575, 790 Gravida St.","352065106","UGD1964120"),(470,"Margaret","Maxwell","P.O. Box 114, 2157 Et Rd.","757665666","RNN7461080"),(471,"Gil","Norris","P.O. Box 232, 8172 Condimentum St.","317526556","KQH7484349"),(472,"Kerry","Terrell","590-3478 Eget Avenue","158001024","SKU5442098"),(473,"Chanda","Landry","6895 Nulla Avenue","785194341","JCJ4640412"),(474,"Shelley","Ramsey","196-5152 Commodo Road","450761101","GNX9975914"),(475,"Kaden","Kane","1516 Diam Avenue","736655218","MHG2458545"),(476,"Halla","Berger","3227 Varius. St.","257993048","AKV3163464"),(477,"Norman","Duran","Ap #672-5021 Eu, St.","843046731","GUD2881749"),(478,"Vanna","Mckenzie","Ap #318-1789 Mauris Avenue","372511048","WIE7570751"),(479,"Raja","Gordon","Ap #433-9812 Fermentum St.","619840721","UOB0039301"),(480,"Dara","Reilly","P.O. Box 866, 7590 Cras Road","373085976","JSP4051323"),(481,"Sheila","Moss","Ap #773-1338 Semper St.","227639523","AJT7021229"),(482,"Nerea","Bass","Ap #450-7543 Aliquam Road","100053859","EDF5497198"),(483,"Carolyn","Acosta","899-2229 Dictum Rd.","179585906","PYY0926962"),(484,"Carlos","Sweeney","P.O. Box 718, 676 At, St.","717428767","PXY3218035"),(485,"Bertha","Figueroa","Ap #194-4198 Fusce Ave","128076510","KVA1163328"),(486,"Bertha","Webb","Ap #235-1446 Quis, St.","434178539","BHA5070607"),(487,"Genevieve","Bauer","Ap #931-8655 Cras Av.","897602322","SHD6971853"),(488,"Ali","Miles","573 Aliquam Avenue","502926447","DLO3895240"),(489,"Giselle","Velasquez","Ap #226-2586 Augue Avenue","249281528","XOD7406712"),(490,"Victor","Snow","213-8933 Aliquet Rd.","820804946","DVF0045197"),(491,"Bo","Ramirez","P.O. Box 105, 3783 Commodo Avenue","882452006","FRN1019810"),(492,"Madeson","Church","Ap #398-5066 Vel St.","409635125","XNN4445876"),(493,"Hall","Kennedy","P.O. Box 186, 2659 Et Av.","182057307","CDN5204901"),(494,"Sydney","Conrad","595-645 Cras Rd.","955212659","ZQG7744700"),(495,"Colton","Barber","Ap #529-940 Lobortis. Road","088254636","YAC9116269"),(496,"Kelly","Barnett","988-8950 Nulla Avenue","277040127","HSD7435220"),(497,"Dai","Arnold","506-7027 Neque. Street","584950778","GKS0598234"),(498,"Caldwell","Mcknight","P.O. Box 722, 3609 Mi Av.","002085173","OTR4290869"),(499,"Nomlanga","Vinson","2980 Lacus. Ave","196196984","LVQ9853114"),(500,"Gary","Poole","151-8482 Tincidunt Rd.","768386013","KAX9970244");
INSERT INTO Osoba (Id,Imie,Nazwisko,Adres,NumerTelefonu,NrDowodu) VALUES (501,"Shannon","Lindsay","Ap #726-6284 Imperdiet St.","881464168","EHP8240836"),(502,"Dai","Guerra","P.O. Box 826, 3972 At Avenue","254839616","NHT9611800"),(503,"Sybill","Barlow","512-8909 Rhoncus Avenue","160485694","EVE7793866"),(504,"Haley","Knox","Ap #798-8504 A, Street","816588305","LVU0430450"),(505,"Rhiannon","Wilcox","P.O. Box 494, 6541 Laoreet Street","475910550","DIY2863927"),(506,"Adria","Church","877-2041 Aenean Street","579099276","HCD0401234"),(507,"Oprah","Buchanan","P.O. Box 438, 7805 Luctus Ave","998930085","OLS6362520"),(508,"Tanya","Tucker","Ap #654-1925 Semper St.","218739811","UHG4325566"),(509,"Marsden","Peterson","P.O. Box 570, 568 Etiam Street","929503381","QHL3919336"),(510,"Ivan","Walton","7360 Diam Street","142608090","TBB5050288"),(511,"Beverly","Ramsey","P.O. Box 870, 7234 Sit St.","649219797","LIK0730843"),(512,"Briar","Moore","Ap #426-9553 Nunc St.","920223690","LKP8920712"),(513,"Liberty","Hess","2181 Vitae, Av.","865036743","HUI1501599"),(514,"Basil","Miller","P.O. Box 352, 6011 Vitae Av.","423005941","ZIL7989318"),(515,"Owen","Clay","1817 Ante Rd.","097215339","YXA8715308"),(516,"Nora","Holder","4412 Sed Street","605775345","VLV7776897"),(517,"Samuel","Nixon","P.O. Box 426, 5115 Duis Rd.","053810859","ZXP5461940"),(518,"Autumn","Sparks","Ap #404-6389 Facilisis Ave","875680167","XTS6326159"),(519,"Gemma","Cooley","1860 Ullamcorper, Rd.","796809002","THZ0745247"),(520,"Celeste","Kirby","6281 Vel, St.","669854044","QTX9306216"),(521,"Macey","Solomon","1691 Id, Av.","077182715","MSM3908379"),(522,"Conan","Johnson","P.O. Box 349, 8015 Duis Rd.","703767681","AWE3651027"),(523,"Hedwig","Burgess","Ap #313-8885 Enim Avenue","540083607","DJP3057505"),(524,"Moana","Cooley","5801 Nunc Street","993154376","TAJ6911272"),(525,"Buckminster","Rodgers","7979 Ante Av.","386076913","VRD1740785"),(526,"Laith","Clemons","P.O. Box 656, 7193 Turpis Rd.","690989538","XCO9926846"),(527,"Buckminster","Warren","991 Lorem, St.","214488223","XJP0298904"),(528,"Reed","Miller","6331 Dui. St.","348920604","OXS9354989"),(529,"Hakeem","Irwin","113-2478 Hymenaeos. St.","957297039","RYA1807686"),(530,"Francesca","Cardenas","P.O. Box 755, 6222 Nibh. St.","695640367","NPZ4005367"),(531,"Lars","Pace","P.O. Box 716, 1687 Cras St.","791954423","YYI6112031"),(532,"Fulton","Davidson","P.O. Box 891, 5625 Eu Avenue","930815402","QEN7507930"),(533,"Leroy","Campos","P.O. Box 136, 5555 Magna Ave","634104269","SZL8272380"),(534,"Rylee","Morton","415-1364 Ultricies St.","816270714","SZO7527020"),(535,"Chloe","Norton","Ap #732-9030 Mollis Ave","128757234","HYV7930837"),(536,"Holmes","Adams","996-3529 Nibh Avenue","238296289","OOT0894201"),(537,"Macy","Guy","581-6202 Orci. St.","712688126","RWU2472394"),(538,"Fredericka","Parsons","308-1756 Ipsum. Rd.","935709956","OYD3299452"),(539,"Basia","Bentley","P.O. Box 912, 8175 Eleifend Road","819720699","XWX3220023"),(540,"Vaughan","Brady","Ap #904-6090 Faucibus Road","569138316","ZYV4806975"),(541,"Maia","Massey","3579 Ipsum Rd.","370258477","BCU7589487"),(542,"Yasir","Haynes","419-6764 Turpis. Avenue","229925516","BYY2161496"),(543,"Yvette","Blanchard","796-4889 A, Rd.","657404141","OQE6702768"),(544,"Fatima","Wong","Ap #350-4274 Ipsum St.","096740931","HZJ5337214"),(545,"Cherokee","Lancaster","Ap #811-1361 Augue, St.","954391330","GCL5785176"),(546,"Haviva","Schmidt","Ap #117-4763 Scelerisque Av.","625004981","UZT9000207"),(547,"Signe","Franco","P.O. Box 886, 3765 Semper Av.","050946227","DCX2182920"),(548,"Fleur","Morse","2342 Sed Av.","527540710","QZC7422777"),(549,"Jaden","Jordan","P.O. Box 791, 8527 Dui Av.","315485599","SOT8448584"),(550,"Emma","Graves","4177 Donec St.","588257436","SCR7979191"),(551,"Ryan","George","P.O. Box 178, 3652 Volutpat Rd.","256630633","YUD6458889"),(552,"Rebecca","Welch","725-1381 Felis Rd.","721363794","QQM1430317"),(553,"Hadley","Quinn","Ap #554-6583 Lacus. Avenue","665373049","GGT0677849"),(554,"Ursula","Jones","7958 Aenean Ave","431840719","VJQ2839803"),(555,"Lucius","Glenn","339-488 Venenatis Street","752283317","LHN8329720"),(556,"Tiger","Ellis","Ap #298-5004 Amet, Rd.","350271060","ECQ7972891"),(557,"Alan","Blevins","Ap #903-4486 Velit Road","681983979","QNN3312723"),(558,"Kiona","Herring","Ap #580-9509 Sem Ave","372103465","EIA9587392"),(559,"Stacey","Camacho","776-709 Aliquam St.","216110536","ZCJ6887174"),(560,"Maxwell","Mcdonald","730 Nullam St.","846804862","XJU4271621"),(561,"Melinda","Glass","P.O. Box 564, 1866 Convallis, Ave","934622614","OGY8958026"),(562,"Scarlet","Jarvis","Ap #840-712 Urna, Street","634507826","VAA7183913"),(563,"Zoe","Hendricks","P.O. Box 318, 6563 Volutpat. Rd.","183094150","GNB7462436"),(564,"Charissa","Houston","P.O. Box 669, 600 Neque. Road","124131525","QHC7370141"),(565,"Anne","Knight","312-8319 Integer Avenue","938243334","ZMA9450648"),(566,"Christen","Dyer","Ap #121-6823 Turpis. Road","771470903","FFC0692011"),(567,"Zeph","Ellison","Ap #269-3773 Sagittis. Street","040019317","OAH3863191"),(568,"Tobias","Reid","Ap #760-4525 Ultrices Av.","058771981","GUH3578005"),(569,"Mariko","Baker","7400 Interdum Rd.","621649631","QFO4418023"),(570,"Macy","Barker","P.O. Box 188, 1708 A Ave","874245384","QUH5235190"),(571,"Remedios","Marquez","7637 Nostra, Street","821125226","OPY7591774"),(572,"Jared","Mayo","P.O. Box 188, 6603 Dapibus Avenue","138017058","RZY4216007"),(573,"Jeremy","Faulkner","470 Montes, Avenue","499622090","KAL5808828"),(574,"Uriah","Fernandez","Ap #670-4708 Mattis. St.","965609662","FLN3868920"),(575,"Zahir","Parrish","P.O. Box 960, 4238 Enim. St.","804592988","HDI1761232"),(576,"Dawn","Black","548-5734 Torquent Av.","929756674","FRT5830448"),(577,"Melinda","Harris","642-1316 Libero Street","693197402","HDW0000497"),(578,"Jamalia","Welch","4995 Iaculis Avenue","088964317","JWJ0389383"),(579,"Helen","Cherry","Ap #909-5078 Ut, St.","550125678","FXJ3001322"),(580,"David","Avery","Ap #345-7205 Nulla Rd.","165355009","ZEJ3661569"),(581,"Ulysses","Robinson","3989 Auctor Street","870030079","HXD2739646"),(582,"Hadassah","Gallegos","405-2140 Pretium St.","928650209","SYY1911930"),(583,"Grace","Brown","898-591 Interdum. Road","752763904","PPQ9236176"),(584,"Quail","Farley","P.O. Box 379, 431 Scelerisque St.","693946972","FLG8743680"),(585,"Ora","Kerr","726 Rhoncus. Rd.","843751587","ICJ6498114"),(586,"Ahmed","Jarvis","2220 Libero Rd.","940568603","LXJ9637599"),(587,"Fitzgerald","Glenn","Ap #837-6877 Nisi Av.","049574320","LHR0860410"),(588,"Honorato","Petty","Ap #322-8594 Luctus Road","410307664","FYC9516680"),(589,"Brenna","Vaughn","P.O. Box 125, 8608 Posuere Rd.","226271138","OMB8622699"),(590,"Nehru","Patterson","612 Fringilla Av.","104994124","ZNR5800952"),(591,"Cathleen","Beard","311-8428 Mauris St.","392307039","SLU8680533"),(592,"Mia","Pierce","Ap #843-463 In St.","429651003","ZRE1009613"),(593,"Roth","Parrish","P.O. Box 468, 7689 Urna, Ave","065872830","OKY6630681"),(594,"Quinn","Massey","P.O. Box 995, 9613 Nibh. Rd.","054416359","USN9155117"),(595,"Barry","James","7598 Ornare, Rd.","597871706","EBI3392091"),(596,"Zephr","Mcdowell","9057 Taciti Avenue","925827057","PJU8955274"),(597,"Salvador","Duke","P.O. Box 999, 9999 Consectetuer Ave","279610695","YKZ9048849"),(598,"Slade","Marshall","3171 Congue. Road","246134365","ZMX2487767"),(599,"Ingrid","Harvey","P.O. Box 393, 4017 Turpis Av.","171927387","BDL1278763"),(600,"Maxwell","Finley","Ap #461-2316 Sollicitudin Road","661397992","VBY9863474");
INSERT INTO Osoba (Id,Imie,Nazwisko,Adres,NumerTelefonu,NrDowodu) VALUES (601,"Sylvester","Mcbride","552-1751 Justo. Rd.","297266702","PPY1387509"),(602,"Chloe","Shaw","348-7868 Enim. St.","233476795","GLX8893313"),(603,"Arsenio","Olsen","Ap #779-4180 Tellus Av.","139641484","BWM5586937"),(604,"Leandra","Wilkins","Ap #126-3426 Feugiat Avenue","458568920","CKH5954820"),(605,"Josephine","Calderon","P.O. Box 463, 6882 Non Rd.","506569854","WXF7252111"),(606,"Allistair","Wilkinson","2387 Ac, Rd.","711976381","AWT8327879"),(607,"Carlos","Benton","8816 Tellus. St.","715261467","TSS8955754"),(608,"Ross","Cox","915-940 Orci Avenue","835891532","YLI5850655"),(609,"Byron","Snyder","221-5527 Urna. Street","009977968","CCB1857514"),(610,"Lee","Cash","P.O. Box 583, 244 Praesent Ave","643410665","PKR3550574"),(611,"Serena","Park","3460 Arcu. Road","201701000","LPR2582857"),(612,"Imogene","Mayo","5159 Nisl St.","622672186","PCR3792930"),(613,"Xena","Combs","P.O. Box 606, 8252 Proin St.","565839750","MBT8829597"),(614,"Genevieve","Sparks","1414 Felis St.","196142434","TTL5329338"),(615,"Mira","Mcgowan","P.O. Box 492, 4613 Et Road","466433844","KSR5394489"),(616,"Sloane","Castaneda","5600 Sodales Av.","606038974","YOV6332659"),(617,"Xantha","Hood","7275 Enim. St.","262653629","QUV7565588"),(618,"Ahmed","Gutierrez","237 Cum St.","437719677","FJW1247138"),(619,"Glenna","Harper","P.O. Box 310, 7557 Blandit. Avenue","151633310","GKW4406676"),(620,"Deacon","Brooks","Ap #978-5341 Eleifend Av.","540043338","JJA3261940"),(621,"Aspen","Mccoy","P.O. Box 801, 7997 Ipsum Road","586400723","SPT9778409"),(622,"Macey","Mccullough","P.O. Box 535, 7653 Eu, Ave","528501067","HMS6997147"),(623,"Chancellor","Avery","Ap #343-3627 Cursus St.","966540809","YIZ8016390"),(624,"Zena","Clay","534-9894 Amet, St.","862633443","ZLU7704636"),(625,"Phelan","Lamb","P.O. Box 779, 7695 Aenean Rd.","194624565","BHT5192879"),(626,"Yardley","Workman","153-1653 Velit St.","229283460","YIQ0542472"),(627,"Serena","Garza","5060 Dolor Road","874772866","FXM3203164"),(628,"Ainsley","Oneill","Ap #105-4113 Ultricies Rd.","186386991","DTS9787582"),(629,"Garrison","Rutledge","327 Facilisis, Avenue","073952996","PFH1161500"),(630,"Mary","Carver","726-8677 Vivamus Street","714162534","TAE4544401"),(631,"Anastasia","Howard","8493 Non Rd.","805822012","AIP5459490"),(632,"Rhea","Alexander","102-4350 Orci Avenue","679930487","KUT3146366"),(633,"Joan","Day","1466 Aliquam Avenue","683146518","JXV2265975"),(634,"Zia","Vaughan","251-4415 Nascetur Ave","151208519","FLR8135464"),(635,"Zephr","Mcclure","7658 Imperdiet Ave","821605771","FKZ6366037"),(636,"Dean","Patterson","P.O. Box 966, 206 Sem. St.","148078777","JAT6948695"),(637,"Beau","Stuart","1646 Suspendisse Avenue","569745888","NKP7188344"),(638,"Blossom","Pitts","1140 Fusce St.","884602483","LZL1814210"),(639,"Sean","Kerr","1781 Suspendisse Rd.","374436913","AFN3132231"),(640,"Kasimir","Fleming","P.O. Box 547, 7929 Venenatis Av.","314169343","PBO0610296"),(641,"Florence","Pacheco","P.O. Box 865, 4738 Semper Street","919659177","RAQ2624058"),(642,"Kelsey","Joyce","493-861 Ac, Ave","152467916","KGI6342003"),(643,"Guinevere","Bean","P.O. Box 537, 103 Tempus, Road","342978046","NUC5581667"),(644,"Buffy","Marks","P.O. Box 299, 438 Amet Rd.","576488076","LLN2095093"),(645,"Rhonda","Humphrey","P.O. Box 290, 8252 Eu, Avenue","992942417","EVF7757181"),(646,"Alan","Little","P.O. Box 640, 9930 Senectus Street","171242647","BLH4653249"),(647,"Sandra","Gilbert","Ap #305-724 Magna. Av.","227499852","MAZ3456876"),(648,"Drake","Alexander","997-5402 Aliquet St.","357613645","TNV8691064"),(649,"Maryam","Cooke","374-9643 Blandit Street","384817201","EOL4369754"),(650,"Ayanna","Finley","Ap #710-9656 Orci, Street","474835006","QPG1207911"),(651,"Quintessa","Mueller","P.O. Box 715, 8748 Vestibulum Avenue","246483648","EPB6734699"),(652,"Driscoll","Torres","Ap #687-4658 Purus Ave","176935005","XQI4488340"),(653,"Hilda","Colon","P.O. Box 987, 1111 Hendrerit. Road","654759943","DBN1962307"),(654,"Quintessa","Long","Ap #892-2255 Risus St.","340151869","EWF8750919"),(655,"Nasim","Molina","P.O. Box 148, 164 Vestibulum St.","079487021","QKI2720221"),(656,"Kyle","Torres","P.O. Box 393, 4640 Arcu. Avenue","949605315","BKZ3019265"),(657,"Raven","Conrad","P.O. Box 528, 6655 Praesent Rd.","054726898","JBT4875951"),(658,"Clark","Lane","P.O. Box 272, 8379 Ornare, St.","748829207","KBQ5749098"),(659,"Kelly","Frank","9537 Libero. St.","778694935","URN1571977"),(660,"Sonya","Acosta","162-7962 Amet Rd.","636009813","ICT1053524"),(661,"Emi","Mcclain","7205 Dignissim St.","679380766","NKM8500349"),(662,"Vernon","Castillo","P.O. Box 572, 1883 Ipsum. St.","580680213","DOZ7385767"),(663,"Shoshana","Hickman","591-6270 Vulputate Street","522800218","IQO1977691"),(664,"Charlotte","Wise","Ap #466-1767 Sed Avenue","680596731","CBU0160860"),(665,"Blossom","Morales","6646 Lectus Rd.","764405445","OXF4960185"),(666,"Jolie","Leon","3956 Et Av.","504299272","IQG3075682"),(667,"Beck","Potter","641-2765 Amet St.","180039638","CBP8558886"),(668,"Amal","Madden","5938 Ornare, Ave","979564408","WSI0013689"),(669,"Sage","Franco","P.O. Box 219, 2685 Ipsum Rd.","420841959","XUV2872659"),(670,"Ishmael","Shepard","244-8263 Cum Street","949800478","OCJ6797271"),(671,"Brianna","Ayala","615-8237 Ipsum Street","965579105","QIZ6854194"),(672,"Brett","Hill","2312 Curae; Ave","087139689","AGJ6637283"),(673,"Brooke","Atkins","P.O. Box 582, 1386 Iaculis Avenue","479277873","PKP1615315"),(674,"Ciara","Preston","3104 Gravida St.","799760053","RIM1795083"),(675,"Adena","Spears","2845 Eu, Rd.","344278346","YGB9212039"),(676,"Brittany","Shepherd","P.O. Box 940, 4131 Et, St.","592057475","OAP5549762"),(677,"Raja","Ferguson","826 Urna. St.","803576081","JTN5097419"),(678,"Linda","Dominguez","Ap #740-3165 Consequat Avenue","186388831","WSH8699821"),(679,"Elmo","Campos","871-498 Lorem, Road","298541780","ULK4655607"),(680,"Griffith","Vang","717-1972 Nulla. Ave","333575140","RGR8912266"),(681,"Brody","Richardson","349 In Av.","065264723","ITY8375275"),(682,"Richard","Bond","545-8438 Curabitur Rd.","604304030","TRO3758128"),(683,"Courtney","William","Ap #310-700 Nibh St.","609890660","OAP0977539"),(684,"Willow","Powers","P.O. Box 282, 186 Pulvinar Ave","703442533","PGK0016227"),(685,"Carter","Bradshaw","Ap #967-9873 Non Ave","906145586","YOL7589462"),(686,"Ocean","Mitchell","3142 Ridiculus St.","766460968","IKK1952101"),(687,"Maxine","Mcdonald","625-8138 Sit Rd.","118740521","JDU0796677"),(688,"Keely","Johnson","P.O. Box 307, 6656 Pede Av.","547086439","TOJ4479523"),(689,"Harding","Bird","728-7130 Egestas Road","197374721","UOH7592690"),(690,"Dieter","Owens","P.O. Box 430, 8529 Integer Street","329150866","EDE8026410"),(691,"Yasir","Mann","405-108 Ac Av.","697637460","YFT4069785"),(692,"Declan","Dunlap","4925 Sapien Street","832762868","SBV9776431"),(693,"Lane","Petty","118-1790 Vel Road","478722093","ZSS5423279"),(694,"Sharon","Salazar","5651 Aliquam Rd.","239684244","QHL5221830"),(695,"Porter","Heath","194-4708 Gravida Road","716747944","BLK5603524"),(696,"Dean","Long","P.O. Box 221, 7997 Nunc. Street","267241610","SRH3723897"),(697,"Cecilia","Moss","P.O. Box 893, 4891 Vel Rd.","677728537","IIS0161367"),(698,"Grace","Adams","6765 Volutpat. Avenue","258135383","COH3853154"),(699,"Jessamine","Blair","P.O. Box 517, 8187 Ipsum Street","083524405","QGZ6136282"),(700,"Tiger","Wells","7972 Arcu St.","458678331","VNQ2868455");
INSERT INTO Osoba (Id,Imie,Nazwisko,Adres,NumerTelefonu,NrDowodu) VALUES (701,"Philip","Gutierrez","P.O. Box 304, 2688 Tempor Rd.","553869587","WAD8928388"),(702,"Callie","Branch","P.O. Box 225, 4944 Nulla Street","207219924","IIU9583464"),(703,"Eve","Walter","8187 Odio Ave","209658665","PAN1955585"),(704,"Kibo","Schmidt","Ap #521-9312 Nec St.","362464836","AHP6861428"),(705,"Kermit","Salazar","Ap #708-6049 A, Road","370408627","JNC3834513"),(706,"Dane","Henson","6130 Tellus. St.","440297448","VCU8932863"),(707,"Samantha","Vincent","P.O. Box 890, 4351 Curabitur Rd.","548716661","AGF0233907"),(708,"Patience","Patel","777-350 Vestibulum Road","756974051","SXA6697404"),(709,"John","Jarvis","840-3084 Mi St.","077001659","DHQ9095298"),(710,"Aladdin","Chapman","Ap #147-5961 Tortor, Road","831710876","JSQ2305351"),(711,"Cody","Mercer","Ap #115-7897 Ligula. Av.","174590034","MLY6683650"),(712,"Echo","Thompson","P.O. Box 927, 9211 Diam. Avenue","556576965","NFX1266517"),(713,"Ali","Booth","P.O. Box 433, 1937 Conubia Street","705847663","YKF8610325"),(714,"Graiden","Hendricks","114-167 Mauris, Avenue","746741495","HVE9129222"),(715,"Anne","Horn","663-6893 Quis Av.","090665001","DFG2543871"),(716,"Mara","Hyde","P.O. Box 186, 5711 At Street","326007275","QGS1119987"),(717,"Byron","Simmons","Ap #455-7149 Mauris Rd.","675040661","XFF9209625"),(718,"Rogan","Schwartz","P.O. Box 857, 7332 Metus. Street","418409009","QNJ0903006"),(719,"Ora","Carroll","582-6481 Dui. Street","968654152","SHU1704441"),(720,"Keegan","Wong","7225 Vel, St.","923245534","DMS2931935"),(721,"Barclay","Valdez","P.O. Box 456, 7654 Ante Av.","573232758","WDZ6976665"),(722,"Harrison","Johns","P.O. Box 781, 1780 Nec Rd.","140548140","NFK6669514"),(723,"Nina","Blake","3852 Nisi Avenue","929201911","GFU2184731"),(724,"Cally","Brennan","Ap #550-3028 Vel Ave","766306914","XUW0867208"),(725,"Theodore","Wooten","316-6889 Quis, Av.","031530215","QZV3493865"),(726,"Basia","Nunez","1375 Neque St.","100263508","KCH0744147"),(727,"Colorado","Foster","588-8675 Orci. Av.","322527367","WKT9409081"),(728,"Steven","Chavez","4911 Justo. St.","640084976","HBV2468577"),(729,"Violet","Dixon","Ap #709-301 Aliquet Ave","147463004","GQV8730724"),(730,"Octavius","Bauer","8503 Aliquet. Street","958880452","ZJI9536652"),(731,"Xerxes","Wright","P.O. Box 594, 7227 Pretium Rd.","865804611","QEB7003282"),(732,"Jena","Ochoa","P.O. Box 774, 1162 In, St.","802068221","PJQ9407213"),(733,"Alexandra","Walls","P.O. Box 305, 8615 Gravida Av.","971211156","ZTJ0991151"),(734,"Alea","Rojas","162-7489 Accumsan St.","813702339","HBS7884802"),(735,"Keefe","Nash","Ap #505-2497 Vestibulum Ave","862981313","YXU3583835"),(736,"Darrel","Leblanc","Ap #958-1853 Congue Street","998694319","RPK9134438"),(737,"Chelsea","Roman","Ap #826-8666 Eu St.","216305318","CFO8256813"),(738,"Ishmael","Clements","Ap #907-3062 Lobortis St.","210781928","YAH3711856"),(739,"Cameron","Mullins","8905 Vulputate, Street","190894717","IVW3404714"),(740,"Amela","Randall","191 Mollis St.","512523572","OOS1865479"),(741,"Jerry","Wall","Ap #330-3554 Sociis Av.","434193520","BBW3153612"),(742,"Eagan","Lowery","8024 Egestas St.","204961346","FAK9556869"),(743,"Rhea","Hartman","955-1308 Vitae Av.","875049033","IWV5316077"),(744,"Ginger","Humphrey","713-8483 Dis St.","878262310","VJD4099184"),(745,"Emery","Johnston","664-8299 Aliquam Road","471647891","UQE8809040"),(746,"Jessamine","Mitchell","1821 Sem Street","210961025","VKJ6038394"),(747,"Shay","Parks","P.O. Box 995, 4455 Mi. St.","815996905","SDL8666160"),(748,"Plato","Phelps","460-2375 Donec Ave","690624994","MHC7714458"),(749,"Jermaine","Wolf","1768 Ipsum St.","164218281","LTW6002396"),(750,"Hall","Chan","480-8294 Lectus Street","439178914","BMI6109969"),(751,"Diana","Webster","436-9720 Adipiscing Road","826842239","YTP2103203"),(752,"Brooke","Zimmerman","Ap #800-537 Rutrum. Ave","127780864","VHZ6453312"),(753,"Davis","Morales","Ap #915-8412 Diam St.","833117518","NXM3494420"),(754,"Arden","Hines","3496 Curae; Av.","607221140","UWT2319663"),(755,"Castor","Bradley","759-1715 A, St.","249453853","FEJ1717224"),(756,"Olivia","Wolf","P.O. Box 319, 9132 Scelerisque, St.","024795353","BSA6862555"),(757,"Solomon","Sharp","380-8390 Curabitur Ave","704586528","LDR4711320"),(758,"Dexter","Mcleod","P.O. Box 427, 4545 Venenatis Rd.","710880931","JGQ6997151"),(759,"Ora","Smith","P.O. Box 199, 2485 At, Av.","857986574","LIZ4940170"),(760,"Carl","Bridges","255-9380 Malesuada St.","050315233","NZE8685613"),(761,"Sharon","Patton","5058 Nibh St.","071134563","JIB5340309"),(762,"Heather","Russell","P.O. Box 834, 7218 In, Avenue","889812145","VSQ1214756"),(763,"Nash","Weiss","Ap #681-6348 Tortor Road","404132029","URE4744907"),(764,"Xyla","Drake","Ap #560-1434 Leo, Road","591193602","TOI5068556"),(765,"Shannon","Pitts","6277 Velit Ave","763119203","ONG6539634"),(766,"Colin","Sellers","Ap #581-789 Luctus St.","217638618","MGO1032941"),(767,"Chadwick","Craig","8067 Aliquet Street","751247628","QDG9930565"),(768,"Brennan","Mathis","923 Auctor Av.","931109557","SHM1405610"),(769,"Demetria","Austin","Ap #107-8108 Vitae, Av.","502487531","BZZ4376412"),(770,"Arthur","Hewitt","597-3384 Fringilla Road","655005882","PNX1080452"),(771,"Shafira","Horton","994-5453 Est St.","846416915","FBC1803966"),(772,"Nevada","Sandoval","833-9897 Urna Street","221542590","OPL5490054"),(773,"Otto","Joseph","Ap #196-1065 Dolor, St.","208085183","WVQ1667281"),(774,"Sacha","Jacobs","Ap #899-6683 Nec, St.","442590014","ANN9987726"),(775,"Elizabeth","Ochoa","P.O. Box 575, 4420 Mattis Street","625497904","NYR8022049"),(776,"Thomas","Pruitt","Ap #217-8842 Proin Rd.","237540703","VWF1406382"),(777,"Neville","Mclean","P.O. Box 194, 9362 Auctor, Rd.","879541282","BHB4885881"),(778,"Noble","Duncan","Ap #984-5574 Duis Street","329510408","VTG9327704"),(779,"Gail","Rodgers","712-2212 In Avenue","951446996","EOT3357753"),(780,"Wayne","Watkins","P.O. Box 130, 5611 Cum St.","435769401","XLU2606603"),(781,"Gil","Howard","1487 Duis Street","234995447","RYY0710231"),(782,"Steel","Barlow","P.O. Box 290, 9069 Fringilla, Rd.","793023284","NAA4068749"),(783,"Odysseus","Valdez","Ap #265-2079 Natoque Road","194581039","WRG2235262"),(784,"Stella","Vance","9790 Cursus St.","758544282","TYQ3242614"),(785,"Wallace","Espinoza","Ap #166-2954 Lacus. St.","118494046","LMA9850469"),(786,"Conan","Vinson","P.O. Box 390, 1079 Nisi Street","341962728","AVG6595296"),(787,"Lareina","Stevenson","Ap #131-8197 Nunc Rd.","243033156","HUE7433886"),(788,"Marshall","Mckenzie","9261 Tincidunt Street","199485657","SKX3503055"),(789,"Carly","Barrett","Ap #137-5020 Dui. Av.","533509659","PLB1989754"),(790,"Veronica","Knox","Ap #536-4033 Scelerisque Av.","689294981","INA6868243"),(791,"Eleanor","Lancaster","377-2216 Ultricies Road","913111779","RMV7683522"),(792,"Macaulay","Lara","P.O. Box 521, 6398 Phasellus Road","893523597","RZF3197361"),(793,"Blythe","Mckay","201-416 Nascetur Ave","531193035","FPD0043629"),(794,"Susan","Valencia","Ap #908-6323 Phasellus Road","257773853","VUR7035570"),(795,"Cadman","Barlow","334-3891 Sed Avenue","213818628","KZV4285166"),(796,"Debra","Floyd","824-5969 Et Av.","714834587","ISU2918554"),(797,"Odysseus","Ray","259-8337 Tincidunt Rd.","413280439","XOU9626177"),(798,"Justina","Cain","P.O. Box 490, 1998 Velit Road","554663609","QAA8409056"),(799,"Mariam","Contreras","9569 Adipiscing Avenue","189589377","EXR0996700"),(800,"Jenette","Hall","P.O. Box 649, 2670 Massa. St.","451327159","TYX9002497");
INSERT INTO Osoba (Id,Imie,Nazwisko,Adres,NumerTelefonu,NrDowodu) VALUES (801,"Haviva","Rocha","919-769 Fusce Ave","273932673","XQK1452045"),(802,"Tara","Nunez","2891 Lacus. Street","448132589","JEO4338681"),(803,"Avye","Fowler","Ap #830-5689 Ipsum Ave","651374498","SCJ6794555"),(804,"Orson","Lancaster","Ap #735-2357 Donec Av.","368468591","TXX0425553"),(805,"Drake","Clayton","P.O. Box 280, 1012 Faucibus Av.","974357709","CAT4647501"),(806,"Charlotte","Sexton","Ap #406-1352 Nascetur Avenue","818276651","SVC2239009"),(807,"Eric","Mcintosh","8839 Posuere Av.","530835719","GEH7137360"),(808,"Stella","Harris","1650 Volutpat. Ave","828402297","RTT4706508"),(809,"Jolene","Coleman","Ap #777-3536 Dignissim. Avenue","110952868","EGH7705545"),(810,"Clark","Buck","Ap #434-5763 Tellus Road","394225809","ART5807186"),(811,"Cairo","Summers","Ap #751-8468 Per Road","686276809","NIP5197384"),(812,"Stacey","Frye","P.O. Box 428, 5165 Commodo Street","089891980","UMP7779459"),(813,"Ulla","Rowland","Ap #145-8172 Justo Av.","723738274","NNL8326552"),(814,"Conan","Cervantes","Ap #560-6498 Lectus St.","147994255","VWM4834860"),(815,"Karina","Bell","883-1587 Sem St.","958250631","LZA1853368"),(816,"Carl","Peterson","P.O. Box 381, 7050 Duis Road","148279904","JJG4133790"),(817,"Hilel","Kerr","P.O. Box 308, 9070 Nec Avenue","419086517","BWY0306212"),(818,"Latifah","Gentry","8969 Nunc Av.","770290708","UOJ5193951"),(819,"Montana","Mcclain","Ap #269-2107 Curabitur Road","078316544","CSH5581122"),(820,"Whilemina","Griffin","885-8115 Egestas. Street","165618851","PSC1916955"),(821,"Mara","Franklin","Ap #455-2906 In, Rd.","622836351","YEH7149178"),(822,"Riley","Ramsey","5693 Eros. Avenue","485598940","WYY4238698"),(823,"Armand","Jensen","273-3980 Sit Street","200049864","TTE3677961"),(824,"Aurelia","Whitfield","P.O. Box 542, 6676 Vitae Ave","951040666","FGA1003330"),(825,"Ella","Weber","474-1343 Quisque St.","566654968","FQC0063692"),(826,"Kay","Ferrell","P.O. Box 391, 5490 Pellentesque St.","295938229","ZMB4483159"),(827,"Clarke","Rush","854-8656 Volutpat. Road","328501937","FQC3251400"),(828,"Hedley","Harper","P.O. Box 439, 5710 Eu, St.","523078111","DZB8213994"),(829,"Griffith","Tran","P.O. Box 442, 8784 Accumsan Av.","768804379","DLU9507440"),(830,"Inez","Slater","4223 Eu St.","981345549","AIG0852605"),(831,"Cole","Molina","Ap #390-2491 Ullamcorper, St.","371109943","LBW5312848"),(832,"Alisa","Crawford","Ap #899-985 Euismod Ave","355761867","XME1740631"),(833,"Kiara","Dudley","648-883 Nibh. St.","753515139","OBU4613671"),(834,"Cain","Hess","P.O. Box 545, 3146 Morbi Rd.","770174779","MGX1799588"),(835,"Jennifer","Rojas","P.O. Box 551, 6759 Id, Road","562480152","TRA3054798"),(836,"Vladimir","Goff","Ap #993-3779 Mauris Rd.","740645825","MGY7727189"),(837,"Neve","Christensen","261-4788 Elit, Rd.","453859837","JQB2644483"),(838,"Melissa","Potts","Ap #492-5572 Etiam Rd.","248000879","XTT1266889"),(839,"Cadman","Beasley","9185 Mauris Rd.","187233283","NEP2184831"),(840,"Adria","Mcintosh","5107 Aliquet Ave","032020109","LMH0412156"),(841,"Kylee","Patrick","903-3568 Maecenas Rd.","959383183","MDS5202175"),(842,"Lynn","Sanford","9480 Hymenaeos. Avenue","809335433","PED4112525"),(843,"Harding","King","Ap #223-3394 Ornare. Road","605083690","OAF8023791"),(844,"Tashya","Ford","351-5916 Gravida Ave","336372701","VQW2970154"),(845,"Elizabeth","Ortega","P.O. Box 791, 5361 Risus Avenue","891332215","ZTQ4752789"),(846,"Eric","Kim","539-138 Nascetur Road","883892846","EOA2865892"),(847,"Zephania","Patton","6374 Proin Ave","160828547","JXG3293901"),(848,"Nyssa","Hyde","Ap #348-2452 Nunc Ave","456264688","SHT6709184"),(849,"Lesley","Blair","P.O. Box 471, 2041 Sed Rd.","031392558","YQU4962018"),(850,"Christen","Frazier","713-8480 Turpis St.","568865349","OCI2891511"),(851,"Jessamine","Lyons","P.O. Box 676, 4293 Sed Rd.","699934980","DFC7683315"),(852,"Willow","Howe","Ap #701-6230 Sem Avenue","827934951","RIL5973967"),(853,"Dennis","Moran","885-1467 Arcu. Rd.","607316007","UML3385884"),(854,"Sade","Livingston","Ap #273-1589 Morbi Avenue","164698136","TXR2394002"),(855,"Hall","Flowers","P.O. Box 931, 9467 Laoreet Street","816735054","BZC6179767"),(856,"Willa","Rogers","Ap #595-9076 Cum Rd.","192583631","ZGX9256195"),(857,"Ruby","Wood","226-9341 Purus Ave","814777819","POS1220905"),(858,"Shay","Cantrell","Ap #827-5143 Sit St.","387533060","RJU8523332"),(859,"Ria","Burke","Ap #908-6378 Turpis St.","030971568","KQS3078343"),(860,"Driscoll","May","Ap #313-4347 Dapibus Rd.","019956051","XYJ9836773"),(861,"Mercedes","Melendez","4463 Porta Rd.","024200685","QZM7248766"),(862,"Hayden","Barrett","Ap #528-5180 Eros Ave","328634175","EWY8893710"),(863,"Sara","Simmons","P.O. Box 685, 7622 Interdum. Av.","016563561","GLV1693742"),(864,"James","Riddle","369-5817 Erat Av.","933604274","MPM2320724"),(865,"Cathleen","Sampson","P.O. Box 382, 6934 Enim Ave","635208283","JND1753208"),(866,"Sonya","Lambert","913-6652 Aliquet St.","476673918","UHG2430346"),(867,"Brendan","Keller","588-2692 Vel Rd.","552444861","QQA7977590"),(868,"Shelby","Velasquez","P.O. Box 350, 8856 Non Avenue","369382452","TMH7482340"),(869,"Halee","Macias","6239 Ut, St.","588567859","NIK2448974"),(870,"Reuben","Benjamin","P.O. Box 478, 4107 Mollis Av.","840601231","XQU2065254"),(871,"Karleigh","Sharpe","P.O. Box 623, 6383 Scelerisque Rd.","975827460","BSX6651401"),(872,"Orla","Erickson","8850 Et St.","742468481","LVH4446710"),(873,"Kane","Allen","P.O. Box 859, 4175 Sed Avenue","775353519","GOQ7149824"),(874,"Wylie","Tyler","5752 Nec Av.","566552998","IML2979950"),(875,"Germaine","Singleton","5475 Ligula. Street","751677188","RMR2407644"),(876,"Colby","Gonzalez","6090 Magna Rd.","135896678","QWX0910738"),(877,"Keelie","Lester","396-8897 Non Ave","847457629","HGO4886586"),(878,"Cairo","Cook","357-5941 Nisl. Road","607202298","IKK2469299"),(879,"Stewart","Tran","3037 Cubilia Road","865123244","YZY0852822"),(880,"Aspen","Bates","8604 Tellus. Street","902757392","TRT6055329"),(881,"Jocelyn","Singleton","P.O. Box 547, 5187 Tristique St.","196925945","PZL9287872"),(882,"Kameko","Mckee","8225 Inceptos St.","547681668","BXL2446070"),(883,"Indigo","Hinton","P.O. Box 933, 864 Nisi. Avenue","407148105","PSB2820877"),(884,"Quinn","Ortiz","4553 Neque. Rd.","595617846","RGC6627847"),(885,"Hayfa","Albert","984-4629 Nullam St.","181166208","FTW2818000"),(886,"Venus","Fernandez","P.O. Box 633, 5492 Urna. Rd.","432850493","KGP6173931"),(887,"Kirk","Howard","3067 Eu Street","730260254","ISU9276502"),(888,"Darryl","Romero","2214 Amet, Avenue","349463828","GBA1857909"),(889,"Merrill","Andrews","1192 Penatibus St.","631186574","ZOQ3581107"),(890,"Ira","Kidd","421-7825 Fusce St.","904999034","QRE6165506"),(891,"Xander","Carey","150-292 Fringilla Rd.","294885660","FWD6177033"),(892,"Kevin","Dunlap","P.O. Box 982, 4428 Nisl. Rd.","549621076","JNZ1237252"),(893,"Evangeline","Cameron","Ap #401-3538 Auctor Street","764214458","MVW7513045"),(894,"Sara","Talley","Ap #828-7091 Lorem Street","287338404","RUI0501141"),(895,"Odysseus","Hart","934-9641 Vel, Street","255051880","KYO4223286"),(896,"Hannah","Hughes","P.O. Box 954, 6010 Pede. St.","019089903","HZW1012044"),(897,"Josiah","Leonard","Ap #158-1256 Libero Street","749333555","SEA3543364"),(898,"Rowan","Clark","P.O. Box 105, 7928 Mollis Avenue","799946843","YNT1519864"),(899,"Pearl","Lowe","9866 At Road","985797877","JMB6313923"),(900,"Maggy","Michael","P.O. Box 837, 6065 Arcu. Rd.","368804811","GWN0316145");

INSERT INTO Adoptant (Id,Zastrzezenia,IloscAdopcji) VALUES (1,"hendrerit a, arcu. Sed et libero. Proin mi. Aliquam gravida mauris ut mi. Duis risus odio,",4),(2,"in sodales elit erat",5),(3,"tellus. Phasellus elit pede,",2),(4,"ligula eu enim. Etiam imperdiet dictum magna. Ut tincidunt orci quis lectus. Nullam suscipit, est ac facilisis facilisis, magna tellus",1),(5,"sit amet orci. Ut sagittis lobortis mauris. Suspendisse aliquet molestie",4),(6,"quis, pede.",1),(7,"iaculis enim, sit amet ornare lectus justo eu arcu. Morbi sit amet massa. Quisque",1),(8,"et netus et malesuada fames ac turpis egestas. Aliquam fringilla cursus purus. Nullam scelerisque neque sed sem",0),(9,"erat semper rutrum.",2),(10,"mi felis, adipiscing fringilla, porttitor vulputate, posuere vulputate, lacus. Cras interdum. Nunc sollicitudin commodo ipsum.",2),(11,"consectetuer adipiscing elit.",0),(12,"at, velit. Pellentesque",0),(13,"nunc. Quisque ornare tortor at risus. Nunc ac sem ut dolor dapibus gravida. Aliquam tincidunt,",1),(14,"ut, pellentesque eget, dictum placerat, augue. Sed molestie. Sed id",0),(15,"eget, dictum placerat, augue. Sed",5),(16,"vitae nibh. Donec",3),(17,"natoque penatibus et",2),(18,"natoque penatibus et magnis dis parturient montes, nascetur ridiculus mus. Donec dignissim magna a tortor. Nunc commodo auctor velit.",4),(19,"molestie. Sed id risus quis diam",0),(20,"justo faucibus",0),(21,"velit egestas lacinia. Sed congue, elit sed consequat auctor, nunc",2),(22,"non enim commodo hendrerit. Donec porttitor",5),(23,"mollis lectus pede et",1),(24,"massa. Suspendisse eleifend. Cras sed leo. Cras vehicula aliquet libero. Integer in magna. Phasellus dolor elit, pellentesque a, facilisis non,",5),(25,"aliquet, metus",5),(26,"auctor ullamcorper, nisl arcu iaculis enim,",3),(27,"aliquet, sem ut cursus luctus, ipsum leo elementum sem, vitae aliquam eros turpis non enim. Mauris quis turpis",5),(28,"auctor ullamcorper, nisl arcu",2),(29,"at, velit. Pellentesque ultricies",2),(30,"Nulla interdum. Curabitur dictum. Phasellus in felis. Nulla tempor augue ac ipsum. Phasellus",3),(31,"urna. Nunc quis arcu vel quam dignissim pharetra. Nam ac nulla. In tincidunt congue turpis.",1),(32,"imperdiet ornare.",0),(33,"tincidunt, neque vitae semper egestas, urna justo faucibus lectus, a sollicitudin orci sem eget massa. Suspendisse eleifend. Cras",5),(34,"Nunc lectus pede, ultrices a, auctor non, feugiat nec, diam. Duis mi enim, condimentum eget, volutpat ornare, facilisis",3),(35,"elit, dictum eu, eleifend nec, malesuada ut, sem. Nulla",3),(36,"semper tellus id nunc interdum feugiat. Sed nec metus facilisis lorem tristique aliquet. Phasellus",4),(37,"vestibulum, neque sed dictum eleifend, nunc risus",4),(38,"enim. Nunc ut",5),(39,"arcu. Vestibulum ante ipsum primis in faucibus orci luctus",2),(40,"mollis non, cursus non, egestas a,",5),(41,"sit amet metus. Aliquam erat volutpat. Nulla facilisis. Suspendisse",2),(42,"elit, dictum eu, eleifend nec, malesuada ut, sem. Nulla interdum. Curabitur dictum. Phasellus in felis. Nulla tempor augue ac",3),(43,"diam at pretium aliquet, metus urna convallis erat, eget tincidunt dui",1),(44,"Aliquam erat volutpat. Nulla facilisis. Suspendisse",4),(45,"gravida nunc sed pede. Cum sociis natoque",5),(46,"egestas nunc sed libero. Proin sed turpis nec mauris blandit mattis. Cras",5),(47,"luctus et ultrices posuere cubilia Curae;",0),(48,"orci, in consequat enim diam vel arcu. Curabitur ut odio vel est tempor bibendum. Donec felis orci, adipiscing non,",0),(49,"egestas. Fusce aliquet magna a neque. Nullam ut nisi a odio semper cursus. Integer mollis. Integer tincidunt aliquam arcu. Aliquam",4),(50,"Mauris magna. Duis dignissim tempor arcu. Vestibulum ut eros non enim commodo hendrerit. Donec porttitor tellus non magna. Nam ligula",4),(51,"aliquam arcu. Aliquam ultrices iaculis odio. Nam interdum enim",2),(52,"libero mauris, aliquam eu, accumsan sed, facilisis vitae, orci. Phasellus dapibus quam quis diam.",5),(53,"Ut sagittis lobortis mauris. Suspendisse aliquet molestie tellus. Aenean egestas hendrerit neque. In ornare sagittis",2),(54,"gravida non, sollicitudin a,",4),(55,"tempus risus.",1),(56,"sapien, gravida non, sollicitudin a, malesuada id, erat. Etiam vestibulum massa rutrum",0),(57,"vel sapien imperdiet ornare.",5),(58,"urna. Nunc quis arcu",0),(59,"dui. Fusce diam",0),(60,"molestie sodales. Mauris",3),(61,"eget ipsum.",1),(62,"adipiscing elit. Curabitur sed tortor. Integer aliquam adipiscing lacus. Ut nec urna et",3),(63,"Proin velit. Sed malesuada augue ut lacus. Nulla tincidunt, neque",0),(64,"adipiscing lacus. Ut nec urna et arcu imperdiet ullamcorper. Duis at lacus. Quisque purus",4),(65,"dolor. Quisque tincidunt pede ac urna. Ut tincidunt vehicula risus. Nulla eget metus",1),(66,"varius ultrices, mauris ipsum porta elit, a feugiat tellus lorem eu metus. In",0),(67,"Lorem ipsum dolor sit amet, consectetuer adipiscing elit. Etiam laoreet, libero et tristique pellentesque,",5),(68,"Aenean euismod mauris eu elit. Nulla facilisi. Sed",5),(69,"amet risus. Donec egestas. Aliquam nec enim. Nunc",3),(70,"purus mauris a nunc. In at pede.",1),(71,"non arcu. Vivamus sit amet",1),(72,"nonummy ultricies ornare, elit elit fermentum risus,",4),(73,"mauris sagittis placerat.",0),(74,"Lorem ipsum dolor sit amet, consectetuer adipiscing elit. Aliquam auctor, velit eget laoreet posuere,",0),(75,"id, libero. Donec consectetuer mauris id sapien. Cras dolor dolor, tempus non, lacinia at, iaculis",4),(76,"eu enim. Etiam imperdiet dictum magna. Ut tincidunt orci quis lectus. Nullam suscipit, est ac facilisis facilisis,",5),(77,"mattis ornare, lectus ante dictum mi, ac mattis velit justo nec ante. Maecenas mi felis, adipiscing fringilla,",0),(78,"eget tincidunt dui augue eu tellus. Phasellus",5),(79,"tellus eu augue porttitor interdum. Sed auctor odio a purus. Duis elementum, dui quis",5),(80,"vitae risus. Duis a mi fringilla mi lacinia",5),(81,"ante. Maecenas mi felis, adipiscing fringilla, porttitor vulputate,",4),(82,"Praesent eu nulla",0),(83,"Mauris quis",2),(84,"eget mollis lectus pede et risus. Quisque libero lacus, varius et, euismod",1),(85,"eget massa. Suspendisse eleifend. Cras sed leo. Cras vehicula aliquet libero. Integer in magna.",2),(86,"tellus",0),(87,"dolor",4),(88,"facilisis non, bibendum",0),(89,"orci lobortis augue scelerisque mollis. Phasellus libero mauris, aliquam eu, accumsan sed, facilisis vitae,",4),(90,"mi enim, condimentum eget, volutpat ornare, facilisis eget, ipsum. Donec sollicitudin adipiscing ligula. Aenean gravida nunc sed",4),(91,"vel, mauris. Integer sem elit, pharetra ut, pharetra sed, hendrerit a, arcu. Sed et libero.",4),(92,"nonummy ut, molestie in, tempus eu, ligula. Aenean",4),(93,"leo elementum sem, vitae aliquam",3),(94,"orci. Ut semper pretium neque. Morbi quis urna. Nunc quis arcu vel",0),(95,"cursus vestibulum.",2),(96,"tristique senectus et netus et malesuada fames ac turpis egestas.",3),(97,"ornare, elit elit fermentum risus, at fringilla purus mauris a nunc. In at pede. Cras vulputate",4),(98,"orci sem eget massa. Suspendisse eleifend. Cras sed leo. Cras vehicula",0),(99,"at augue id",1),(100,"sit amet",4);
INSERT INTO Adoptant (Id,Zastrzezenia,IloscAdopcji) VALUES (101,"Class aptent taciti sociosqu ad litora",2),(102,"magnis dis",0),(103,"cursus purus. Nullam scelerisque neque sed sem egestas blandit. Nam",3),(104,"ridiculus mus. Donec",2),(105,"fringilla. Donec feugiat metus sit amet ante. Vivamus",5),(106,"eleifend nec, malesuada ut, sem. Nulla",4),(107,"facilisis eget, ipsum. Donec",3),(108,"adipiscing fringilla, porttitor",2),(109,"Aenean",2),(110,"mauris",4),(111,"eu lacus. Quisque imperdiet, erat nonummy ultricies",2),(112,"Vestibulum",0),(113,"elementum, dui",0),(114,"Vestibulum accumsan neque",0),(115,"erat eget ipsum. Suspendisse sagittis. Nullam vitae diam. Proin",4),(116,"mi felis,",2),(117,"nunc id enim.",5),(118,"quis massa. Mauris",5),(119,"et magnis dis parturient montes, nascetur ridiculus",5),(120,"gravida sit amet, dapibus id, blandit at,",5),(121,"sem eget",0),(122,"dis parturient montes, nascetur ridiculus",3),(123,"urna. Ut tincidunt vehicula risus. Nulla eget metus eu erat",2),(124,"neque.",4),(125,"malesuada fames ac turpis",1),(126,"et, eros. Proin ultrices. Duis",2),(127,"tincidunt adipiscing. Mauris molestie pharetra",0),(128,"In",4),(129,"orci tincidunt adipiscing. Mauris molestie pharetra nibh. Aliquam ornare,",4),(130,"gravida nunc sed pede. Cum sociis natoque penatibus et",2),(131,"id,",3),(132,"non, bibendum sed, est.",4),(133,"egestas lacinia. Sed congue, elit",1),(134,"Sed et libero. Proin mi.",2),(135,"tellus. Nunc",0),(136,"risus. Quisque libero lacus, varius et, euismod et, commodo at,",1),(137,"odio vel",1),(138,"ultrices posuere cubilia",2),(139,"Mauris vel turpis. Aliquam adipiscing lobortis risus.",0),(140,"fringilla mi lacinia mattis. Integer eu",4),(141,"odio vel est tempor",0),(142,"rhoncus id, mollis nec, cursus a, enim. Suspendisse aliquet,",4),(143,"malesuada id, erat. Etiam",4),(144,"habitant morbi tristique senectus et netus et malesuada",2),(145,"amet diam eu",4),(146,"egestas. Sed pharetra, felis eget varius ultrices,",3),(147,"urna suscipit nonummy. Fusce fermentum fermentum arcu. Vestibulum ante ipsum",3),(148,"Curabitur egestas nunc sed",2),(149,"mauris. Suspendisse",4),(150,"Donec",1),(151,"pharetra nibh. Aliquam ornare,",5),(152,"nonummy ut, molestie in, tempus eu, ligula. Aenean euismod",5),(153,"nec tempus mauris erat eget ipsum.",0),(154,"sit",5),(155,"enim,",2),(156,"a mi fringilla mi lacinia mattis. Integer",5),(157,"ornare lectus justo eu arcu. Morbi sit amet massa.",0),(158,"vehicula aliquet libero. Integer in magna. Phasellus dolor elit,",3),(159,"sed pede. Cum sociis natoque penatibus",0),(160,"odio tristique pharetra. Quisque ac libero nec",0),(161,"quam, elementum at, egestas a, scelerisque sed, sapien. Nunc",5),(162,"Etiam",4),(163,"convallis ligula. Donec luctus aliquet",2),(164,"Cras pellentesque. Sed dictum. Proin eget odio. Aliquam vulputate ullamcorper",5),(165,"eu",2),(166,"Donec tincidunt. Donec vitae erat vel pede blandit congue. In",3),(167,"nec orci. Donec nibh. Quisque nonummy ipsum non arcu.",4),(168,"Phasellus dapibus quam quis",3),(169,"cursus.",1),(170,"cursus, diam at pretium aliquet, metus urna convallis erat, eget",5),(171,"Sed eu eros. Nam consequat dolor vitae dolor. Donec",5),(172,"elit.",2),(173,"risus. Nunc ac sem",2),(174,"eget tincidunt dui augue eu tellus. Phasellus",5),(175,"Quisque purus sapien, gravida non,",4),(176,"elit,",5),(177,"Maecenas malesuada fringilla",2),(178,"fermentum risus, at fringilla purus mauris a nunc. In at",2),(179,"vel lectus. Cum sociis natoque penatibus et magnis dis parturient",0),(180,"vitae",1),(181,"auctor velit. Aliquam nisl. Nulla eu neque",1),(182,"et malesuada fames ac turpis egestas.",5),(183,"tristique senectus et netus",5),(184,"hendrerit. Donec porttitor tellus non magna. Nam ligula",2),(185,"a, arcu. Sed et libero. Proin mi. Aliquam gravida mauris",2),(186,"aliquet diam. Sed diam",4),(187,"tristique ac, eleifend vitae, erat. Vivamus nisi. Mauris nulla. Integer",1),(188,"Nunc ut erat.",4),(189,"Donec sollicitudin adipiscing ligula. Aenean",4),(190,"venenatis vel, faucibus id, libero. Donec consectetuer mauris id",3),(191,"at",3),(192,"auctor. Mauris vel turpis. Aliquam adipiscing lobortis risus. In",0),(193,"elementum at,",0),(194,"Phasellus elit pede, malesuada",1),(195,"tellus. Suspendisse sed dolor. Fusce",0),(196,"scelerisque, lorem ipsum sodales purus, in molestie",1),(197,"Proin mi. Aliquam gravida mauris ut mi.",1),(198,"Nullam suscipit,",2),(199,"amet ante. Vivamus non lorem vitae odio sagittis",1),(200,"magna. Duis dignissim tempor arcu.",5);
INSERT INTO Adoptant (Id,Zastrzezenia,IloscAdopcji) VALUES (201,"orci luctus et ultrices posuere",1),(202,"pretium aliquet, metus",5),(203,"Quisque ornare tortor at risus.",2),(204,"Proin velit. Sed malesuada augue",4),(205,"Phasellus dolor elit,",1),(206,"Phasellus",0),(207,"auctor ullamcorper,",3),(208,"Nunc mauris",5),(209,"amet, faucibus",2),(210,"ante bibendum ullamcorper. Duis",4),(211,"sociis natoque penatibus",5),(212,"consectetuer, cursus et, magna. Praesent",2),(213,"odio. Etiam ligula tortor,",5),(214,"adipiscing",3),(215,"sem mollis dui,",5),(216,"velit dui, semper et, lacinia",2),(217,"mi felis, adipiscing fringilla,",3),(218,"Nam porttitor scelerisque neque. Nullam",3),(219,"lorem, eget",5),(220,"augue malesuada malesuada.",3),(221,"ornare,",0),(222,"lorem",5),(223,"non, bibendum sed,",5),(224,"enim non nisi. Aenean",0),(225,"faucibus orci luctus et",5),(226,"nunc,",3),(227,"eu nulla at sem molestie",0),(228,"Ut tincidunt orci",5),(229,"sed orci",5),(230,"quam. Pellentesque habitant",3),(231,"sem.",0),(232,"lorem ut aliquam iaculis,",0),(233,"Vivamus",3),(234,"dignissim tempor arcu.",1),(235,"augue ac ipsum.",2),(236,"volutpat. Nulla facilisis. Suspendisse commodo",1),(237,"Morbi non sapien",4),(238,"tincidunt,",1),(239,"mauris id sapien.",4),(240,"sollicitudin a,",5),(241,"orci. Ut",4),(242,"nulla",1),(243,"Cum sociis natoque penatibus et",2),(244,"ac libero nec ligula consectetuer",4),(245,"hymenaeos. Mauris ut",3),(246,"Mauris",3),(247,"nulla",4),(248,"sit amet,",2),(249,"dolor dapibus gravida. Aliquam tincidunt,",0),(250,"nec, euismod in, dolor. Fusce",0),(251,"vitae nibh. Donec est mauris,",2),(252,"sed dictum",3),(253,"dictum augue",0),(254,"eget metus eu",4),(255,"congue turpis.",0),(256,"Sed",2),(257,"dolor.",5),(258,"dictum.",2),(259,"vehicula risus.",0),(260,"semper,",4),(261,"ligula. Aliquam erat",4),(262,"risus. Nunc",2),(263,"vitae odio sagittis semper.",0),(264,"nunc ac mattis ornare,",2),(265,"nonummy ipsum",0),(266,"et",5),(267,"taciti sociosqu ad litora torquent",4),(268,"Class",1),(269,"massa. Vestibulum accumsan neque",4),(270,"tempor",1),(271,"justo sit amet nulla. Donec",2),(272,"augue",4),(273,"commodo",1),(274,"eleifend.",4),(275,"aliquam adipiscing lacus. Ut",5),(276,"vestibulum,",4),(277,"eu elit. Nulla",5),(278,"at risus. Nunc",4),(279,"Aliquam erat volutpat. Nulla dignissim.",2),(280,"non leo. Vivamus nibh",1),(281,"ipsum dolor sit",5),(282,"Quisque fringilla euismod enim. Etiam",0),(283,"consequat auctor, nunc nulla vulputate",5),(284,"Donec",3),(285,"non",4),(286,"dapibus gravida. Aliquam tincidunt,",1),(287,"malesuada",4),(288,"lacus.",4),(289,"odio vel est tempor bibendum.",1),(290,"vel lectus. Cum",5),(291,"semper et, lacinia vitae, sodales",0),(292,"non nisi. Aenean",3),(293,"tincidunt adipiscing. Mauris molestie",4),(294,"purus mauris a",2),(295,"senectus et",1),(296,"ante lectus",4),(297,"arcu ac orci. Ut",2),(298,"velit. Cras lorem lorem, luctus",4),(299,"pharetra nibh. Aliquam",4),(300,"magna.",2);

INSERT INTO Pracownik (Id,Zawod,Pensja,Pozycja,Urlopy) VALUES (301,"Public Relations","3178.09","Single",5),(302,"Legal Department","1836.97","Single",10),(303,"Sales and Marketing","2101.16","Divorced",11),(304,"Sales and Marketing","2718.62","Divorced",12),(305,"Human Resources","2901.35","Married",11),(306,"Sales and Marketing","2678.03","Married",1),(307,"Customer Relations","2422.54","Common-Law",5),(308,"Tech Support","3199.56","Divorced",5),(309,"Accounting","2557.43","Common-Law",1),(310,"Accounting","2080.07","Common-Law",20),(311,"Customer Service","2633.21","Common-Law",7),(312,"Customer Relations","2316.62","Divorced",2),(313,"Accounting","3007.44","Single",11),(314,"Research and Development","2696.75","Common-Law",4),(315,"Sales and Marketing","2982.44","Married",6),(316,"Advertising","2144.46","Common-Law",2),(317,"Research and Development","2097.31","Divorced",12),(318,"Legal Department","2053.77","Divorced",6),(319,"Asset Management","1820.83","Common-Law",21),(320,"Human Resources","2296.90","Single",11),(321,"Advertising","3097.88","Common-Law",13),(322,"Payroll","2576.44","Divorced",6),(323,"Legal Department","2861.43","Married",7),(324,"Finances","2204.78","Divorced",5),(325,"Legal Department","2734.57","Common-Law",18),(326,"Research and Development","2225.06","Divorced",15),(327,"Tech Support","3058.09","Common-Law",17),(328,"Quality Assurance","1816.18","Divorced",12),(329,"Sales and Marketing","2804.00","Divorced",6),(330,"Advertising","2199.91","Single",6),(331,"Public Relations","3057.38","Common-Law",4),(332,"Research and Development","2627.65","Married",16),(333,"Media Relations","2438.66","Divorced",13),(334,"Advertising","2177.33","Married",4),(335,"Legal Department","2344.75","Divorced",5),(336,"Finances","1938.89","Single",13),(337,"Sales and Marketing","1865.75","Married",6),(338,"Customer Relations","2311.20","Single",3),(339,"Human Resources","3108.78","Single",4),(340,"Advertising","1926.91","Single",13),(341,"Payroll","2952.22","Married",13),(342,"Accounting","3020.26","Divorced",0),(343,"Quality Assurance","2976.97","Common-Law",5),(344,"Public Relations","3029.07","Single",19),(345,"Research and Development","2385.56","Married",6),(346,"Media Relations","2587.33","Married",2),(347,"Quality Assurance","1906.24","Common-Law",7),(348,"Media Relations","2537.16","Common-Law",2),(349,"Human Resources","2277.27","Common-Law",21),(350,"Tech Support","2888.34","Divorced",18),(351,"Quality Assurance","3043.68","Divorced",7),(352,"Sales and Marketing","2132.68","Married",7),(353,"Public Relations","3195.14","Divorced",20),(354,"Customer Relations","2927.53","Common-Law",10),(355,"Sales and Marketing","2773.40","Single",16),(356,"Accounting","1964.28","Common-Law",10),(357,"Tech Support","2070.63","Single",17),(358,"Public Relations","2669.28","Single",11),(359,"Quality Assurance","2736.75","Common-Law",6),(360,"Tech Support","2779.54","Divorced",15),(361,"Sales and Marketing","1971.06","Common-Law",13),(362,"Media Relations","2990.93","Divorced",20),(363,"Legal Department","2937.02","Single",19),(364,"Asset Management","2435.07","Divorced",15),(365,"Research and Development","2963.69","Single",15),(366,"Customer Relations","2862.30","Common-Law",1),(367,"Legal Department","2235.27","Married",12),(368,"Asset Management","2349.70","Single",11),(369,"Accounting","2251.80","Divorced",15),(370,"Customer Relations","1816.74","Common-Law",13),(371,"Advertising","1934.61","Single",18),(372,"Payroll","2489.55","Married",1),(373,"Media Relations","1892.82","Common-Law",12),(374,"Tech Support","2110.87","Divorced",10),(375,"Tech Support","2272.80","Divorced",3),(376,"Research and Development","2725.93","Common-Law",15),(377,"Human Resources","3144.21","Common-Law",0),(378,"Advertising","2831.01","Divorced",8),(379,"Public Relations","2573.76","Married",16),(380,"Customer Service","1859.81","Single",16),(381,"Tech Support","1903.62","Married",3),(382,"Customer Relations","2743.77","Divorced",11),(383,"Human Resources","2033.49","Divorced",4),(384,"Tech Support","3028.45","Married",3),(385,"Customer Service","2538.93","Common-Law",20),(386,"Sales and Marketing","2797.85","Single",0),(387,"Tech Support","2007.70","Single",14),(388,"Asset Management","1927.86","Divorced",14),(389,"Quality Assurance","2207.14","Single",5),(390,"Asset Management","2309.32","Single",10),(391,"Finances","2327.90","Common-Law",15),(392,"Legal Department","1883.48","Single",7),(393,"Advertising","2542.40","Divorced",7),(394,"Accounting","2433.07","Single",10),(395,"Sales and Marketing","2313.13","Single",16),(396,"Advertising","2373.10","Divorced",2),(397,"Quality Assurance","3015.46","Common-Law",11),(398,"Human Resources","3129.06","Common-Law",16),(399,"Media Relations","3102.06","Divorced",1),(400,"Sales and Marketing","3074.26","Single",7);
INSERT INTO Pracownik (Id,Zawod,Pensja,Pozycja,Urlopy) VALUES (401,"Research and Development","2910.53","Married",14),(402,"Quality Assurance","3169.36","Common-Law",1),(403,"Asset Management","2962.95","Married",0),(404,"Legal Department","2978.81","Common-Law",0),(405,"Media Relations","2599.29","Common-Law",4),(406,"Accounting","2628.76","Single",16),(407,"Accounting","2872.88","Divorced",8),(408,"Research and Development","3178.88","Married",16),(409,"Sales and Marketing","2621.61","Single",16),(410,"Sales and Marketing","3047.96","Single",17),(411,"Sales and Marketing","2369.62","Single",0),(412,"Human Resources","2265.39","Single",8),(413,"Media Relations","3058.71","Single",8),(414,"Public Relations","2385.64","Single",21),(415,"Asset Management","1860.86","Divorced",4),(416,"Legal Department","2767.02","Divorced",2),(417,"Customer Relations","2442.79","Single",9),(418,"Asset Management","2432.66","Divorced",12),(419,"Human Resources","2065.57","Married",6),(420,"Sales and Marketing","1930.12","Divorced",17),(421,"Public Relations","2758.83","Divorced",8),(422,"Sales and Marketing","2174.55","Single",3),(423,"Human Resources","3095.34","Single",11),(424,"Customer Service","2196.71","Divorced",20),(425,"Media Relations","2390.98","Married",12),(426,"Customer Service","1886.56","Single",13),(427,"Tech Support","1816.17","Common-Law",0),(428,"Accounting","2060.55","Married",4),(429,"Quality Assurance","2898.95","Married",16),(430,"Advertising","2778.64","Single",1),(431,"Accounting","2367.72","Divorced",20),(432,"Asset Management","3016.35","Married",1),(433,"Research and Development","2321.59","Single",1),(434,"Legal Department","2134.62","Single",12),(435,"Customer Relations","2217.28","Married",19),(436,"Legal Department","2735.12","Single",21),(437,"Public Relations","2962.66","Common-Law",17),(438,"Finances","3083.79","Common-Law",3),(439,"Accounting","1802.92","Common-Law",2),(440,"Customer Relations","2709.85","Divorced",12),(441,"Finances","2093.09","Married",16),(442,"Research and Development","1997.19","Common-Law",14),(443,"Payroll","2576.36","Divorced",11),(444,"Media Relations","2891.90","Married",4),(445,"Legal Department","2467.08","Common-Law",17),(446,"Public Relations","1962.32","Common-Law",9),(447,"Sales and Marketing","2228.54","Married",3),(448,"Human Resources","2809.07","Common-Law",2),(449,"Research and Development","2954.61","Married",17),(450,"Finances","2493.67","Single",4),(451,"Quality Assurance","2746.49","Common-Law",10),(452,"Customer Relations","3132.64","Single",8),(453,"Advertising","2105.64","Married",11),(454,"Tech Support","2757.91","Common-Law",10),(455,"Research and Development","2717.27","Divorced",20),(456,"Customer Relations","2490.44","Common-Law",17),(457,"Customer Service","2100.06","Single",12),(458,"Tech Support","2379.73","Single",1),(459,"Research and Development","1908.39","Divorced",14),(460,"Media Relations","2412.64","Married",9),(461,"Research and Development","1825.87","Common-Law",6),(462,"Finances","2709.00","Common-Law",6),(463,"Public Relations","2250.01","Married",12),(464,"Media Relations","2813.62","Common-Law",11),(465,"Quality Assurance","2367.99","Married",0),(466,"Public Relations","2420.78","Common-Law",2),(467,"Public Relations","2260.98","Divorced",12),(468,"Tech Support","3073.54","Married",10),(469,"Payroll","3018.59","Divorced",9),(470,"Customer Relations","2040.99","Married",12),(471,"Customer Relations","3014.26","Single",12),(472,"Quality Assurance","2103.75","Divorced",8),(473,"Public Relations","1941.15","Married",11),(474,"Human Resources","2783.32","Married",2),(475,"Finances","2056.92","Single",16),(476,"Customer Relations","2604.89","Single",15),(477,"Research and Development","2697.24","Divorced",11),(478,"Tech Support","1916.45","Single",19),(479,"Advertising","2163.01","Married",18),(480,"Asset Management","2634.96","Divorced",19),(481,"Accounting","1914.86","Divorced",1),(482,"Quality Assurance","2624.41","Common-Law",15),(483,"Research and Development","3056.00","Divorced",12),(484,"Finances","2901.51","Single",8),(485,"Legal Department","3025.46","Divorced",7),(486,"Tech Support","2780.67","Divorced",16),(487,"Research and Development","2287.37","Single",9),(488,"Media Relations","2590.69","Common-Law",3),(489,"Media Relations","2972.12","Common-Law",1),(490,"Sales and Marketing","1914.47","Divorced",12),(491,"Payroll","3097.35","Single",16),(492,"Finances","2644.88","Single",16),(493,"Advertising","1967.50","Divorced",0),(494,"Tech Support","2383.33","Single",6),(495,"Customer Relations","2102.10","Married",2),(496,"Customer Relations","1980.09","Common-Law",20),(497,"Quality Assurance","2841.67","Common-Law",6),(498,"Payroll","2300.38","Married",21),(499,"Asset Management","2242.06","Married",1),(500,"Research and Development","2649.81","Married",21);
INSERT INTO Pracownik (Id,Zawod,Pensja,Pozycja,Urlopy) VALUES (501,"Customer Relations","2538.62","Single",11),(502,"Legal Department","2454.63","Divorced",7),(503,"Finances","2670.90","Single",11),(504,"Accounting","2495.83","Single",1),(505,"Advertising","2256.40","Married",9),(506,"Asset Management","3001.11","Single",11),(507,"Quality Assurance","2832.80","Divorced",3),(508,"Customer Relations","3151.12","Common-Law",10),(509,"Human Resources","2414.71","Married",3),(510,"Tech Support","1862.45","Married",3),(511,"Research and Development","2076.92","Common-Law",0),(512,"Legal Department","2978.33","Common-Law",2),(513,"Human Resources","2015.25","Married",4),(514,"Human Resources","2602.32","Common-Law",21),(515,"Media Relations","3016.61","Single",6),(516,"Media Relations","1878.28","Married",16),(517,"Legal Department","2122.11","Common-Law",8),(518,"Customer Service","2183.85","Single",17),(519,"Public Relations","2498.96","Common-Law",15),(520,"Sales and Marketing","2496.60","Divorced",2),(521,"Customer Service","2911.33","Common-Law",5),(522,"Public Relations","2794.69","Common-Law",13),(523,"Customer Relations","2709.39","Common-Law",0),(524,"Advertising","2747.20","Married",7),(525,"Accounting","3105.63","Divorced",2),(526,"Research and Development","2360.97","Common-Law",6),(527,"Human Resources","2129.88","Common-Law",1),(528,"Media Relations","2889.08","Divorced",1),(529,"Human Resources","1977.79","Divorced",4),(530,"Finances","1826.18","Married",16),(531,"Quality Assurance","2044.28","Common-Law",12),(532,"Tech Support","3022.83","Divorced",14),(533,"Accounting","3194.20","Single",12),(534,"Advertising","2033.94","Married",5),(535,"Media Relations","2397.95","Married",15),(536,"Accounting","2133.57","Married",12),(537,"Tech Support","3054.21","Common-Law",1),(538,"Customer Service","2530.60","Divorced",18),(539,"Tech Support","2067.37","Common-Law",9),(540,"Customer Service","1836.87","Divorced",13),(541,"Sales and Marketing","3000.04","Divorced",10),(542,"Tech Support","2725.07","Married",16),(543,"Customer Service","2291.98","Divorced",19),(544,"Customer Service","2818.82","Common-Law",15),(545,"Customer Service","2310.22","Married",16),(546,"Research and Development","3024.39","Married",14),(547,"Quality Assurance","2962.94","Divorced",13),(548,"Research and Development","2827.38","Common-Law",12),(549,"Public Relations","2273.41","Divorced",20),(550,"Accounting","1935.07","Divorced",15),(551,"Customer Relations","1841.93","Common-Law",17),(552,"Human Resources","2883.27","Common-Law",8),(553,"Quality Assurance","3166.26","Divorced",18),(554,"Customer Service","3126.75","Married",17),(555,"Legal Department","1835.58","Married",16),(556,"Sales and Marketing","1986.65","Common-Law",13),(557,"Research and Development","2499.96","Common-Law",21),(558,"Payroll","2249.82","Common-Law",6),(559,"Quality Assurance","2672.75","Married",21),(560,"Human Resources","2609.78","Common-Law",2),(561,"Legal Department","2538.61","Divorced",21),(562,"Finances","2407.65","Common-Law",12),(563,"Payroll","2271.25","Single",9),(564,"Legal Department","1958.58","Single",16),(565,"Asset Management","3099.20","Married",3),(566,"Tech Support","1875.84","Divorced",7),(567,"Legal Department","2398.17","Common-Law",12),(568,"Customer Relations","2818.80","Common-Law",14),(569,"Media Relations","2348.33","Common-Law",4),(570,"Accounting","2023.14","Single",18),(571,"Payroll","3083.06","Single",6),(572,"Public Relations","3070.55","Married",12),(573,"Customer Service","1892.62","Common-Law",15),(574,"Payroll","2517.09","Common-Law",15),(575,"Advertising","2913.85","Married",19),(576,"Human Resources","2402.56","Single",6),(577,"Advertising","2503.06","Common-Law",7),(578,"Tech Support","3045.38","Common-Law",13),(579,"Human Resources","2689.81","Common-Law",0),(580,"Payroll","1877.71","Divorced",10),(581,"Asset Management","2198.96","Divorced",4),(582,"Tech Support","3180.64","Single",11),(583,"Finances","2699.88","Divorced",7),(584,"Sales and Marketing","2284.23","Divorced",19),(585,"Legal Department","2997.89","Married",3),(586,"Customer Relations","1851.78","Divorced",10),(587,"Advertising","2285.46","Common-Law",2),(588,"Public Relations","1972.77","Common-Law",20),(589,"Customer Service","2932.98","Single",13),(590,"Payroll","1968.26","Divorced",1),(591,"Media Relations","1950.08","Common-Law",10),(592,"Quality Assurance","2409.91","Divorced",14),(593,"Customer Relations","2030.05","Married",6),(594,"Accounting","3081.81","Common-Law",11),(595,"Payroll","2119.85","Divorced",20),(596,"Advertising","2000.94","Divorced",20),(597,"Accounting","1819.73","Single",17),(598,"Human Resources","2163.40","Single",17),(599,"Research and Development","3106.32","Married",14),(600,"Legal Department","2426.62","Married",21);

INSERT INTO Lekarz (Id,Specjalnosc) VALUES (601,"stews"),(602,"pasta"),(603,"stews"),(604,"desserts"),(605,"noodles"),(606,"noodles"),(607,"stews"),(608,"noodles"),(609,"seafood"),(610,"noodles"),(611,"pasta"),(612,"cereals"),(613,"seafood"),(614,"salads"),(615,"stews"),(616,"stews"),(617,"seafood"),(618,"noodles"),(619,"stews"),(620,"stews"),(621,"soups"),(622,"seafood"),(623,"pasta"),(624,"soups"),(625,"desserts"),(626,"stews"),(627,"pasta"),(628,"seafood"),(629,"noodles"),(630,"sandwiches"),(631,"seafood"),(632,"soups"),(633,"salads"),(634,"pasta"),(635,"salads"),(636,"noodles"),(637,"salads"),(638,"cereals"),(639,"cereals"),(640,"soups"),(641,"cereals"),(642,"sandwiches"),(643,"sandwiches"),(644,"pies"),(645,"pies"),(646,"soups"),(647,"cereals"),(648,"cereals"),(649,"noodles"),(650,"cereals"),(651,"desserts"),(652,"desserts"),(653,"pies"),(654,"salads"),(655,"desserts"),(656,"pasta"),(657,"noodles"),(658,"stews"),(659,"salads"),(660,"noodles"),(661,"pies"),(662,"salads"),(663,"noodles"),(664,"sandwiches"),(665,"desserts"),(666,"pies"),(667,"pies"),(668,"desserts"),(669,"pies"),(670,"salads"),(671,"stews"),(672,"desserts"),(673,"sandwiches"),(674,"seafood"),(675,"sandwiches"),(676,"salads"),(677,"noodles"),(678,"stews"),(679,"desserts"),(680,"desserts"),(681,"pies"),(682,"pasta"),(683,"soups"),(684,"pasta"),(685,"soups"),(686,"soups"),(687,"seafood"),(688,"soups"),(689,"noodles"),(690,"desserts"),(691,"seafood"),(692,"stews"),(693,"pasta"),(694,"cereals"),(695,"cereals"),(696,"desserts"),(697,"seafood"),(698,"noodles"),(699,"sandwiches"),(700,"pasta");
INSERT INTO Lekarz (Id,Specjalnosc) VALUES (701,"stews"),(702,"pies"),(703,"pies"),(704,"cereals"),(705,"pies"),(706,"soups"),(707,"sandwiches"),(708,"sandwiches"),(709,"pasta"),(710,"sandwiches"),(711,"pies"),(712,"seafood"),(713,"desserts"),(714,"pies"),(715,"cereals"),(716,"pies"),(717,"seafood"),(718,"soups"),(719,"seafood"),(720,"cereals"),(721,"salads"),(722,"sandwiches"),(723,"stews"),(724,"pasta"),(725,"seafood"),(726,"seafood"),(727,"sandwiches"),(728,"desserts"),(729,"soups"),(730,"desserts"),(731,"noodles"),(732,"pasta"),(733,"sandwiches"),(734,"pasta"),(735,"noodles"),(736,"noodles"),(737,"pasta"),(738,"salads"),(739,"noodles"),(740,"seafood"),(741,"noodles"),(742,"sandwiches"),(743,"cereals"),(744,"soups"),(745,"stews"),(746,"pies"),(747,"soups"),(748,"salads"),(749,"seafood"),(750,"desserts"),(751,"pies"),(752,"seafood"),(753,"seafood"),(754,"desserts"),(755,"cereals"),(756,"cereals"),(757,"salads"),(758,"soups"),(759,"cereals"),(760,"noodles"),(761,"desserts"),(762,"cereals"),(763,"stews"),(764,"seafood"),(765,"pies"),(766,"salads"),(767,"noodles"),(768,"cereals"),(769,"salads"),(770,"soups"),(771,"desserts"),(772,"pasta"),(773,"sandwiches"),(774,"desserts"),(775,"pies"),(776,"noodles"),(777,"seafood"),(778,"pies"),(779,"seafood"),(780,"desserts"),(781,"salads"),(782,"cereals"),(783,"sandwiches"),(784,"seafood"),(785,"pies"),(786,"pasta"),(787,"sandwiches"),(788,"soups"),(789,"salads"),(790,"noodles"),(791,"cereals"),(792,"noodles"),(793,"noodles"),(794,"pies"),(795,"salads"),(796,"noodles"),(797,"pies"),(798,"seafood"),(799,"sandwiches"),(800,"pasta");
INSERT INTO Lekarz (Id,Specjalnosc) VALUES (801,"soups"),(802,"desserts"),(803,"stews"),(804,"sandwiches"),(805,"sandwiches"),(806,"sandwiches"),(807,"cereals"),(808,"stews"),(809,"noodles"),(810,"stews"),(811,"pasta"),(812,"desserts"),(813,"sandwiches"),(814,"stews"),(815,"desserts"),(816,"sandwiches"),(817,"desserts"),(818,"stews"),(819,"soups"),(820,"soups"),(821,"desserts"),(822,"desserts"),(823,"cereals"),(824,"soups"),(825,"stews"),(826,"soups"),(827,"cereals"),(828,"seafood"),(829,"sandwiches"),(830,"salads"),(831,"desserts"),(832,"stews"),(833,"pies"),(834,"salads"),(835,"salads"),(836,"soups"),(837,"seafood"),(838,"sandwiches"),(839,"salads"),(840,"pies"),(841,"soups"),(842,"cereals"),(843,"sandwiches"),(844,"stews"),(845,"stews"),(846,"salads"),(847,"noodles"),(848,"soups"),(849,"cereals"),(850,"stews"),(851,"salads"),(852,"pasta"),(853,"sandwiches"),(854,"salads"),(855,"pies"),(856,"salads"),(857,"desserts"),(858,"salads"),(859,"salads"),(860,"seafood"),(861,"salads"),(862,"seafood"),(863,"desserts"),(864,"pasta"),(865,"stews"),(866,"stews"),(867,"sandwiches"),(868,"noodles"),(869,"salads"),(870,"cereals"),(871,"pies"),(872,"stews"),(873,"stews"),(874,"cereals"),(875,"salads"),(876,"seafood"),(877,"noodles"),(878,"seafood"),(879,"stews"),(880,"pies"),(881,"pasta"),(882,"stews"),(883,"stews"),(884,"salads"),(885,"pies"),(886,"sandwiches"),(887,"cereals"),(888,"sandwiches"),(889,"cereals"),(890,"stews"),(891,"stews"),(892,"seafood"),(893,"soups"),(894,"noodles"),(895,"cereals"),(896,"stews"),(897,"seafood"),(898,"desserts"),(899,"desserts"),(900,"noodles");

INSERT INTO Choroba (Id,Nazwa,Smiertelnosc,Objawy,Opis) VALUES (1,"Lycos","Srednia","Integer mollis. Integer","nibh enim, gravida sit amet, dapibus id, blandit at, nisi. Cum sociis natoque penatibus et"),(2,"Altavista","Niska","Sed","feugiat placerat velit. Quisque varius. Nam porttitor scelerisque neque. Nullam nisl. Maecenas"),(3,"Finale","Srednia","cursus a, enim. Suspendisse aliquet, sem ut cursus luctus,","varius ultrices, mauris ipsum porta"),(4,"Lavasoft","Wysoka","amet orci. Ut sagittis lobortis mauris. Suspendisse","mattis ornare, lectus ante dictum mi, ac mattis velit justo nec ante. Maecenas mi"),(5,"Apple Systems","Niska","et","molestie tortor nibh sit amet orci. Ut sagittis"),(6,"Macromedia","Wysoka","enim commodo hendrerit. Donec porttitor tellus non magna. Nam","nascetur ridiculus mus. Proin vel arcu eu odio tristique pharetra. Quisque ac libero nec"),(7,"Sibelius","Niska","sit amet,","neque. In"),(8,"Sibelius","Wysoka","In condimentum. Donec at arcu. Vestibulum","laoreet ipsum. Curabitur consequat, lectus sit amet"),(9,"Altavista","Srednia","leo, in lobortis tellus justo sit amet nulla. Donec","nec mauris blandit mattis. Cras eget nisi dictum augue malesuada malesuada. Integer id magna"),(10,"Adobe","Znikoma","nec tempus scelerisque,","est ac facilisis facilisis, magna tellus faucibus"),(11,"Cakewalk","Srednia","nisi.","euismod urna. Nullam"),(12,"Apple Systems","Wysoka","euismod mauris eu elit. Nulla facilisi.","eget, volutpat ornare,"),(13,"Sibelius","Wysoka","risus. Duis","libero. Proin"),(14,"Lavasoft","Znikoma","Integer tincidunt aliquam","ut cursus luctus, ipsum"),(15,"Macromedia","Znikoma","lacus. Mauris","turpis egestas. Aliquam fringilla cursus purus. Nullam scelerisque neque"),(16,"Lycos","Wysoka","pede nec ante blandit","lobortis ultrices."),(17,"Microsoft","Srednia","Quisque libero lacus, varius et, euismod et, commodo","Proin dolor. Nulla semper tellus id nunc interdum feugiat. Sed nec metus facilisis"),(18,"Altavista","Znikoma","arcu imperdiet ullamcorper.","aptent taciti sociosqu ad litora torquent per conubia nostra, per inceptos hymenaeos. Mauris"),(19,"Lycos","Wysoka","blandit at, nisi. Cum","in, tempus eu, ligula. Aenean euismod mauris eu"),(20,"Macromedia","Niska","in,","bibendum. Donec felis orci, adipiscing"),(21,"Borland","Znikoma","feugiat metus sit amet ante.","ac, eleifend vitae, erat. Vivamus nisi. Mauris nulla. Integer urna. Vivamus molestie dapibus ligula."),(22,"Chami","Znikoma","auctor.","dictum sapien. Aenean massa. Integer vitae nibh. Donec est"),(23,"Yahoo","Znikoma","Aliquam gravida mauris ut mi. Duis risus odio,","Proin eget odio. Aliquam vulputate ullamcorper magna. Sed eu eros. Nam consequat dolor vitae"),(24,"Altavista","Srednia","et","nulla magna, malesuada vel, convallis in, cursus et, eros. Proin ultrices. Duis volutpat"),(25,"Yahoo","Znikoma","ultricies sem magna nec quam.","erat vitae risus. Duis a mi fringilla mi lacinia"),(26,"Cakewalk","Znikoma","sociis natoque penatibus et magnis dis parturient montes,","Sed diam lorem, auctor quis, tristique ac, eleifend vitae, erat. Vivamus nisi. Mauris nulla. Integer"),(27,"Borland","Srednia","in","sit amet ante. Vivamus non lorem vitae"),(28,"Altavista","Niska","vel arcu eu odio tristique","nunc ac mattis ornare, lectus ante dictum mi,"),(29,"Microsoft","Znikoma","scelerisque, lorem","dignissim. Maecenas ornare egestas ligula. Nullam feugiat placerat velit. Quisque varius."),(30,"Yahoo","Znikoma","a","a, enim. Suspendisse aliquet, sem ut cursus luctus,"),(31,"Macromedia","Srednia","ipsum","malesuada id,"),(32,"Google","Srednia","nec, euismod in,","magna. Ut tincidunt orci quis lectus. Nullam suscipit, est ac facilisis facilisis, magna tellus faucibus"),(33,"Chami","Znikoma","pretium neque. Morbi quis urna. Nunc","ante ipsum primis in faucibus orci luctus et"),(34,"Macromedia","Znikoma","cursus vestibulum. Mauris magna. Duis","ipsum cursus vestibulum. Mauris magna. Duis dignissim tempor arcu. Vestibulum ut eros non"),(35,"Altavista","Niska","Cras eu tellus eu augue porttitor interdum. Sed auctor odio","dis parturient montes, nascetur ridiculus mus."),(36,"Altavista","Wysoka","Donec tempus, lorem fringilla ornare placerat, orci lacus vestibulum","in consectetuer ipsum nunc id enim. Curabitur massa. Vestibulum accumsan neque et nunc. Quisque"),(37,"Sibelius","Srednia","Pellentesque ultricies dignissim lacus. Aliquam rutrum lorem","aliquet libero. Integer in magna. Phasellus dolor elit, pellentesque a, facilisis non, bibendum"),(38,"Microsoft","Niska","enim diam vel arcu. Curabitur","at augue id ante dictum"),(39,"Adobe","Srednia","tempor augue ac ipsum. Phasellus vitae mauris sit amet lorem","eu elit. Nulla facilisi. Sed neque. Sed eget lacus. Mauris non dui"),(40,"Altavista","Niska","et ipsum","porttitor vulputate, posuere vulputate, lacus. Cras interdum. Nunc sollicitudin"),(41,"Finale","Niska","luctus sit amet, faucibus","nunc nulla vulputate dui, nec tempus mauris erat eget ipsum."),(42,"Cakewalk","Wysoka","mus. Proin vel nisl. Quisque fringilla","Aenean gravida nunc sed pede."),(43,"Borland","Srednia","Sed congue, elit sed consequat auctor,","ligula elit, pretium et, rutrum non, hendrerit id, ante. Nunc mauris sapien, cursus in,"),(44,"Apple Systems","Niska","consectetuer adipiscing elit. Curabitur sed tortor. Integer aliquam adipiscing","lacus. Quisque purus sapien, gravida non, sollicitudin a, malesuada id, erat. Etiam vestibulum massa"),(45,"Finale","Niska","amet nulla.","molestie sodales. Mauris blandit enim"),(46,"Google","Wysoka","arcu. Vestibulum ut eros non","pellentesque eget, dictum placerat, augue. Sed"),(47,"Finale","Wysoka","Integer tincidunt aliquam arcu. Aliquam","mauris blandit mattis. Cras eget nisi dictum augue malesuada malesuada. Integer id magna et ipsum"),(48,"Cakewalk","Wysoka","scelerisque neque. Nullam nisl. Maecenas malesuada fringilla","dictum eleifend, nunc risus varius orci, in consequat enim diam vel"),(49,"Macromedia","Niska","quis accumsan convallis,","hendrerit neque. In ornare sagittis felis. Donec tempor,"),(50,"Chami","Wysoka","sit amet nulla.","Quisque fringilla euismod enim. Etiam gravida molestie arcu."),(51,"Chami","Srednia","ipsum nunc id enim. Curabitur","ullamcorper. Duis cursus, diam at pretium aliquet,"),(52,"Cakewalk","Znikoma","ullamcorper. Duis cursus, diam at","ac arcu. Nunc mauris. Morbi non sapien molestie orci tincidunt adipiscing. Mauris molestie pharetra"),(53,"Sibelius","Wysoka","non magna.","interdum. Sed auctor odio a purus. Duis elementum, dui quis"),(54,"Microsoft","Niska","a felis ullamcorper viverra. Maecenas iaculis aliquet","Aliquam vulputate ullamcorper magna. Sed eu eros. Nam consequat dolor vitae dolor. Donec fringilla. Donec"),(55,"Apple Systems","Niska","Vivamus nisi. Mauris nulla. Integer urna. Vivamus","pellentesque. Sed dictum. Proin eget odio. Aliquam vulputate ullamcorper magna. Sed eu eros. Nam"),(56,"Google","Znikoma","vel est","eros turpis non enim. Mauris quis turpis vitae purus gravida sagittis. Duis gravida. Praesent eu"),(57,"Borland","Srednia","Donec tempor, est","urna. Nunc quis arcu vel quam dignissim pharetra. Nam ac nulla. In tincidunt congue"),(58,"Cakewalk","Wysoka","tempus, lorem fringilla","blandit viverra. Donec tempus, lorem fringilla ornare placerat, orci lacus vestibulum"),(59,"Sibelius","Srednia","Curae; Donec","ultricies ornare, elit elit fermentum"),(60,"Apple Systems","Znikoma","cursus luctus, ipsum","massa rutrum magna. Cras convallis convallis dolor. Quisque tincidunt pede ac urna."),(61,"Macromedia","Wysoka","dui lectus rutrum urna, nec luctus felis purus ac tellus.","ligula. Aliquam erat volutpat. Nulla dignissim. Maecenas ornare egestas ligula. Nullam feugiat placerat"),(62,"Yahoo","Niska","Sed eget lacus. Mauris non dui nec urna suscipit","adipiscing non, luctus sit amet, faucibus ut, nulla. Cras eu tellus eu augue"),(63,"Apple Systems","Znikoma","enim diam vel arcu.","dapibus ligula. Aliquam erat volutpat. Nulla dignissim. Maecenas ornare"),(64,"Lycos","Niska","Fusce aliquet magna a neque.","neque. Nullam"),(65,"Borland","Srednia","varius ultrices, mauris ipsum porta","blandit mattis. Cras eget nisi dictum augue malesuada malesuada. Integer"),(66,"Yahoo","Srednia","orci lacus vestibulum lorem, sit amet ultricies sem magna nec","Sed nulla ante, iaculis nec,"),(67,"Lycos","Niska","ipsum non arcu. Vivamus sit amet risus. Donec","tempor diam dictum sapien. Aenean massa. Integer vitae nibh."),(68,"Chami","Wysoka","elit","amet orci. Ut sagittis lobortis mauris. Suspendisse aliquet molestie"),(69,"Adobe","Niska","faucibus leo, in lobortis tellus justo sit amet nulla. Donec","elit sed consequat auctor, nunc"),(70,"Yahoo","Znikoma","lacinia vitae, sodales at, velit. Pellentesque","eget, ipsum. Donec sollicitudin adipiscing ligula. Aenean"),(71,"Borland","Wysoka","sed libero. Proin","Cras interdum. Nunc sollicitudin"),(72,"Adobe","Znikoma","vel quam dignissim pharetra.","risus quis diam luctus lobortis. Class aptent taciti"),(73,"Lycos","Srednia","dolor, nonummy ac, feugiat non,","Praesent eu dui. Cum sociis natoque penatibus et magnis dis"),(74,"Google","Znikoma","amet metus. Aliquam erat volutpat. Nulla facilisis. Suspendisse commodo tincidunt","orci quis lectus. Nullam suscipit, est ac facilisis facilisis, magna tellus faucibus leo, in lobortis"),(75,"Google","Niska","est arcu ac orci. Ut semper pretium neque. Morbi","magna. Nam"),(76,"Google","Srednia","Phasellus elit pede, malesuada vel,","auctor odio a purus. Duis"),(77,"Yahoo","Srednia","egestas a, scelerisque sed, sapien. Nunc pulvinar arcu et pede.","egestas hendrerit neque. In ornare sagittis felis. Donec tempor,"),(78,"Adobe","Znikoma","In","fermentum vel, mauris. Integer sem elit, pharetra ut, pharetra sed, hendrerit"),(79,"Yahoo","Znikoma","egestas.","sit amet metus. Aliquam erat volutpat. Nulla facilisis. Suspendisse commodo tincidunt nibh. Phasellus nulla. Integer"),(80,"Cakewalk","Srednia","elementum purus,","Praesent eu nulla at"),(81,"Lavasoft","Srednia","luctus ut, pellentesque eget, dictum","lacinia mattis. Integer eu lacus. Quisque imperdiet, erat nonummy ultricies ornare,"),(82,"Apple Systems","Niska","vitae sodales nisi magna","eget varius"),(83,"Altavista","Srednia","faucibus","sit amet, consectetuer adipiscing elit. Curabitur sed tortor. Integer aliquam adipiscing lacus. Ut nec urna"),(84,"Yahoo","Znikoma","malesuada","risus. Donec egestas. Duis ac arcu. Nunc"),(85,"Apple Systems","Niska","Mauris nulla. Integer urna. Vivamus molestie","Sed nec"),(86,"Chami","Srednia","at arcu. Vestibulum ante ipsum primis in","adipiscing. Mauris molestie pharetra nibh. Aliquam ornare, libero"),(87,"Finale","Niska","tellus.","malesuada vel, venenatis vel, faucibus id,"),(88,"Google","Niska","in, dolor. Fusce feugiat. Lorem ipsum dolor","ligula. Donec luctus aliquet odio. Etiam ligula tortor, dictum eu, placerat eget,"),(89,"Sibelius","Niska","sem magna nec quam. Curabitur vel lectus. Cum sociis natoque","Cras pellentesque. Sed dictum. Proin"),(90,"Chami","Znikoma","molestie tortor nibh sit amet","euismod mauris eu elit. Nulla facilisi. Sed neque."),(91,"Microsoft","Niska","sem eget massa. Suspendisse","fringilla. Donec feugiat metus sit amet ante. Vivamus"),(92,"Adobe","Znikoma","vitae diam. Proin","placerat, orci lacus vestibulum lorem, sit amet ultricies sem magna nec quam. Curabitur vel"),(93,"Lycos","Srednia","id, blandit at, nisi. Cum","Nullam enim. Sed nulla ante, iaculis nec, eleifend non, dapibus"),(94,"Google","Wysoka","porttitor scelerisque neque. Nullam nisl. Maecenas malesuada fringilla","Sed eget lacus. Mauris non dui nec urna suscipit nonummy. Fusce fermentum fermentum arcu. Vestibulum"),(95,"Sibelius","Niska","vitae, aliquet","rhoncus id, mollis nec, cursus a, enim."),(96,"Macromedia","Niska","eu elit. Nulla facilisi. Sed neque. Sed eget","vitae erat vel pede blandit congue. In scelerisque scelerisque dui. Suspendisse ac metus vitae"),(97,"Cakewalk","Znikoma","lacinia orci, consectetuer euismod est arcu ac orci. Ut semper","lacinia mattis. Integer eu lacus. Quisque imperdiet, erat"),(98,"Borland","Wysoka","sodales elit erat vitae risus. Duis a mi fringilla mi","vel quam dignissim pharetra. Nam ac nulla. In tincidunt congue turpis. In condimentum. Donec"),(99,"Apple Systems","Niska","id, blandit at,","condimentum eget, volutpat ornare, facilisis eget, ipsum. Donec sollicitudin adipiscing ligula. Aenean gravida"),(100,"Microsoft","Niska","fames ac turpis egestas. Fusce aliquet magna a neque. Nullam","aliquet nec,");
INSERT INTO Choroba (Id,Nazwa,Smiertelnosc,Objawy,Opis) VALUES (101,"Lycos","Znikoma","posuere at, velit. Cras lorem lorem, luctus ut,","Sed eu nibh vulputate mauris sagittis placerat. Cras dictum ultricies ligula."),(102,"Adobe","Niska","diam lorem, auctor quis, tristique ac, eleifend","libero dui nec"),(103,"Borland","Znikoma","sem","vel, convallis in, cursus et, eros. Proin ultrices. Duis volutpat nunc sit amet metus."),(104,"Cakewalk","Niska","et magnis dis parturient montes,","dignissim tempor arcu. Vestibulum ut"),(105,"Microsoft","Wysoka","sed pede. Cum sociis natoque penatibus et magnis","diam. Duis"),(106,"Google","Srednia","Donec nibh","libero est, congue a, aliquet vel, vulputate"),(107,"Macromedia","Niska","adipiscing non, luctus sit amet, faucibus ut, nulla. Cras eu","sem molestie sodales. Mauris blandit enim consequat purus. Maecenas libero est,"),(108,"Adobe","Wysoka","magna.","massa rutrum magna. Cras convallis convallis dolor. Quisque tincidunt pede ac urna. Ut tincidunt vehicula"),(109,"Macromedia","Znikoma","Duis volutpat nunc sit amet metus. Aliquam","fringilla euismod enim. Etiam gravida molestie arcu. Sed eu nibh vulputate mauris sagittis"),(110,"Microsoft","Srednia","Praesent eu","neque sed sem egestas"),(111,"Lavasoft","Niska","malesuada augue ut lacus. Nulla tincidunt, neque vitae semper egestas,","Morbi quis urna. Nunc quis arcu vel quam"),(112,"Google","Niska","mus. Proin vel nisl. Quisque","lorem eu metus. In lorem. Donec elementum,"),(113,"Adobe","Srednia","Donec luctus aliquet odio. Etiam ligula tortor, dictum","eu tellus eu augue porttitor interdum. Sed auctor odio a purus. Duis"),(114,"Microsoft","Znikoma","nec tellus. Nunc","adipiscing lobortis risus. In mi pede, nonummy ut, molestie in, tempus eu, ligula."),(115,"Macromedia","Znikoma","aliquam","neque et nunc. Quisque ornare tortor"),(116,"Yahoo","Wysoka","Ut sagittis lobortis mauris. Suspendisse aliquet molestie tellus. Aenean egestas","erat vel pede blandit congue. In scelerisque scelerisque dui. Suspendisse ac metus vitae velit egestas"),(117,"Apple Systems","Srednia","non enim. Mauris quis turpis vitae purus gravida sagittis. Duis","nisl arcu iaculis enim, sit amet ornare lectus justo"),(118,"Altavista","Wysoka","sem egestas blandit. Nam nulla magna, malesuada vel,","tincidunt adipiscing. Mauris molestie pharetra nibh. Aliquam ornare,"),(119,"Sibelius","Niska","amet, risus. Donec","ornare, elit elit fermentum risus, at"),(120,"Finale","Niska","mattis. Cras eget nisi dictum augue","nulla. Cras eu tellus eu augue porttitor interdum. Sed auctor odio a purus. Duis elementum,"),(121,"Adobe","Srednia","sit amet, faucibus","sem. Pellentesque"),(122,"Google","Niska","vitae,","non justo. Proin non massa non ante bibendum ullamcorper. Duis cursus, diam"),(123,"Cakewalk","Znikoma","ipsum non arcu. Vivamus sit amet risus.","feugiat. Sed nec metus facilisis lorem tristique aliquet. Phasellus fermentum convallis ligula. Donec luctus"),(124,"Altavista","Niska","sed","pede sagittis augue, eu tempor erat"),(125,"Microsoft","Niska","diam dictum sapien. Aenean massa. Integer vitae nibh. Donec","non, hendrerit id, ante. Nunc mauris sapien, cursus in, hendrerit"),(126,"Lavasoft","Niska","luctus vulputate, nisi sem","tempus mauris erat eget ipsum. Suspendisse sagittis."),(127,"Borland","Znikoma","dui. Cras pellentesque. Sed dictum.","amet lorem semper auctor. Mauris vel"),(128,"Macromedia","Srednia","Praesent eu dui. Cum sociis natoque penatibus et magnis dis","sagittis felis. Donec tempor, est ac mattis semper, dui lectus rutrum urna, nec"),(129,"Chami","Niska","rhoncus.","lorem, auctor quis, tristique"),(130,"Finale","Znikoma","metus. In nec","ac mi"),(131,"Chami","Niska","diam at pretium aliquet, metus urna","sagittis. Nullam vitae diam. Proin dolor. Nulla semper tellus id"),(132,"Finale","Wysoka","nisi. Aenean eget metus. In nec orci. Donec nibh. Quisque","Proin eget odio. Aliquam vulputate ullamcorper magna. Sed"),(133,"Google","Srednia","amet","Pellentesque habitant morbi tristique senectus et netus et malesuada fames ac turpis"),(134,"Microsoft","Srednia","tellus sem","Quisque purus sapien, gravida"),(135,"Cakewalk","Srednia","eu eros. Nam consequat dolor vitae dolor. Donec","magna. Cras"),(136,"Lycos","Znikoma","id","bibendum ullamcorper. Duis cursus, diam at pretium"),(137,"Borland","Srednia","vitae diam. Proin dolor. Nulla semper tellus id nunc interdum","at, libero. Morbi accumsan laoreet ipsum. Curabitur consequat, lectus sit"),(138,"Google","Niska","Proin nisl sem, consequat nec,","nulla. Integer urna. Vivamus molestie dapibus ligula. Aliquam erat"),(139,"Altavista","Wysoka","eget massa. Suspendisse eleifend. Cras sed leo.","purus. Maecenas libero est, congue a, aliquet vel, vulputate eu, odio. Phasellus at augue"),(140,"Finale","Niska","dui lectus rutrum urna, nec luctus","ac sem ut dolor dapibus gravida. Aliquam tincidunt, nunc"),(141,"Adobe","Znikoma","Sed et libero. Proin mi. Aliquam","diam. Proin dolor. Nulla semper tellus id nunc interdum feugiat. Sed nec"),(142,"Adobe","Niska","semper, dui lectus rutrum urna,","quis, pede. Praesent eu dui. Cum sociis natoque penatibus et"),(143,"Sibelius","Niska","ligula eu enim. Etiam imperdiet dictum magna.","et, commodo at, libero. Morbi accumsan"),(144,"Finale","Niska","enim. Etiam imperdiet dictum magna. Ut tincidunt orci quis lectus.","ligula. Aenean gravida nunc sed pede. Cum sociis natoque"),(145,"Sibelius","Srednia","elit. Curabitur sed tortor. Integer aliquam adipiscing","orci. Ut semper pretium neque. Morbi quis urna."),(146,"Apple Systems","Srednia","arcu.","augue scelerisque mollis. Phasellus libero mauris, aliquam eu, accumsan sed, facilisis vitae,"),(147,"Cakewalk","Srednia","pharetra sed, hendrerit a, arcu.","mauris a nunc. In at pede. Cras"),(148,"Cakewalk","Wysoka","dui,","vulputate, nisi sem semper"),(149,"Cakewalk","Wysoka","Mauris","fringilla mi lacinia mattis. Integer eu lacus. Quisque"),(150,"Finale","Znikoma","aliquet,","ut aliquam iaculis, lacus pede sagittis augue,"),(151,"Borland","Wysoka","nunc ac mattis","Suspendisse non leo. Vivamus nibh dolor,"),(152,"Sibelius","Wysoka","molestie. Sed id risus quis diam luctus","sapien. Aenean massa. Integer vitae nibh. Donec est mauris, rhoncus"),(153,"Cakewalk","Niska","sed pede. Cum sociis natoque penatibus et magnis dis","Cras lorem lorem, luctus ut, pellentesque eget, dictum placerat, augue. Sed molestie. Sed id"),(154,"Borland","Srednia","Cras dictum ultricies ligula. Nullam enim. Sed nulla","vulputate, nisi sem semper erat, in consectetuer"),(155,"Lavasoft","Srednia","ut, sem. Nulla interdum. Curabitur dictum.","nunc est, mollis non, cursus non, egestas a, dui. Cras pellentesque."),(156,"Borland","Srednia","pede, malesuada vel, venenatis vel, faucibus id,","nunc interdum feugiat."),(157,"Apple Systems","Znikoma","Sed neque. Sed eget lacus. Mauris non dui nec urna","Aliquam rutrum lorem ac"),(158,"Adobe","Wysoka","vitae purus gravida sagittis. Duis gravida. Praesent eu nulla","lectus ante dictum mi, ac mattis velit justo nec ante."),(159,"Lavasoft","Niska","Praesent eu dui. Cum sociis natoque penatibus et magnis","dolor sit amet,"),(160,"Microsoft","Srednia","natoque penatibus et magnis dis parturient montes, nascetur","libero lacus,"),(161,"Google","Niska","Sed nulla ante, iaculis","accumsan sed, facilisis vitae, orci. Phasellus dapibus quam quis diam. Pellentesque habitant"),(162,"Borland","Niska","Curabitur dictum. Phasellus in felis. Nulla tempor","senectus et netus et malesuada fames ac turpis egestas. Fusce aliquet magna"),(163,"Microsoft","Niska","nunc, ullamcorper eu, euismod ac, fermentum vel, mauris. Integer","in magna. Phasellus dolor elit, pellentesque a, facilisis non,"),(164,"Altavista","Znikoma","Nunc ac sem ut dolor dapibus gravida. Aliquam","ac orci. Ut semper pretium neque. Morbi quis urna. Nunc quis"),(165,"Google","Wysoka","Phasellus","Donec porttitor tellus"),(166,"Google","Znikoma","molestie tellus. Aenean egestas hendrerit neque. In","tellus. Phasellus elit pede, malesuada vel, venenatis vel, faucibus id,"),(167,"Microsoft","Znikoma","nibh dolor, nonummy ac, feugiat non, lobortis quis,","arcu. Vivamus sit amet risus. Donec egestas. Aliquam nec enim. Nunc"),(168,"Lavasoft","Wysoka","cubilia Curae;","convallis ligula. Donec luctus aliquet odio. Etiam ligula tortor, dictum"),(169,"Altavista","Wysoka","arcu.","quis diam. Pellentesque habitant morbi tristique senectus et netus"),(170,"Finale","Srednia","magna. Ut tincidunt","et magnis dis parturient montes, nascetur"),(171,"Apple Systems","Znikoma","egestas rhoncus. Proin nisl sem, consequat nec, mollis vitae, posuere","metus vitae velit egestas lacinia. Sed congue, elit sed consequat auctor, nunc nulla vulputate dui,"),(172,"Altavista","Wysoka","hendrerit. Donec porttitor tellus","ornare egestas ligula. Nullam feugiat placerat velit. Quisque varius. Nam porttitor"),(173,"Cakewalk","Znikoma","urna suscipit nonummy. Fusce fermentum","Cum sociis natoque penatibus et magnis dis parturient montes, nascetur ridiculus"),(174,"Apple Systems","Niska","magna. Lorem ipsum dolor sit amet,","nisl. Maecenas malesuada fringilla est. Mauris eu"),(175,"Apple Systems","Srednia","quis diam. Pellentesque habitant morbi tristique senectus et netus","ultrices, mauris ipsum porta elit, a feugiat tellus lorem eu metus. In lorem."),(176,"Lycos","Niska","eu tellus eu augue porttitor interdum. Sed auctor odio a","at risus. Nunc ac sem ut dolor dapibus"),(177,"Finale","Niska","magna.","magnis dis parturient montes, nascetur ridiculus mus. Proin vel arcu"),(178,"Lycos","Wysoka","dictum augue malesuada malesuada. Integer id magna","tellus sem mollis dui, in sodales elit erat vitae"),(179,"Microsoft","Niska","nisi. Mauris nulla. Integer urna. Vivamus molestie dapibus ligula.","lectus ante dictum mi, ac mattis velit justo nec ante. Maecenas mi felis,"),(180,"Altavista","Znikoma","lobortis mauris. Suspendisse aliquet molestie tellus.","elit. Etiam laoreet, libero et tristique pellentesque, tellus sem"),(181,"Chami","Srednia","in","nascetur ridiculus mus. Aenean eget magna. Suspendisse tristique neque venenatis lacus."),(182,"Lavasoft","Wysoka","vitae, sodales at, velit. Pellentesque ultricies dignissim lacus. Aliquam rutrum","sed turpis nec mauris blandit mattis. Cras eget"),(183,"Chami","Znikoma","urna","ut mi. Duis"),(184,"Cakewalk","Znikoma","arcu. Vestibulum ante ipsum primis","aliquet nec, imperdiet"),(185,"Microsoft","Wysoka","mauris. Suspendisse aliquet molestie tellus.","elit. Nulla"),(186,"Chami","Znikoma","sed, est. Nunc laoreet lectus quis massa.","faucibus id, libero. Donec consectetuer mauris id sapien. Cras"),(187,"Lavasoft","Srednia","eget, volutpat ornare, facilisis","aliquam, enim nec tempus scelerisque, lorem ipsum sodales purus, in molestie tortor nibh"),(188,"Chami","Niska","Suspendisse aliquet molestie tellus. Aenean egestas hendrerit neque.","non, lobortis quis, pede. Suspendisse dui. Fusce"),(189,"Chami","Niska","est ac mattis semper, dui lectus","lectus convallis est, vitae"),(190,"Finale","Niska","luctus felis purus ac tellus.","Nullam suscipit, est ac facilisis facilisis, magna tellus faucibus leo,"),(191,"Apple Systems","Znikoma","magna. Suspendisse tristique neque venenatis lacus. Etiam bibendum fermentum","Nullam nisl. Maecenas malesuada fringilla est. Mauris eu turpis. Nulla"),(192,"Microsoft","Niska","nulla.","augue malesuada malesuada. Integer id magna et"),(193,"Lavasoft","Srednia","mauris, rhoncus id, mollis nec, cursus","adipiscing non, luctus sit amet, faucibus ut, nulla. Cras eu tellus eu augue"),(194,"Finale","Wysoka","adipiscing lacus. Ut nec urna et arcu imperdiet","Vestibulum ante ipsum primis in faucibus orci luctus et ultrices posuere cubilia"),(195,"Altavista","Srednia","tristique ac, eleifend vitae, erat. Vivamus nisi. Mauris nulla. Integer","vel arcu eu odio tristique pharetra. Quisque ac libero"),(196,"Lycos","Srednia","ornare. Fusce mollis. Duis sit amet diam","venenatis lacus. Etiam bibendum fermentum"),(197,"Microsoft","Srednia","vehicula. Pellentesque tincidunt tempus risus. Donec egestas.","dignissim magna"),(198,"Google","Wysoka","Donec nibh enim, gravida sit amet,","Sed eu eros. Nam consequat dolor vitae dolor. Donec fringilla. Donec feugiat metus sit amet"),(199,"Lavasoft","Srednia","parturient montes,","ac urna. Ut tincidunt vehicula risus. Nulla eget metus eu"),(200,"Lavasoft","Niska","ultrices, mauris ipsum porta elit, a feugiat","odio vel est tempor bibendum. Donec felis orci, adipiscing non, luctus sit amet, faucibus ut,");
INSERT INTO Choroba (Id,Nazwa,Smiertelnosc,Objawy,Opis) VALUES (201,"Lycos","Znikoma","amet, faucibus ut,","a, arcu. Sed et libero. Proin mi. Aliquam gravida mauris ut mi. Duis risus odio,"),(202,"Borland","Srednia","placerat, augue. Sed molestie. Sed id risus","libero. Proin mi. Aliquam gravida mauris ut mi. Duis risus odio, auctor vitae, aliquet nec,"),(203,"Lavasoft","Niska","Etiam vestibulum","nec mauris blandit mattis. Cras eget nisi dictum augue malesuada"),(204,"Borland","Wysoka","mauris erat eget ipsum. Suspendisse sagittis. Nullam vitae","Nullam nisl."),(205,"Macromedia","Niska","massa. Integer vitae nibh. Donec est mauris, rhoncus","Curae; Donec tincidunt. Donec vitae erat vel"),(206,"Microsoft","Niska","nunc ac mattis","orci, in consequat enim diam vel arcu. Curabitur ut odio vel est tempor bibendum. Donec"),(207,"Lavasoft","Wysoka","odio","gravida sit amet, dapibus id, blandit at, nisi. Cum sociis natoque"),(208,"Yahoo","Niska","Nunc mauris. Morbi non sapien molestie orci tincidunt adipiscing.","amet ornare lectus justo eu arcu. Morbi sit"),(209,"Finale","Wysoka","Nunc lectus","primis in faucibus orci luctus et ultrices posuere cubilia Curae; Phasellus ornare. Fusce mollis."),(210,"Adobe","Wysoka","ac risus. Morbi metus. Vivamus","magna a neque. Nullam ut nisi a odio semper cursus. Integer mollis."),(211,"Borland","Srednia","nibh vulputate mauris sagittis placerat. Cras dictum ultricies ligula. Nullam","Curabitur dictum. Phasellus in felis. Nulla tempor augue ac ipsum. Phasellus vitae mauris"),(212,"Chami","Srednia","orci luctus et ultrices posuere cubilia Curae; Donec","non dui nec urna suscipit nonummy. Fusce fermentum fermentum arcu."),(213,"Chami","Srednia","Nulla facilisi. Sed neque. Sed eget lacus. Mauris non dui","luctus ut, pellentesque eget, dictum placerat, augue. Sed molestie. Sed"),(214,"Altavista","Srednia","Proin mi. Aliquam gravida mauris ut mi. Duis risus odio,","odio sagittis semper. Nam tempor diam dictum sapien. Aenean massa. Integer"),(215,"Microsoft","Wysoka","scelerisque neque sed sem egestas blandit. Nam nulla","sed turpis nec mauris blandit mattis. Cras eget nisi dictum augue malesuada malesuada. Integer"),(216,"Yahoo","Srednia","sed pede. Cum sociis natoque penatibus et","nunc sed pede. Cum sociis natoque penatibus et magnis dis parturient montes, nascetur ridiculus mus."),(217,"Finale","Znikoma","lorem, sit amet ultricies sem","consectetuer mauris"),(218,"Lavasoft","Srednia","dolor, nonummy ac, feugiat non, lobortis quis,","lectus pede, ultrices a, auctor non, feugiat nec, diam. Duis mi enim,"),(219,"Finale","Znikoma","sit amet ornare lectus","ullamcorper, velit in aliquet lobortis, nisi"),(220,"Finale","Znikoma","sociis natoque penatibus","nisi. Cum sociis natoque penatibus et magnis dis parturient montes, nascetur ridiculus"),(221,"Microsoft","Znikoma","amet ornare lectus justo eu arcu. Morbi","tempor erat neque non quam."),(222,"Altavista","Niska","ipsum leo elementum sem, vitae","Cum sociis"),(223,"Sibelius","Wysoka","vestibulum nec,","velit dui, semper et, lacinia vitae, sodales"),(224,"Lycos","Srednia","dolor. Nulla semper tellus id","convallis erat, eget tincidunt dui augue eu tellus."),(225,"Microsoft","Wysoka","ultrices a, auctor non, feugiat nec, diam. Duis mi","Donec tempus, lorem fringilla ornare placerat, orci lacus vestibulum lorem, sit amet"),(226,"Sibelius","Niska","Mauris","volutpat. Nulla facilisis. Suspendisse commodo tincidunt nibh. Phasellus nulla. Integer vulputate, risus"),(227,"Lavasoft","Niska","montes, nascetur ridiculus mus. Proin vel arcu eu odio tristique","ut lacus. Nulla tincidunt,"),(228,"Yahoo","Znikoma","facilisis facilisis, magna tellus faucibus leo, in","bibendum sed, est. Nunc laoreet lectus quis"),(229,"Sibelius","Wysoka","placerat, orci lacus","vitae mauris sit amet lorem semper auctor. Mauris vel turpis. Aliquam adipiscing lobortis"),(230,"Yahoo","Srednia","Nulla dignissim. Maecenas ornare egestas","sit amet ante. Vivamus non lorem vitae odio sagittis semper. Nam tempor"),(231,"Borland","Niska","orci luctus et ultrices posuere cubilia Curae; Donec tincidunt. Donec","faucibus leo, in lobortis tellus justo sit"),(232,"Lycos","Znikoma","lectus rutrum urna, nec luctus felis purus","natoque penatibus et magnis dis parturient montes, nascetur"),(233,"Chami","Wysoka","vestibulum,","pellentesque massa lobortis ultrices. Vivamus rhoncus. Donec est. Nunc"),(234,"Borland","Srednia","gravida sagittis. Duis","ad litora torquent per conubia nostra, per inceptos hymenaeos. Mauris ut quam vel"),(235,"Altavista","Znikoma","odio tristique","cursus et, magna. Praesent interdum ligula eu enim. Etiam"),(236,"Microsoft","Znikoma","Fusce diam nunc, ullamcorper eu, euismod ac, fermentum","lorem ipsum sodales purus, in molestie tortor nibh sit amet"),(237,"Cakewalk","Znikoma","malesuada vel, venenatis vel, faucibus id,","purus, in molestie tortor nibh sit amet orci. Ut sagittis lobortis mauris. Suspendisse"),(238,"Lycos","Srednia","mattis.","Vivamus non lorem vitae odio"),(239,"Sibelius","Znikoma","interdum","Duis cursus, diam at pretium aliquet, metus urna convallis erat, eget tincidunt"),(240,"Cakewalk","Niska","erat","metus eu"),(241,"Chami","Znikoma","cursus vestibulum. Mauris magna.","enim consequat purus. Maecenas libero est, congue"),(242,"Macromedia","Srednia","nunc interdum feugiat.","ullamcorper, nisl arcu iaculis enim, sit amet ornare lectus justo eu"),(243,"Apple Systems","Niska","diam. Duis mi enim, condimentum eget, volutpat ornare, facilisis","magna. Sed eu eros. Nam consequat dolor vitae dolor. Donec fringilla. Donec feugiat metus sit"),(244,"Microsoft","Niska","lacus vestibulum","Donec est mauris, rhoncus id, mollis nec, cursus a, enim. Suspendisse aliquet,"),(245,"Sibelius","Srednia","Nam ac","nunc id enim. Curabitur massa. Vestibulum accumsan neque et nunc. Quisque ornare"),(246,"Altavista","Wysoka","in felis. Nulla","fermentum risus, at"),(247,"Apple Systems","Znikoma","Maecenas ornare egestas ligula.","hendrerit id, ante. Nunc mauris sapien, cursus in, hendrerit consectetuer, cursus et, magna. Praesent"),(248,"Finale","Wysoka","imperdiet non, vestibulum nec, euismod","hendrerit neque."),(249,"Apple Systems","Znikoma","lacus. Cras interdum. Nunc sollicitudin","cursus et,"),(250,"Finale","Znikoma","magna a","ut mi. Duis risus odio, auctor vitae,"),(251,"Yahoo","Wysoka","aliquam","Nam tempor diam dictum sapien. Aenean massa."),(252,"Microsoft","Niska","nulla vulputate dui, nec tempus mauris erat eget ipsum.","sodales. Mauris blandit enim consequat purus. Maecenas libero est, congue a, aliquet"),(253,"Lavasoft","Niska","Morbi quis urna.","sed pede nec ante blandit"),(254,"Sibelius","Wysoka","id magna et ipsum cursus vestibulum. Mauris","feugiat metus sit amet ante. Vivamus non lorem vitae"),(255,"Yahoo","Wysoka","porttitor vulputate, posuere vulputate, lacus.","dui. Fusce diam nunc, ullamcorper eu, euismod ac, fermentum vel, mauris."),(256,"Borland","Wysoka","risus. Donec egestas. Aliquam nec enim.","vulputate, lacus. Cras interdum. Nunc sollicitudin commodo ipsum. Suspendisse non leo. Vivamus"),(257,"Cakewalk","Znikoma","amet, risus. Donec nibh enim, gravida sit amet,","sed tortor. Integer aliquam adipiscing"),(258,"Microsoft","Srednia","at, libero. Morbi accumsan laoreet ipsum. Curabitur consequat, lectus sit","Proin mi. Aliquam gravida mauris ut mi. Duis risus odio, auctor vitae, aliquet nec,"),(259,"Borland","Niska","ut ipsum ac mi eleifend egestas. Sed pharetra, felis","orci. Phasellus dapibus quam quis diam. Pellentesque habitant morbi tristique senectus et netus et malesuada"),(260,"Altavista","Srednia","orci lacus vestibulum lorem, sit amet ultricies","mauris, rhoncus id, mollis nec, cursus a, enim. Suspendisse aliquet, sem ut"),(261,"Google","Wysoka","Vivamus non lorem vitae odio","vestibulum massa rutrum magna. Cras"),(262,"Lavasoft","Niska","faucibus lectus, a sollicitudin","Etiam gravida molestie"),(263,"Borland","Srednia","In","sapien imperdiet"),(264,"Altavista","Wysoka","at, egestas a, scelerisque sed, sapien.","tellus eu augue porttitor interdum. Sed auctor odio"),(265,"Macromedia","Znikoma","quis urna. Nunc quis","montes, nascetur ridiculus mus."),(266,"Yahoo","Srednia","Integer urna. Vivamus molestie dapibus ligula. Aliquam erat volutpat.","elementum sem, vitae aliquam eros turpis non enim. Mauris quis turpis vitae purus"),(267,"Yahoo","Niska","interdum. Sed auctor odio a purus. Duis elementum,","semper pretium neque. Morbi"),(268,"Yahoo","Wysoka","Nulla tempor augue ac ipsum. Phasellus vitae","non, lacinia at, iaculis quis,"),(269,"Apple Systems","Niska","est arcu ac","tincidunt, nunc ac mattis ornare, lectus ante dictum mi, ac mattis velit"),(270,"Adobe","Znikoma","diam vel arcu.","dictum eleifend, nunc"),(271,"Cakewalk","Niska","non, sollicitudin","primis in faucibus orci luctus"),(272,"Lycos","Znikoma","mollis dui, in sodales elit erat","pede. Praesent"),(273,"Finale","Niska","Nulla eget","mattis. Integer eu lacus. Quisque imperdiet, erat nonummy ultricies ornare,"),(274,"Lycos","Znikoma","elit, pellentesque a, facilisis non, bibendum sed, est. Nunc laoreet","orci lobortis"),(275,"Google","Znikoma","Nunc commodo auctor velit. Aliquam nisl.","Duis cursus, diam at pretium aliquet, metus urna"),(276,"Altavista","Srednia","risus. In mi pede, nonummy ut, molestie in, tempus eu,","eu, odio. Phasellus at"),(277,"Adobe","Niska","Duis","vitae sodales nisi magna sed dui. Fusce aliquam, enim nec tempus scelerisque, lorem"),(278,"Chami","Znikoma","ut ipsum","Nunc sed orci lobortis augue"),(279,"Yahoo","Znikoma","lobortis tellus justo sit amet nulla. Donec","ante, iaculis nec, eleifend non, dapibus rutrum, justo. Praesent luctus. Curabitur egestas"),(280,"Yahoo","Niska","ut ipsum ac","nec ante blandit viverra. Donec tempus, lorem fringilla ornare placerat, orci lacus"),(281,"Finale","Niska","turpis. In condimentum. Donec at arcu.","egestas hendrerit neque. In ornare sagittis felis. Donec tempor, est ac mattis semper, dui lectus"),(282,"Macromedia","Wysoka","sociis natoque penatibus","dis parturient montes, nascetur ridiculus mus. Proin vel nisl. Quisque"),(283,"Chami","Srednia","ac mi eleifend egestas. Sed","vitae odio"),(284,"Google","Znikoma","nec urna suscipit nonummy. Fusce fermentum","et pede. Nunc sed orci lobortis"),(285,"Lavasoft","Wysoka","cursus et, magna. Praesent interdum ligula","et tristique pellentesque, tellus sem mollis dui, in"),(286,"Lavasoft","Niska","Donec","suscipit, est ac facilisis"),(287,"Altavista","Wysoka","in, tempus eu, ligula. Aenean euismod mauris eu elit.","ornare sagittis felis. Donec tempor, est ac mattis semper, dui"),(288,"Finale","Wysoka","pharetra. Nam ac nulla. In tincidunt congue","non sapien molestie orci tincidunt adipiscing. Mauris molestie"),(289,"Borland","Srednia","Nulla tincidunt, neque vitae semper egestas,","congue, elit sed consequat auctor,"),(290,"Cakewalk","Niska","odio, auctor","nec quam. Curabitur vel lectus. Cum sociis natoque penatibus et magnis dis parturient montes, nascetur"),(291,"Yahoo","Niska","risus. Nunc ac sem ut dolor dapibus gravida.","ultricies ornare, elit elit fermentum risus,"),(292,"Chami","Srednia","Duis sit amet diam eu","Duis cursus, diam at pretium aliquet, metus urna convallis"),(293,"Finale","Wysoka","lacus. Quisque purus sapien, gravida non,","elit. Etiam laoreet, libero et tristique pellentesque, tellus sem mollis"),(294,"Google","Wysoka","Integer mollis. Integer tincidunt aliquam arcu. Aliquam","Donec est mauris, rhoncus id, mollis nec, cursus a, enim. Suspendisse aliquet, sem ut cursus"),(295,"Microsoft","Srednia","nonummy ac, feugiat non, lobortis quis, pede. Suspendisse dui.","consectetuer, cursus et, magna. Praesent interdum ligula eu enim."),(296,"Yahoo","Znikoma","sodales elit erat vitae risus.","at fringilla purus mauris a nunc. In at pede. Cras vulputate velit eu sem. Pellentesque"),(297,"Finale","Niska","imperdiet, erat","cursus purus. Nullam scelerisque neque sed sem egestas"),(298,"Chami","Znikoma","sem semper erat, in consectetuer ipsum nunc","dolor. Donec fringilla. Donec feugiat metus sit amet ante. Vivamus non lorem vitae"),(299,"Lycos","Srednia","Ut nec urna et arcu imperdiet ullamcorper. Duis","nascetur ridiculus mus. Aenean eget magna. Suspendisse tristique neque venenatis lacus."),(300,"Microsoft","Wysoka","porttitor tellus non magna. Nam","arcu. Vivamus sit amet risus.");

INSERT INTO KontrolaAdopcyjna (Id,Data,PracownikId,AdoptantId,Wynik,Komentarz) VALUES (1,"2017-05-08",368,254,1,"mattis. Integer eu lacus. Quisque"),(2,"2017-03-14",481,166,0,"metus. In nec orci. Donec nibh. Quisque"),(3,"2017-09-10",545,159,0,"egestas. Sed"),(4,"2016-07-11",433,19,0,"amet, risus. Donec nibh enim, gravida"),(5,"2017-11-26",335,203,0,"Etiam gravida"),(6,"2017-09-04",325,8,1,"nisi. Aenean eget metus. In"),(7,"2016-03-12",354,224,1,"tincidunt tempus risus. Donec"),(8,"2016-09-15",337,250,1,"ante, iaculis nec, eleifend non,"),(9,"2016-02-08",422,196,1,"posuere"),(10,"2017-01-17",451,3,1,"purus. Duis elementum, dui quis accumsan convallis, ante lectus convallis est,"),(11,"2017-06-04",512,269,1,"euismod ac, fermentum vel,"),(12,"2017-06-07",303,290,1,"vestibulum, neque sed dictum"),(13,"2016-12-20",488,86,0,"elementum, lorem ut aliquam iaculis,"),(14,"2016-08-03",446,260,1,"erat volutpat. Nulla facilisis. Suspendisse commodo tincidunt nibh. Phasellus nulla. Integer"),(15,"2016-10-10",366,206,0,"tellus. Nunc"),(16,"2017-08-17",346,73,1,"nibh. Donec est mauris, rhoncus id, mollis nec, cursus a, enim. Suspendisse aliquet, sem ut cursus luctus,"),(17,"2016-05-26",425,83,0,"dolor, tempus non, lacinia at, iaculis quis, pede. Praesent eu"),(18,"2017-09-06",397,120,1,"tempor bibendum. Donec felis orci, adipiscing non, luctus sit amet, faucibus ut, nulla. Cras"),(19,"2016-01-13",464,235,1,"turpis egestas. Aliquam fringilla cursus purus. Nullam scelerisque neque sed sem egestas blandit. Nam nulla magna,"),(20,"2016-11-16",472,43,0,"lacus. Ut nec urna et arcu imperdiet ullamcorper. Duis at lacus. Quisque purus sapien, gravida non, sollicitudin a, malesuada id,"),(21,"2017-11-06",560,93,0,"non sapien molestie orci tincidunt adipiscing. Mauris molestie pharetra nibh. Aliquam ornare, libero at auctor ullamcorper, nisl arcu"),(22,"2016-05-30",533,226,1,"enim. Suspendisse aliquet,"),(23,"2017-06-06",338,23,1,"augue porttitor interdum. Sed auctor odio a"),(24,"2017-01-08",322,15,1,"semper auctor. Mauris vel turpis. Aliquam adipiscing lobortis risus."),(25,"2016-09-18",340,6,0,"dui, nec tempus mauris erat eget ipsum. Suspendisse sagittis. Nullam vitae diam. Proin dolor. Nulla"),(26,"2017-02-20",320,173,0,"cubilia Curae; Phasellus ornare. Fusce mollis. Duis sit amet diam eu dolor egestas rhoncus. Proin"),(27,"2016-09-21",571,80,1,"nisl sem, consequat"),(28,"2016-09-16",340,179,1,"eu, ligula. Aenean euismod mauris eu elit. Nulla facilisi. Sed neque. Sed eget"),(29,"2016-03-11",415,202,1,"scelerisque dui. Suspendisse ac metus vitae velit egestas lacinia. Sed congue, elit"),(30,"2016-03-17",400,78,0,"risus. Morbi metus. Vivamus euismod"),(31,"2017-12-17",336,164,1,"risus. Quisque libero lacus,"),(32,"2017-11-01",363,211,1,"Sed eu nibh vulputate mauris sagittis placerat. Cras dictum ultricies ligula. Nullam enim. Sed nulla ante, iaculis nec, eleifend"),(33,"2017-11-28",321,146,1,"nisi. Mauris nulla. Integer urna. Vivamus molestie dapibus ligula. Aliquam erat"),(34,"2016-04-15",537,1,0,"diam luctus lobortis. Class aptent taciti sociosqu ad litora torquent per conubia nostra, per inceptos hymenaeos. Mauris"),(35,"2016-02-17",495,267,1,"Sed"),(36,"2017-06-24",534,177,0,"orci lacus vestibulum lorem,"),(37,"2017-02-11",355,174,0,"Quisque fringilla euismod enim. Etiam gravida molestie arcu. Sed eu nibh vulputate mauris sagittis placerat. Cras"),(38,"2017-12-14",569,195,0,"feugiat metus"),(39,"2017-09-27",423,24,0,"sagittis. Nullam"),(40,"2016-05-27",432,12,0,"sagittis augue, eu tempor erat neque non quam. Pellentesque habitant"),(41,"2016-01-04",378,250,0,"Suspendisse commodo tincidunt nibh. Phasellus nulla. Integer vulputate, risus a ultricies adipiscing, enim mi tempor lorem, eget mollis lectus pede"),(42,"2017-05-10",599,265,0,"lorem, sit amet ultricies sem magna nec quam. Curabitur vel lectus. Cum sociis natoque penatibus et"),(43,"2016-09-29",539,239,1,"dignissim tempor arcu. Vestibulum ut eros non"),(44,"2017-06-28",474,299,1,"Proin sed turpis nec mauris blandit mattis. Cras eget nisi dictum augue"),(45,"2017-03-21",496,192,1,"ac nulla. In tincidunt congue turpis. In condimentum."),(46,"2016-08-09",591,251,1,"massa. Quisque porttitor eros nec tellus. Nunc lectus pede, ultrices a, auctor non,"),(47,"2016-06-17",408,73,0,"ipsum ac mi eleifend egestas."),(48,"2016-12-21",356,188,0,"sapien. Nunc pulvinar arcu et"),(49,"2017-04-01",492,300,1,"ultrices. Duis volutpat nunc sit amet metus. Aliquam erat volutpat. Nulla facilisis. Suspendisse commodo tincidunt nibh. Phasellus"),(50,"2016-07-14",329,61,1,"augue ut lacus. Nulla tincidunt, neque vitae semper"),(51,"2017-05-17",587,254,0,"nibh. Aliquam ornare, libero at auctor ullamcorper, nisl arcu iaculis enim, sit amet ornare lectus justo eu arcu. Morbi sit"),(52,"2016-05-15",513,42,1,"cubilia Curae; Phasellus ornare. Fusce mollis. Duis sit amet diam"),(53,"2017-07-04",560,190,0,"ultrices posuere cubilia Curae; Phasellus ornare. Fusce mollis. Duis sit amet diam eu"),(54,"2016-07-05",483,252,0,"enim. Curabitur massa. Vestibulum accumsan neque"),(55,"2017-07-28",583,66,0,"magna. Ut tincidunt orci quis lectus. Nullam suscipit, est ac"),(56,"2016-04-06",499,255,0,"tristique aliquet."),(57,"2017-05-31",551,71,1,"pellentesque a,"),(58,"2016-05-06",595,209,1,"lorem eu metus. In lorem. Donec elementum, lorem ut aliquam iaculis, lacus pede sagittis augue, eu tempor erat neque"),(59,"2016-09-22",484,46,1,"Quisque porttitor eros nec tellus. Nunc lectus pede, ultrices"),(60,"2017-06-15",395,278,1,"ac urna. Ut tincidunt vehicula risus. Nulla eget"),(61,"2017-04-27",599,226,1,"vel arcu. Curabitur ut odio vel est tempor"),(62,"2016-11-29",382,140,0,"dapibus rutrum, justo. Praesent luctus. Curabitur egestas nunc sed libero. Proin sed turpis nec mauris blandit"),(63,"2017-10-24",380,83,0,"at, nisi. Cum sociis natoque penatibus et magnis dis parturient"),(64,"2016-09-12",364,244,1,"amet lorem semper auctor. Mauris vel turpis. Aliquam adipiscing lobortis risus. In mi pede, nonummy"),(65,"2016-03-29",477,146,1,"nisi"),(66,"2016-04-23",511,175,1,"neque pellentesque massa lobortis ultrices. Vivamus rhoncus. Donec est. Nunc ullamcorper, velit in aliquet lobortis, nisi nibh lacinia"),(67,"2016-05-31",315,215,1,"enim mi tempor"),(68,"2016-01-31",600,84,0,"Integer vulputate, risus"),(69,"2017-09-18",561,177,0,"sit amet, faucibus ut, nulla. Cras eu tellus"),(70,"2017-09-04",320,114,0,"adipiscing lacus. Ut"),(71,"2016-12-24",332,238,0,"purus. Maecenas libero est, congue a, aliquet vel, vulputate eu, odio. Phasellus at augue id ante dictum cursus. Nunc"),(72,"2016-08-10",360,272,1,"sagittis. Duis gravida. Praesent eu nulla at sem molestie sodales. Mauris blandit enim consequat purus. Maecenas libero"),(73,"2017-11-27",405,253,1,"justo nec ante. Maecenas mi felis, adipiscing fringilla, porttitor vulputate, posuere"),(74,"2017-03-01",550,206,1,"scelerisque mollis. Phasellus libero mauris, aliquam eu, accumsan sed, facilisis vitae, orci."),(75,"2017-01-30",361,190,0,"sem elit, pharetra ut, pharetra sed, hendrerit a, arcu. Sed et libero. Proin"),(76,"2017-09-21",533,93,1,"metus. In lorem. Donec elementum, lorem ut aliquam iaculis, lacus pede sagittis augue, eu tempor erat neque non quam."),(77,"2016-11-25",489,224,0,"accumsan sed, facilisis vitae, orci. Phasellus dapibus quam quis diam. Pellentesque habitant morbi tristique senectus et netus et malesuada"),(78,"2017-09-13",343,250,0,"mauris a nunc. In at pede. Cras vulputate velit eu sem. Pellentesque ut ipsum ac"),(79,"2016-03-31",491,259,0,"non, lacinia at, iaculis quis, pede. Praesent eu dui."),(80,"2016-03-29",554,239,1,"metus. In nec orci. Donec nibh. Quisque nonummy ipsum non arcu. Vivamus sit amet risus. Donec"),(81,"2016-01-14",543,175,0,"auctor ullamcorper, nisl arcu iaculis enim, sit"),(82,"2016-10-17",590,184,1,"a odio semper"),(83,"2017-10-23",498,102,1,"et pede. Nunc sed orci lobortis augue scelerisque"),(84,"2017-12-17",424,159,1,"dictum. Phasellus in felis. Nulla tempor augue ac ipsum. Phasellus vitae mauris sit amet lorem semper auctor. Mauris vel turpis."),(85,"2017-04-22",409,121,1,"at auctor ullamcorper, nisl arcu iaculis"),(86,"2016-09-13",454,285,1,"nonummy. Fusce fermentum fermentum arcu. Vestibulum ante ipsum primis in faucibus orci luctus"),(87,"2017-10-10",474,242,1,"Cras eget nisi dictum augue malesuada malesuada. Integer id magna et ipsum cursus vestibulum. Mauris magna. Duis dignissim tempor arcu."),(88,"2017-06-28",437,164,1,"convallis ligula. Donec"),(89,"2017-05-23",309,16,0,"dui. Cum sociis natoque"),(90,"2016-10-15",592,72,0,"enim nec tempus scelerisque, lorem ipsum sodales purus, in molestie tortor nibh sit amet"),(91,"2016-05-23",405,150,1,"eget metus eu erat semper rutrum. Fusce dolor quam, elementum at, egestas a, scelerisque"),(92,"2016-04-12",325,257,1,"In lorem. Donec elementum, lorem ut aliquam iaculis, lacus pede sagittis augue, eu tempor erat neque non"),(93,"2016-05-11",318,80,0,"erat neque non quam. Pellentesque habitant morbi tristique senectus et netus et malesuada fames ac"),(94,"2017-09-26",429,90,0,"Nulla semper tellus id nunc"),(95,"2016-03-24",489,255,1,"scelerisque,"),(96,"2017-03-15",376,239,0,"Aliquam rutrum lorem ac risus. Morbi metus. Vivamus euismod urna."),(97,"2017-06-16",430,89,0,"tempus non, lacinia"),(98,"2017-06-10",371,225,0,"Cras interdum. Nunc sollicitudin commodo ipsum. Suspendisse non leo. Vivamus nibh dolor, nonummy ac, feugiat non, lobortis"),(99,"2016-06-06",320,271,0,"Nunc ut erat. Sed nunc est,"),(100,"2016-05-10",404,137,0,"lectus");
INSERT INTO KontrolaAdopcyjna (Id,Data,PracownikId,AdoptantId,Wynik,Komentarz) VALUES (101,"2017-11-02",342,125,0,"elementum, dui quis accumsan convallis,"),(102,"2016-11-04",406,176,0,"Vivamus molestie dapibus ligula. Aliquam erat volutpat. Nulla dignissim. Maecenas"),(103,"2017-04-25",336,19,1,"Etiam imperdiet dictum magna. Ut tincidunt orci quis lectus. Nullam suscipit, est ac facilisis facilisis,"),(104,"2017-10-17",460,31,1,"sapien. Cras dolor dolor, tempus non, lacinia"),(105,"2017-11-22",551,127,1,"iaculis quis,"),(106,"2016-06-18",501,206,1,"Donec dignissim magna a tortor. Nunc commodo auctor velit. Aliquam nisl. Nulla eu neque"),(107,"2016-02-01",572,69,1,"elit,"),(108,"2017-03-08",518,202,1,"dignissim. Maecenas ornare egestas ligula. Nullam feugiat placerat velit. Quisque varius. Nam porttitor scelerisque"),(109,"2017-01-06",598,56,1,"ante. Maecenas mi felis, adipiscing fringilla, porttitor vulputate, posuere vulputate, lacus. Cras interdum. Nunc sollicitudin commodo"),(110,"2016-05-05",523,61,0,"orci. Ut sagittis lobortis mauris. Suspendisse aliquet molestie tellus. Aenean egestas hendrerit neque."),(111,"2016-12-21",325,39,1,"risus. Nulla eget metus eu erat semper rutrum. Fusce dolor quam, elementum at, egestas a, scelerisque sed, sapien."),(112,"2016-03-01",445,276,1,"ornare egestas ligula. Nullam feugiat placerat velit. Quisque varius. Nam porttitor scelerisque neque. Nullam nisl. Maecenas"),(113,"2016-05-08",309,202,1,"a felis ullamcorper viverra."),(114,"2016-03-11",456,262,0,"augue ac ipsum. Phasellus vitae mauris"),(115,"2016-04-22",414,244,1,"ullamcorper, velit in aliquet lobortis, nisi nibh lacinia orci, consectetuer euismod est arcu"),(116,"2016-02-24",430,258,1,"a, aliquet vel, vulputate eu, odio. Phasellus"),(117,"2016-10-24",489,133,1,"ipsum porta elit, a feugiat tellus lorem eu metus. In"),(118,"2017-10-25",303,65,1,"aliquet lobortis, nisi nibh lacinia orci, consectetuer euismod est arcu ac orci. Ut semper pretium neque. Morbi quis urna."),(119,"2017-11-04",561,23,1,"felis. Donec tempor, est ac mattis semper, dui lectus"),(120,"2017-05-05",345,166,0,"imperdiet non, vestibulum nec, euismod in, dolor. Fusce feugiat. Lorem ipsum dolor sit amet, consectetuer adipiscing elit. Aliquam auctor, velit"),(121,"2016-05-18",385,175,0,"dis parturient montes, nascetur ridiculus mus. Proin vel nisl. Quisque fringilla euismod enim. Etiam gravida molestie arcu. Sed eu"),(122,"2016-04-04",364,72,1,"lobortis. Class aptent taciti"),(123,"2016-12-13",456,174,0,"penatibus et magnis dis parturient"),(124,"2017-06-18",565,297,1,"Curabitur massa. Vestibulum accumsan neque et nunc. Quisque ornare tortor at risus. Nunc ac sem"),(125,"2017-10-15",498,46,0,"natoque penatibus et magnis dis parturient montes,"),(126,"2016-09-26",594,230,0,"vulputate eu, odio. Phasellus at augue id ante dictum cursus. Nunc mauris elit,"),(127,"2017-06-06",310,187,1,"in lobortis tellus justo sit amet nulla. Donec non justo. Proin non massa non ante bibendum"),(128,"2017-10-05",573,243,0,"vel pede blandit congue. In"),(129,"2017-11-16",398,242,0,"porttitor interdum. Sed auctor odio a purus. Duis elementum, dui quis accumsan convallis, ante lectus convallis est, vitae"),(130,"2017-01-26",517,70,1,"sit amet massa. Quisque porttitor eros nec tellus."),(131,"2017-09-15",326,47,0,"nisl. Quisque fringilla euismod enim. Etiam gravida molestie arcu. Sed eu nibh vulputate mauris"),(132,"2017-02-15",586,227,1,"et magnis dis parturient montes, nascetur ridiculus mus. Proin vel nisl. Quisque fringilla euismod enim. Etiam gravida"),(133,"2017-04-20",565,283,0,"tincidunt vehicula risus. Nulla eget metus eu erat semper rutrum."),(134,"2017-03-03",516,116,0,"facilisis lorem tristique aliquet. Phasellus fermentum convallis ligula. Donec luctus aliquet odio."),(135,"2017-07-06",486,262,0,"et, commodo"),(136,"2017-09-30",535,252,0,"libero. Proin sed turpis nec mauris blandit mattis. Cras eget nisi dictum augue malesuada malesuada. Integer id magna et ipsum"),(137,"2017-08-30",467,45,0,"ut, sem. Nulla interdum. Curabitur dictum. Phasellus in felis. Nulla tempor augue"),(138,"2017-02-23",368,165,1,"arcu ac orci. Ut semper pretium neque. Morbi quis urna. Nunc quis arcu vel quam dignissim"),(139,"2016-03-18",480,237,1,"In nec orci. Donec nibh. Quisque nonummy ipsum non arcu. Vivamus sit amet risus. Donec"),(140,"2016-01-25",394,58,1,"libero. Integer in magna. Phasellus dolor elit, pellentesque a, facilisis non, bibendum sed, est."),(141,"2017-08-10",427,145,1,"sem magna nec quam. Curabitur vel lectus."),(142,"2017-05-30",416,167,0,"Aliquam erat volutpat. Nulla facilisis. Suspendisse commodo tincidunt nibh. Phasellus nulla. Integer vulputate, risus a ultricies adipiscing,"),(143,"2017-09-23",550,202,1,"et arcu imperdiet ullamcorper. Duis at lacus. Quisque purus sapien, gravida non, sollicitudin a, malesuada id,"),(144,"2017-10-12",373,188,0,"Donec tincidunt. Donec vitae erat vel pede blandit congue. In scelerisque scelerisque dui. Suspendisse ac metus vitae velit egestas lacinia."),(145,"2016-08-08",416,119,1,"bibendum. Donec felis orci, adipiscing"),(146,"2017-07-27",507,43,0,"dolor. Fusce feugiat. Lorem ipsum dolor sit amet, consectetuer adipiscing elit. Aliquam auctor, velit eget laoreet posuere, enim nisl elementum"),(147,"2016-07-17",363,256,0,"arcu. Aliquam ultrices iaculis odio. Nam interdum enim non nisi. Aenean eget metus. In nec"),(148,"2017-08-10",500,124,0,"dis parturient montes, nascetur ridiculus mus. Proin vel nisl. Quisque fringilla euismod enim. Etiam"),(149,"2016-04-19",505,78,1,"sed pede nec ante blandit viverra. Donec tempus, lorem fringilla ornare placerat, orci lacus"),(150,"2017-02-19",535,125,0,"Aliquam ultrices iaculis odio. Nam"),(151,"2016-08-26",469,217,0,"pretium neque. Morbi quis urna. Nunc quis arcu vel quam dignissim pharetra."),(152,"2017-07-29",306,233,0,"et ultrices posuere cubilia Curae;"),(153,"2017-03-09",439,179,1,"eros. Proin ultrices. Duis volutpat nunc sit amet metus. Aliquam erat volutpat. Nulla facilisis."),(154,"2016-12-23",337,164,0,"elementum, lorem ut aliquam iaculis, lacus pede sagittis augue, eu tempor erat neque non quam. Pellentesque habitant morbi tristique"),(155,"2017-11-18",436,113,1,"sapien, cursus in, hendrerit consectetuer, cursus et, magna."),(156,"2017-03-11",533,29,1,"ante. Nunc mauris sapien, cursus in, hendrerit consectetuer, cursus et, magna. Praesent interdum"),(157,"2017-06-20",469,292,0,"Cras eu tellus eu augue porttitor interdum. Sed auctor odio a purus. Duis elementum, dui quis"),(158,"2017-11-06",580,21,1,"Aenean eget metus. In"),(159,"2017-11-01",565,294,0,"lectus ante dictum mi, ac mattis velit justo nec"),(160,"2017-06-18",529,61,1,"a, aliquet vel, vulputate eu, odio. Phasellus at augue id ante dictum cursus. Nunc mauris elit, dictum eu,"),(161,"2016-07-22",407,178,1,"Fusce diam nunc, ullamcorper eu, euismod"),(162,"2017-06-22",495,137,1,"orci luctus et ultrices posuere cubilia Curae;"),(163,"2017-08-10",565,45,1,"luctus aliquet odio. Etiam ligula tortor, dictum eu, placerat"),(164,"2016-12-19",399,66,1,"Maecenas iaculis aliquet diam. Sed diam lorem, auctor quis, tristique ac, eleifend vitae, erat. Vivamus nisi."),(165,"2017-09-28",532,152,1,"In faucibus. Morbi vehicula. Pellentesque tincidunt tempus risus. Donec egestas. Duis ac arcu. Nunc mauris."),(166,"2016-07-22",379,204,0,"dictum. Phasellus"),(167,"2017-07-29",441,68,0,"est."),(168,"2017-04-25",413,134,1,"adipiscing ligula. Aenean gravida nunc sed pede."),(169,"2016-03-27",414,94,1,"Nullam lobortis quam a felis ullamcorper viverra. Maecenas iaculis aliquet diam. Sed diam lorem,"),(170,"2017-08-22",311,208,1,"sagittis felis. Donec tempor, est ac mattis semper, dui lectus rutrum urna, nec luctus"),(171,"2016-04-13",367,277,1,"amet orci. Ut"),(172,"2017-01-30",561,255,0,"enim, sit amet ornare lectus justo eu arcu. Morbi sit"),(173,"2016-08-12",490,50,0,"vitae erat vel pede blandit congue. In scelerisque scelerisque dui. Suspendisse ac metus vitae velit egestas lacinia."),(174,"2017-08-01",563,228,0,"odio sagittis semper. Nam tempor diam dictum sapien. Aenean massa. Integer vitae nibh. Donec est mauris, rhoncus id,"),(175,"2016-07-22",449,62,1,"viverra. Donec"),(176,"2016-01-15",348,223,0,"Morbi metus."),(177,"2016-08-05",567,280,1,"blandit at, nisi. Cum sociis natoque penatibus et magnis dis parturient montes, nascetur ridiculus mus. Proin vel nisl. Quisque"),(178,"2016-10-12",571,162,0,"at auctor ullamcorper, nisl arcu iaculis enim, sit amet ornare"),(179,"2016-03-12",465,38,0,"eget massa. Suspendisse eleifend."),(180,"2016-12-13",522,60,0,"consequat auctor, nunc nulla vulputate dui, nec tempus mauris erat eget ipsum. Suspendisse"),(181,"2017-08-24",495,105,1,"tempus non, lacinia at, iaculis quis, pede. Praesent eu dui. Cum sociis natoque penatibus et"),(182,"2017-08-30",340,72,0,"nibh"),(183,"2017-11-21",570,76,1,"sem, vitae aliquam eros turpis non enim. Mauris quis turpis vitae purus gravida sagittis. Duis gravida."),(184,"2016-09-24",481,186,0,"volutpat ornare, facilisis eget, ipsum. Donec sollicitudin adipiscing ligula."),(185,"2017-07-20",327,235,0,"nec quam. Curabitur vel"),(186,"2017-11-03",592,279,1,"ac tellus. Suspendisse sed dolor. Fusce mi lorem, vehicula et,"),(187,"2017-03-03",534,98,0,"ligula. Aenean gravida nunc sed pede. Cum sociis natoque penatibus et"),(188,"2017-06-13",575,29,1,"Nullam scelerisque neque sed sem egestas blandit. Nam nulla"),(189,"2016-06-17",539,49,0,"ipsum. Suspendisse sagittis. Nullam vitae diam."),(190,"2016-04-22",581,33,0,"volutpat ornare, facilisis eget, ipsum."),(191,"2017-07-21",409,41,0,"tempor bibendum. Donec felis orci, adipiscing"),(192,"2017-05-04",357,296,0,"Aliquam fringilla cursus purus. Nullam scelerisque neque sed sem egestas blandit. Nam nulla magna,"),(193,"2016-06-18",396,14,0,"risus"),(194,"2016-09-22",350,214,1,"diam."),(195,"2016-03-13",376,131,0,"nibh. Phasellus nulla. Integer vulputate, risus a ultricies adipiscing, enim mi"),(196,"2016-02-03",579,47,0,"elit, a feugiat"),(197,"2016-03-20",303,119,0,"facilisis eget, ipsum. Donec sollicitudin adipiscing ligula."),(198,"2016-09-27",466,42,0,"purus. Duis elementum,"),(199,"2016-05-12",380,248,1,"elementum sem, vitae"),(200,"2016-07-16",562,87,1,"nibh. Donec est");
INSERT INTO KontrolaAdopcyjna (Id,Data,PracownikId,AdoptantId,Wynik,Komentarz) VALUES (201,"2016-01-03",328,230,0,"luctus ut, pellentesque eget, dictum placerat, augue."),(202,"2016-06-27",559,240,0,"Duis ac arcu. Nunc mauris. Morbi non sapien molestie orci tincidunt adipiscing. Mauris molestie"),(203,"2016-10-27",514,227,0,"diam"),(204,"2016-11-29",358,234,1,"Cras eu tellus eu augue porttitor interdum. Sed auctor odio a purus. Duis elementum, dui quis accumsan convallis,"),(205,"2016-08-23",370,86,0,"ornare placerat, orci lacus vestibulum lorem, sit amet ultricies sem magna nec quam. Curabitur vel lectus. Cum"),(206,"2016-07-27",372,188,0,"porta elit, a feugiat tellus lorem"),(207,"2017-04-04",587,207,0,"elit fermentum risus, at fringilla purus mauris a nunc. In at pede. Cras vulputate velit eu"),(208,"2017-10-17",321,222,0,"metus urna convallis erat, eget tincidunt"),(209,"2016-06-11",453,183,0,"odio a purus. Duis elementum, dui"),(210,"2016-06-29",378,103,1,"bibendum fermentum metus. Aenean sed pede nec ante blandit viverra."),(211,"2016-06-30",384,65,1,"pede. Cras vulputate velit eu sem. Pellentesque ut ipsum ac mi eleifend egestas. Sed pharetra,"),(212,"2016-06-20",578,23,1,"justo sit amet nulla. Donec"),(213,"2017-12-18",334,126,0,"eu dui. Cum sociis natoque penatibus et magnis dis parturient montes, nascetur ridiculus mus. Aenean eget"),(214,"2016-07-18",525,116,1,"metus. In lorem. Donec elementum, lorem ut aliquam iaculis, lacus pede sagittis augue, eu tempor erat neque non quam."),(215,"2016-07-01",346,192,1,"gravida molestie arcu. Sed eu nibh vulputate mauris sagittis placerat. Cras dictum"),(216,"2016-08-17",471,15,0,"pede ac urna. Ut tincidunt vehicula risus. Nulla eget metus eu erat semper rutrum. Fusce dolor quam, elementum at,"),(217,"2017-10-30",468,127,1,"libero. Proin sed turpis nec mauris blandit mattis. Cras"),(218,"2017-08-09",572,157,1,"per inceptos hymenaeos. Mauris ut quam vel"),(219,"2016-02-16",393,135,0,"egestas hendrerit neque. In"),(220,"2017-06-11",553,195,0,"et, lacinia vitae, sodales"),(221,"2016-04-27",472,125,0,"dolor sit amet,"),(222,"2017-01-28",491,107,1,"arcu iaculis enim, sit amet ornare lectus justo eu arcu. Morbi sit amet"),(223,"2017-05-04",321,296,1,"Nullam scelerisque"),(224,"2016-04-06",384,229,0,"Suspendisse eleifend. Cras sed"),(225,"2017-09-06",439,112,1,"nascetur ridiculus mus. Proin vel arcu eu odio tristique pharetra. Quisque"),(226,"2017-06-10",448,197,0,"elit pede, malesuada vel,"),(227,"2016-09-19",309,79,1,"eget"),(228,"2017-12-09",398,159,1,"purus. Duis elementum, dui quis accumsan convallis, ante lectus convallis est, vitae sodales"),(229,"2016-08-30",369,187,0,"Nunc sollicitudin commodo ipsum. Suspendisse non leo. Vivamus nibh dolor, nonummy ac, feugiat non, lobortis"),(230,"2017-02-27",501,171,0,"varius orci, in consequat"),(231,"2017-11-08",347,139,0,"penatibus et magnis dis parturient montes, nascetur ridiculus mus."),(232,"2016-12-21",400,246,0,"et ultrices posuere cubilia Curae; Phasellus ornare. Fusce mollis. Duis sit amet diam eu dolor egestas"),(233,"2017-05-31",539,57,0,"tempus risus. Donec egestas. Duis ac arcu."),(234,"2017-02-23",557,167,1,"sit amet nulla. Donec non justo. Proin non massa non ante bibendum ullamcorper. Duis cursus, diam"),(235,"2017-03-26",564,86,1,"convallis ligula. Donec luctus"),(236,"2016-08-09",513,85,0,"vel, mauris. Integer sem elit, pharetra ut, pharetra sed, hendrerit a, arcu. Sed et libero."),(237,"2016-08-22",350,109,0,"et magnis dis parturient montes, nascetur ridiculus mus. Donec dignissim magna a tortor. Nunc commodo"),(238,"2017-01-31",596,84,0,"est. Nunc ullamcorper, velit in aliquet lobortis, nisi nibh lacinia orci, consectetuer euismod est arcu ac orci. Ut semper"),(239,"2017-10-31",457,213,1,"lobortis, nisi nibh lacinia orci,"),(240,"2016-08-01",471,163,0,"egestas nunc sed libero. Proin sed turpis nec mauris blandit"),(241,"2016-02-08",492,146,0,"Donec nibh enim, gravida sit amet, dapibus id, blandit at,"),(242,"2016-11-11",358,13,1,"posuere cubilia Curae; Phasellus ornare. Fusce mollis. Duis sit amet diam eu dolor egestas rhoncus. Proin nisl"),(243,"2017-04-06",423,165,1,"magna a tortor. Nunc commodo auctor"),(244,"2015-12-30",498,236,0,"Cras dictum ultricies ligula. Nullam enim. Sed nulla ante, iaculis nec, eleifend"),(245,"2016-09-22",450,77,1,"congue. In scelerisque scelerisque dui."),(246,"2016-09-30",315,250,0,"sit amet ultricies sem magna nec quam. Curabitur vel lectus. Cum sociis natoque penatibus et magnis dis"),(247,"2017-07-18",450,272,0,"congue. In scelerisque scelerisque dui. Suspendisse ac metus vitae velit egestas lacinia. Sed"),(248,"2017-11-19",494,216,0,"amet luctus vulputate,"),(249,"2016-11-24",470,25,1,"nibh vulputate mauris sagittis placerat. Cras"),(250,"2016-02-19",536,65,1,"volutpat. Nulla dignissim. Maecenas ornare egestas"),(251,"2016-02-04",544,17,1,"ligula. Aenean euismod mauris eu elit. Nulla facilisi. Sed neque. Sed eget lacus."),(252,"2017-06-19",324,51,0,"montes, nascetur ridiculus mus. Donec dignissim magna a tortor."),(253,"2017-06-21",502,188,0,"In faucibus. Morbi vehicula. Pellentesque tincidunt tempus risus. Donec egestas. Duis ac arcu. Nunc mauris. Morbi non sapien molestie"),(254,"2016-01-31",518,115,0,"Nullam scelerisque"),(255,"2016-12-11",533,176,1,"Cras sed leo."),(256,"2017-07-15",560,140,0,"cubilia Curae; Phasellus ornare. Fusce mollis. Duis sit amet diam eu"),(257,"2017-07-01",547,246,0,"dictum. Proin eget odio. Aliquam vulputate ullamcorper magna. Sed eu eros. Nam consequat"),(258,"2016-09-13",559,39,1,"fringilla est. Mauris"),(259,"2016-09-28",593,162,0,"pede. Cras vulputate velit eu sem. Pellentesque ut ipsum ac mi eleifend egestas."),(260,"2016-11-24",356,171,1,"tempor bibendum. Donec felis orci, adipiscing non, luctus sit amet, faucibus"),(261,"2017-05-11",565,23,1,"a, facilisis non, bibendum sed, est. Nunc laoreet lectus quis"),(262,"2016-03-04",397,9,1,"velit. Quisque varius. Nam porttitor scelerisque"),(263,"2016-02-29",448,272,1,"amet, consectetuer adipiscing elit. Aliquam auctor, velit eget laoreet"),(264,"2017-07-31",454,117,0,"magna. Cras convallis convallis dolor. Quisque tincidunt pede ac"),(265,"2016-02-29",596,55,0,"id sapien. Cras dolor dolor, tempus non, lacinia at, iaculis quis, pede. Praesent eu dui. Cum sociis natoque"),(266,"2016-04-23",319,235,1,"Nulla facilisi. Sed neque. Sed eget lacus. Mauris non dui nec"),(267,"2016-01-02",327,109,0,"neque tellus, imperdiet non,"),(268,"2017-01-22",489,117,0,"risus. Nunc ac sem ut dolor dapibus gravida. Aliquam tincidunt, nunc"),(269,"2016-10-23",453,82,0,"lectus sit amet luctus vulputate, nisi"),(270,"2016-05-06",532,34,0,"non, egestas a, dui. Cras pellentesque. Sed dictum. Proin eget odio. Aliquam vulputate ullamcorper magna. Sed eu eros. Nam consequat"),(271,"2017-10-19",341,41,0,"Nullam nisl. Maecenas malesuada fringilla"),(272,"2016-12-22",372,246,1,"sapien molestie orci tincidunt adipiscing. Mauris molestie pharetra nibh. Aliquam ornare, libero"),(273,"2016-06-29",452,162,1,"Proin dolor. Nulla"),(274,"2017-11-19",324,103,1,"Vestibulum ante ipsum primis in faucibus orci luctus et ultrices posuere cubilia Curae; Phasellus ornare. Fusce mollis. Duis sit"),(275,"2016-03-28",354,180,0,"in faucibus orci luctus et ultrices posuere cubilia Curae; Phasellus"),(276,"2017-02-18",316,195,0,"Duis cursus, diam at pretium aliquet, metus urna convallis erat, eget tincidunt"),(277,"2016-07-29",453,151,1,"tempus scelerisque, lorem ipsum sodales purus, in molestie tortor nibh sit amet orci. Ut sagittis lobortis mauris."),(278,"2016-11-24",380,59,1,"Mauris vel turpis. Aliquam adipiscing lobortis risus. In mi pede, nonummy ut, molestie in, tempus eu,"),(279,"2017-12-05",342,55,1,"senectus et netus et malesuada fames ac turpis egestas."),(280,"2017-04-18",506,146,1,"vel, vulputate eu, odio. Phasellus at augue id ante dictum cursus. Nunc mauris"),(281,"2016-01-12",494,266,1,"fringilla est. Mauris eu turpis. Nulla aliquet. Proin velit. Sed malesuada augue ut lacus."),(282,"2016-10-21",517,262,1,"pede nec ante blandit viverra. Donec tempus, lorem"),(283,"2017-03-14",384,287,0,"augue eu tellus. Phasellus elit pede, malesuada vel, venenatis vel,"),(284,"2017-03-29",306,209,0,"Pellentesque tincidunt tempus risus. Donec egestas. Duis ac arcu. Nunc mauris. Morbi non sapien molestie orci tincidunt adipiscing. Mauris molestie"),(285,"2017-08-04",433,147,1,"Curabitur massa. Vestibulum accumsan neque et nunc. Quisque ornare tortor at risus. Nunc ac"),(286,"2017-07-09",532,97,0,"Proin nisl sem, consequat nec, mollis vitae, posuere"),(287,"2016-03-27",315,221,1,"a, scelerisque sed,"),(288,"2017-09-14",310,21,0,"eget, volutpat ornare, facilisis eget, ipsum. Donec sollicitudin adipiscing ligula. Aenean gravida nunc sed pede."),(289,"2017-02-10",413,88,1,"Suspendisse sed dolor. Fusce mi lorem, vehicula et, rutrum eu, ultrices sit amet, risus. Donec"),(290,"2016-07-14",389,48,1,"sed dolor. Fusce mi lorem, vehicula et, rutrum eu, ultrices sit amet, risus. Donec nibh"),(291,"2017-01-24",587,83,1,"lectus pede et"),(292,"2017-11-04",486,132,0,"id, mollis nec, cursus a, enim. Suspendisse aliquet, sem ut cursus"),(293,"2017-04-13",482,96,1,"mauris. Integer sem elit, pharetra ut, pharetra sed, hendrerit a,"),(294,"2016-06-07",426,206,0,"Nulla dignissim. Maecenas ornare egestas ligula. Nullam feugiat placerat velit. Quisque varius. Nam porttitor scelerisque"),(295,"2017-01-17",320,67,1,"sem, vitae aliquam eros turpis non enim. Mauris quis turpis vitae purus"),(296,"2016-02-08",430,220,1,"nec urna et arcu imperdiet ullamcorper. Duis at lacus. Quisque purus sapien, gravida non, sollicitudin a,"),(297,"2017-10-29",552,20,0,"vehicula aliquet libero. Integer in magna. Phasellus dolor"),(298,"2016-12-22",499,26,0,"amet orci. Ut sagittis lobortis mauris. Suspendisse"),(299,"2017-07-05",508,101,1,"Vivamus non lorem vitae odio sagittis semper. Nam tempor diam dictum sapien. Aenean"),(300,"2017-11-17",467,196,0,"enim. Etiam gravida molestie arcu. Sed eu nibh vulputate mauris sagittis");

INSERT INTO Lek (Id,Nazwa,Rodzaj,CzySzkodliwy) VALUES (1,"Glyburide","blue",1),(2,"Famotidine","violet",1),(3,"Alprazolam","blue",0),(4,"Tamsulosin HCl","green",1),(5,"Amlodipine Besylate","indigo",1),(6,"Fluticasone Propionate","green",1),(7,"Cialis","green",0),(8,"Loestrin 24 Fe","red",1),(9,"Amoxicillin Trihydrate/Potassium Clavulanate","blue",1),(10,"Metoprolol Succinate","orange",0),(11,"Celebrex","orange",0),(12,"Ranitidine HCl","orange",1),(13,"Simvastatin","yellow",0),(14,"Meloxicam","orange",0),(15,"Abilify","indigo",0),(16,"Prednisone","indigo",1),(17,"Oxycodone/APAP","yellow",1),(18,"Cephalexin","orange",0),(19,"Metoprolol Tartrate ","red",1),(20,"Alprazolam","red",0),(21,"Alprazolam","red",1),(22,"Flovent HFA","indigo",0),(23,"Loestrin 24 Fe","indigo",1),(24,"Hydrochlorothiazide","green",1),(25,"Azithromycin","yellow",0),(26,"Benicar HCT","red",1),(27,"Amoxicillin Trihydrate/Potassium Clavulanate","orange",1),(28,"Furosemide","blue",1),(29,"Alendronate Sodium","green",1),(30,"Hydrochlorothiazide","blue",1),(31,"Gabapentin","red",0),(32,"Lorazepam","indigo",0),(33,"Ibuprofen (Rx)","orange",1),(34,"Methylprednisolone","indigo",1),(35,"Lisinopril","orange",0),(36,"Zolpidem Tartrate","violet",0),(37,"Triamterene/Hydrochlorothiazide","indigo",1),(38,"Triamterene/Hydrochlorothiazide","green",1),(39,"Diovan HCT","green",0),(40,"Celebrex","red",1),(41,"Metoprolol Succinate","blue",1),(42,"Zolpidem Tartrate","green",1),(43,"Ventolin HFA","green",1),(44,"Abilify","violet",0),(45,"Triamterene/Hydrochlorothiazide","orange",1),(46,"Klor-Con M20","red",1),(47,"Folic Acid","green",0),(48,"Loestrin 24 Fe","indigo",1),(49,"Simvastatin","yellow",0),(50,"Omeprazole (Rx)","violet",0),(51,"Trazodone HCl","blue",1),(52,"Lipitor","indigo",0),(53,"Alprazolam","blue",0),(54,"Metoprolol Succinate","red",0),(55,"Hydrocodone/APAP","indigo",0),(56,"Amphetamine Salts","orange",0),(57,"Alprazolam","violet",1),(58,"Seroquel","yellow",0),(59,"Viagra","green",1),(60,"Cheratussin AC","red",1),(61,"Synthroid","indigo",1),(62,"Niaspan","green",0),(63,"Namenda","red",0),(64,"Simvastatin","red",1),(65,"LevothyroxineSodium","yellow",1),(66,"Lovastatin","orange",1),(67,"Azithromycin","green",0),(68,"Simvastatin","green",0),(69,"Loestrin 24 Fe","orange",0),(70,"Zyprexa","red",0),(71,"Omeprazole (Rx)","violet",1),(72,"Amoxicillin Trihydrate/Potassium Clavulanate","green",1),(73,"Metoprolol Succinate","blue",0),(74,"Diovan","orange",1),(75,"Viagra","green",0),(76,"Oxycodone/APAP","green",0),(77,"Lisinopril","orange",1),(78,"Alprazolam","red",0),(79,"LevothyroxineSodium","green",1),(80,"Zolpidem Tartrate","indigo",1),(81,"Gianvi","indigo",0),(82,"Penicillin VK","orange",0),(83,"Amoxicillin Trihydrate/Potassium Clavulanate","orange",0),(84,"Metformin HCl","orange",0),(85,"Prednisone","yellow",1),(86,"Lisinopril","indigo",0),(87,"Carisoprodol","green",0),(88,"Azithromycin","green",0),(89,"Metformin HCl","blue",1),(90,"TriNessa","blue",1),(91,"Furosemide","violet",1),(92,"Nasonex","indigo",0),(93,"Clonazepam","green",0),(94,"Amoxicillin","orange",1),(95,"Methylprednisolone","violet",0),(96,"Hydrocodone/APAP","blue",0),(97,"Simvastatin","orange",1),(98,"Furosemide","yellow",0),(99,"Ibuprofen (Rx)","yellow",1),(100,"Potassium Chloride","green",0);
INSERT INTO Lek (Id,Nazwa,Rodzaj,CzySzkodliwy) VALUES (101,"Tri-Sprintec","blue",1),(102,"Omeprazole (Rx)","violet",0),(103,"Potassium Chloride","violet",1),(104,"Azithromycin","red",0),(105,"Lorazepam","green",1),(106,"Citalopram HBr","orange",0),(107,"Lidoderm","orange",0),(108,"Spiriva Handihaler","orange",1),(109,"Diazepam","green",0),(110,"Lovaza","blue",1),(111,"Ranitidine HCl","red",0),(112,"Promethazine HCl","red",1),(113,"Penicillin VK","blue",0),(114,"Alendronate Sodium","yellow",1),(115,"Triamterene/Hydrochlorothiazide","indigo",0),(116,"Lantus","violet",1),(117,"Amoxicillin Trihydrate/Potassium Clavulanate","orange",0),(118,"Benicar","yellow",0),(119,"Omeprazole (Rx)","red",0),(120,"Lisinopril","violet",0),(121,"Simvastatin","red",1),(122,"Sertraline HCl","orange",0),(123,"Sulfamethoxazole/Trimethoprim","indigo",0),(124,"Prednisone","orange",0),(125,"Cyclobenzaprin HCl","green",1),(126,"Cialis","red",0),(127,"Folic Acid","violet",0),(128,"Amoxicillin","red",1),(129,"Alendronate Sodium","green",0),(130,"Hydrocodone/APAP","green",1),(131,"Atenolol","blue",1),(132,"Naproxen","orange",0),(133,"Azithromycin","yellow",1),(134,"Cheratussin AC","violet",0),(135,"Lisinopril","blue",1),(136,"Benicar","green",1),(137,"Ranitidine HCl","orange",0),(138,"LevothyroxineSodium","orange",0),(139,"Prednisone","indigo",0),(140,"Bystolic","blue",0),(141,"Diovan","yellow",1),(142,"TriNessa","green",0),(143,"Celebrex","red",0),(144,"Atenolol","blue",0),(145,"Zolpidem Tartrate","blue",0),(146,"Singulair","red",0),(147,"Endocet","green",0),(148,"Penicillin VK","violet",0),(149,"Methylprednisolone","red",0),(150,"Cheratussin AC","indigo",0),(151,"Cephalexin","violet",0),(152,"Fluticasone Propionate","yellow",1),(153,"Meloxicam","red",0),(154,"Penicillin VK","red",0),(155,"Penicillin VK","orange",1),(156,"Amoxicillin Trihydrate/Potassium Clavulanate","yellow",1),(157,"Lisinopril","red",1),(158,"Cyclobenzaprin HCl","violet",0),(159,"Omeprazole (Rx)","violet",1),(160,"Triamcinolone Acetonide","blue",1),(161,"Nuvaring","yellow",1),(162,"Lisinopril","indigo",0),(163,"Meloxicam","violet",0),(164,"Sulfamethoxazole/Trimethoprim","red",0),(165,"Atenolol","blue",0),(166,"Carvedilol","green",0),(167,"Fluoxetine HCl","blue",0),(168,"Lorazepam","red",1),(169,"Amoxicillin","red",0),(170,"Folic Acid","orange",0),(171,"Warfarin Sodium","violet",1),(172,"Seroquel","blue",0),(173,"Oxycodone/APAP","red",0),(174,"Plavix","indigo",1),(175,"Azithromycin","indigo",1),(176,"Ciprofloxacin HCl","green",0),(177,"Carvedilol","violet",0),(178,"Lisinopril","yellow",1),(179,"Triamterene/Hydrochlorothiazide","indigo",1),(180,"Cyclobenzaprin HCl","indigo",1),(181,"Lovaza","green",0),(182,"Ranitidine HCl","indigo",0),(183,"Simvastatin","indigo",0),(184,"Lisinopril/Hydrochlorothiazide","violet",1),(185,"Naproxen","orange",1),(186,"Levothyroxine Sodium","yellow",0),(187,"Amoxicillin","violet",1),(188,"Carisoprodol","violet",0),(189,"Plavix","violet",0),(190,"Januvia","violet",1),(191,"Lisinopril","orange",1),(192,"Amoxicillin","red",1),(193,"Zolpidem Tartrate","orange",0),(194,"Citalopram HBR","indigo",0),(195,"Symbicort","blue",1),(196,"Tramadol HCl","indigo",1),(197,"Clonazepam","blue",0),(198,"Losartan Potassium","indigo",1),(199,"Celebrex","indigo",0),(200,"Clonazepam","orange",0);
INSERT INTO Lek (Id,Nazwa,Rodzaj,CzySzkodliwy) VALUES (201,"Pravastatin Sodium","indigo",0),(202,"Simvastatin","yellow",0),(203,"Lisinopril","green",0),(204,"Plavix","orange",1),(205,"LevothyroxineSodium","green",0),(206,"Alprazolam","blue",0),(207,"Atenolol","blue",1),(208,"Alprazolam","red",1),(209,"Doxycycline Hyclate","green",1),(210,"Furosemide","indigo",0),(211,"Prednisone","green",1),(212,"Clonazepam","green",0),(213,"Synthroid","indigo",0),(214,"Ciprofloxacin HCl","orange",1),(215,"Prednisone","yellow",0),(216,"Amlodipine Besylate","indigo",0),(217,"Simvastatin","green",1),(218,"Cheratussin AC","blue",0),(219,"Naproxen","red",1),(220,"Premarin","red",0),(221,"Celebrex","indigo",0),(222,"Amlodipine Besylate","blue",0),(223,"Loestrin 24 Fe","red",0),(224,"Lantus","violet",0),(225,"Simvastatin","indigo",1),(226,"Clonazepam","red",0),(227,"Prednisone","indigo",0),(228,"Amitriptyline HCl","indigo",1),(229,"Cymbalta","blue",1),(230,"Warfarin Sodium","violet",0),(231,"Omeprazole (Rx)","orange",1),(232,"Diazepam","indigo",1),(233,"Fluoxetine HCl","red",0),(234,"Promethazine HCl","red",1),(235,"Vyvanse","indigo",1),(236,"Alendronate Sodium","red",1),(237,"Plavix","indigo",1),(238,"Lisinopril","red",1),(239,"Promethazine HCl","blue",1),(240,"Pantoprazole Sodium","orange",0),(241,"Meloxicam","orange",1),(242,"Amoxicillin","orange",1),(243,"Pravastatin Sodium","blue",0),(244,"Albuterol","red",1),(245,"Ranitidine HCl","orange",0),(246,"Vyvanse","violet",1),(247,"Tramadol HCl","yellow",1),(248,"Benicar HCT","yellow",0),(249,"Abilify","yellow",1),(250,"Nasonex","blue",1),(251,"Azithromycin","red",1),(252,"Amoxicillin","orange",1),(253,"Levoxyl","blue",1),(254,"Doxycycline Hyclate","yellow",1),(255,"Diovan HCT","green",1),(256,"Potassium Chloride","green",1),(257,"Metoprolol Succinate","orange",1),(258,"Potassium Chloride","blue",0),(259,"Abilify","yellow",1),(260,"Lisinopril","orange",0),(261,"Crestor","violet",0),(262,"Promethazine HCl","orange",0),(263,"Citalopram HBR","yellow",0),(264,"Atenolol","green",0),(265,"Zetia","green",0),(266,"Glipizide","orange",1),(267,"Clonazepam","indigo",0),(268,"Lipitor","green",0),(269,"Triamterene/Hydrochlorothiazide","yellow",1),(270,"Vitamin D (Rx)","orange",1),(271,"Vitamin D (Rx)","indigo",0),(272,"Furosemide","green",0),(273,"Levaquin","indigo",0),(274,"Allopurinol","yellow",0),(275,"Lisinopril","violet",0),(276,"Tricor","violet",0),(277,"Suboxone","red",1),(278,"Furosemide","red",1),(279,"Lisinopril","green",1),(280,"Venlafaxine HCl ER","indigo",1),(281,"Gabapentin","orange",0),(282,"Ciprofloxacin HCl","blue",1),(283,"Ranitidine HCl","green",0),(284,"Ranitidine HCl","orange",0),(285,"Vyvanse","red",1),(286,"Oxycontin","indigo",0),(287,"Cephalexin","red",1),(288,"Amoxicillin Trihydrate/Potassium Clavulanate","blue",1),(289,"Januvia","violet",1),(290,"Ibuprofen (Rx)","red",1),(291,"Triamcinolone Acetonide","red",0),(292,"Oxycontin","violet",1),(293,"Metformin HCl","green",0),(294,"Januvia","blue",1),(295,"Lisinopril","blue",1),(296,"Prednisone","blue",0),(297,"Sertraline HCl","green",1),(298,"Viagra","yellow",0),(299,"Benicar","orange",1),(300,"Cyclobenzaprin HCl","indigo",1);

INSERT INTO Pomieszczenie (Id,PowierzchniaM2) VALUES (1,900),(2,703),(3,801),(4,795),(5,676),(6,610),(7,945),(8,650),(9,895),(10,596),(11,616),(12,649),(13,915),(14,542),(15,976),(16,854),(17,556),(18,903),(19,912),(20,506),(21,591),(22,563),(23,833),(24,656),(25,815),(26,529),(27,991),(28,779),(29,768),(30,559),(31,847),(32,847),(33,625),(34,720),(35,546),(36,567),(37,993),(38,952),(39,690),(40,820),(41,667),(42,674),(43,855),(44,584),(45,531),(46,568),(47,669),(48,901),(49,577),(50,862),(51,617),(52,995),(53,756),(54,748),(55,663),(56,666),(57,561),(58,874),(59,951),(60,576),(61,526),(62,789),(63,666),(64,772),(65,569),(66,975),(67,705),(68,752),(69,690),(70,939),(71,928),(72,641),(73,667),(74,578),(75,993),(76,718),(77,760),(78,939),(79,582),(80,621),(81,728),(82,645),(83,997),(84,805),(85,645),(86,570),(87,695),(88,758),(89,973),(90,942),(91,926),(92,854),(93,708),(94,956),(95,798),(96,668),(97,815),(98,810),(99,702),(100,700);

INSERT INTO Kojec (Id,PowierzchniaM2,IleMiesciPsow,IleMieszkaPsow,PomieszczenieId) VALUES (1,39,40,10,30),(2,26,49,10,71),(3,15,44,2,52),(4,35,40,27,71),(5,37,41,20,43),(6,9,49,22,82),(7,22,50,11,73),(8,9,45,33,26),(9,20,45,7,50),(10,16,42,14,8),(11,44,45,8,11),(12,35,48,29,35),(13,35,46,39,99),(14,30,45,33,52),(15,21,48,6,96),(16,16,41,23,31),(17,11,43,11,42),(18,12,46,28,13),(19,8,47,32,4),(20,41,46,27,93),(21,17,47,5,88),(22,25,47,36,84),(23,24,46,4,78),(24,50,40,6,56),(25,43,43,1,20),(26,39,46,3,11),(27,49,42,21,60),(28,21,43,32,41),(29,6,40,22,78),(30,29,41,24,1),(31,38,45,7,64),(32,41,43,39,80),(33,10,49,11,11),(34,10,41,6,94),(35,34,41,19,86),(36,49,41,14,99),(37,22,46,15,38),(38,45,49,16,95),(39,32,50,35,58),(40,32,41,26,81),(41,21,45,14,6),(42,6,50,20,19),(43,33,41,3,24),(44,41,49,28,78),(45,23,50,35,64),(46,15,40,3,48),(47,36,47,25,63),(48,43,49,6,83),(49,23,43,37,59),(50,34,47,29,44),(51,38,50,33,28),(52,13,40,39,14),(53,38,46,37,55),(54,24,41,21,83),(55,13,50,11,4),(56,35,45,23,59),(57,37,41,39,86),(58,25,48,34,48),(59,16,44,10,38),(60,23,47,8,85),(61,23,43,28,73),(62,34,44,29,27),(63,45,45,8,58),(64,16,42,29,10),(65,12,48,24,76),(66,30,48,27,93),(67,47,47,16,27),(68,22,46,17,32),(69,50,45,19,71),(70,24,50,38,79),(71,46,43,26,43),(72,21,42,22,16),(73,34,47,37,46),(74,43,49,7,95),(75,8,46,4,60),(76,17,47,31,13),(77,7,40,39,14),(78,43,44,16,100),(79,30,41,32,4),(80,27,44,35,1),(81,28,46,33,10),(82,5,43,33,57),(83,30,50,8,32),(84,43,41,13,14),(85,46,49,32,90),(86,44,47,20,7),(87,9,46,28,73),(88,7,40,36,98),(89,11,43,15,77),(90,15,45,23,13),(91,6,46,32,84),(92,15,42,23,19),(93,6,43,29,49),(94,8,50,32,8),(95,11,44,26,3),(96,35,40,28,9),(97,43,45,6,49),(98,34,45,38,1),(99,9,45,19,6),(100,13,48,2,87);
INSERT INTO Kojec (Id,PowierzchniaM2,IleMiesciPsow,IleMieszkaPsow,PomieszczenieId) VALUES (101,8,50,39,17),(102,12,54,41,4),(103,13,51,66,68),(104,15,58,71,94),(105,14,59,60,43),(106,22,73,43,19),(107,39,60,42,15),(108,14,62,44,93),(109,10,69,41,95),(110,10,54,41,30),(111,46,62,74,98),(112,38,54,68,52),(113,29,53,59,19),(114,7,75,58,90),(115,20,53,43,66),(116,6,51,65,32),(117,21,63,58,36),(118,13,66,74,22),(119,25,60,70,49),(120,9,72,62,62),(121,13,61,75,96),(122,43,51,45,78),(123,32,54,70,90),(124,46,74,74,61),(125,41,68,55,3),(126,20,64,64,68),(127,17,70,71,12),(128,19,63,47,61),(129,50,57,36,63),(130,40,62,41,89),(131,5,70,56,11),(132,19,75,59,29),(133,26,58,58,41),(134,48,55,54,23),(135,39,52,61,79),(136,39,65,55,10),(137,25,52,50,56),(138,49,51,69,94),(139,38,62,69,85),(140,27,70,52,3),(141,11,57,53,30),(142,46,61,35,57),(143,36,63,71,77),(144,32,55,36,26),(145,34,50,54,76),(146,40,75,36,30),(147,41,63,60,38),(148,11,66,42,99),(149,50,55,47,92),(150,35,71,36,89),(151,27,51,73,47),(152,45,75,38,23),(153,40,66,58,48),(154,38,61,73,91),(155,36,55,73,66),(156,10,53,67,66),(157,6,57,53,2),(158,16,68,72,87),(159,43,62,72,52),(160,49,69,53,54),(161,30,65,43,58),(162,33,66,55,100),(163,15,58,43,96),(164,29,61,70,65),(165,44,62,50,91),(166,24,51,60,12),(167,23,56,68,19),(168,14,67,37,97),(169,45,62,56,87),(170,24,52,53,1),(171,6,73,65,4),(172,42,60,75,68),(173,38,58,60,23),(174,28,65,38,63),(175,13,65,57,4),(176,23,69,49,4),(177,50,70,61,84),(178,10,55,41,39),(179,50,63,42,18),(180,26,55,74,31),(181,12,60,45,24),(182,32,60,54,32),(183,10,54,65,4),(184,30,51,39,39),(185,12,67,47,46),(186,48,56,69,77),(187,25,65,58,100),(188,12,74,44,34),(189,36,65,67,29),(190,24,73,48,36),(191,26,72,63,58),(192,11,68,61,92),(193,48,67,50,95),(194,30,64,35,44),(195,17,74,68,98),(196,34,68,53,54),(197,34,58,50,54),(198,34,64,45,13),(199,16,72,47,60),(200,26,50,62,40);
INSERT INTO Kojec (Id,PowierzchniaM2,IleMiesciPsow,IleMieszkaPsow,PomieszczenieId) VALUES (201,13,59,67,81),(202,27,64,65,85),(203,40,66,51,68),(204,41,69,72,49),(205,10,55,56,11),(206,6,70,46,71),(207,39,54,39,97),(208,18,60,42,14),(209,11,56,45,12),(210,13,56,66,55),(211,39,63,60,83),(212,44,56,48,23),(213,42,74,69,90),(214,44,71,52,76),(215,10,61,52,96),(216,31,72,52,100),(217,24,55,40,55),(218,31,60,46,32),(219,21,60,71,5),(220,19,69,42,43),(221,29,52,41,64),(222,19,73,69,21),(223,31,58,70,77),(224,28,57,63,70),(225,6,53,72,64),(226,45,74,61,68),(227,16,70,75,19),(228,50,55,39,30),(229,24,59,44,12),(230,21,67,66,73),(231,9,58,61,2),(232,11,73,36,28),(233,9,66,48,26),(234,38,51,41,13),(235,35,63,53,89),(236,44,51,72,85),(237,12,64,74,100),(238,40,54,69,73),(239,9,63,70,5),(240,6,74,59,40),(241,28,58,56,76),(242,30,63,37,1),(243,7,71,74,53),(244,48,68,35,32),(245,10,60,53,90),(246,10,61,52,97),(247,7,53,47,32),(248,40,69,72,14),(249,27,59,53,100),(250,10,68,35,72),(251,36,52,67,77),(252,39,57,62,65),(253,48,58,71,57),(254,37,51,61,23),(255,7,63,46,79),(256,39,55,62,34),(257,20,63,35,42),(258,9,65,64,19),(259,6,54,37,27),(260,10,56,49,43),(261,28,75,59,1),(262,50,50,49,67),(263,20,74,52,6),(264,19,67,60,28),(265,20,67,48,41),(266,37,74,45,13),(267,39,54,38,96),(268,35,54,68,25),(269,39,51,47,56),(270,5,51,74,11),(271,5,53,49,44),(272,14,63,62,31),(273,28,58,50,87),(274,6,72,71,3),(275,41,69,35,61),(276,48,66,74,15),(277,12,63,62,100),(278,32,69,54,12),(279,49,52,47,1),(280,8,56,51,47),(281,45,53,41,61),(282,25,66,54,84),(283,27,59,53,22),(284,42,73,54,43),(285,46,68,53,35),(286,37,51,61,2),(287,18,75,74,43),(288,46,59,75,33),(289,47,66,54,20),(290,27,57,61,29),(291,29,56,37,92),(292,45,73,42,75),(293,38,58,53,21),(294,21,68,38,28),(295,30,65,53,41),(296,6,71,46,46),(297,41,72,43,84),(298,31,68,47,76),(299,38,52,58,100),(300,25,50,36,34);

INSERT INTO Rasa (Id,Nazwa,RodzajSiersci,SredniaDlugoscZycia,Wielkosc) VALUES (1,"Sclayn","eight",20,"at auctor ullamcorper,"),(2,"Gagliano del Capo","seven",18,"Nulla"),(3,"Ipatinga","one",20,"neque. In ornare"),(4,"Saint-Eugne-de-Guigues","two",21,"auctor. Mauris"),(5,"La Baie","nine",15,"conubia nostra, per inceptos hymenaeos."),(6,"Livorno","nine",16,"quis massa. Mauris"),(7,"Kleinmachnow","five",15,"Donec luctus aliquet"),(8,"Kalken","two",15,"in, tempus eu, ligula."),(9,"Wrzburg","seven",19,"et, rutrum"),(10,"Radom","four",17,"amet, faucibus ut, nulla."),(11,"Tiverton","nine",18,"sapien,"),(12,"Ife","eight",18,"parturient montes, nascetur ridiculus mus."),(13,"Essex","four",20,"tellus"),(14,"Dolembreux","nine",19,"ac"),(15,"Scheggino","nine",18,"malesuada vel, venenatis vel, faucibus"),(16,"Bromyard","seven",15,"sed pede nec ante"),(17,"Santa Rita","six",20,"ridiculus mus."),(18,"Finkenstein am Faaker See","one",18,"a, scelerisque sed, sapien."),(19,"Luttre","six",19,"Aenean eget metus. In"),(20,"Montebello sul Sangro","ten",18,"erat."),(21,"Langley","two",14,"Donec consectetuer mauris id"),(22,"Great Falls","five",15,"id"),(23,"Spokane","nine",13,"ornare, lectus ante dictum mi,"),(24,"Wah","one",21,"vel"),(25,"Salisbury","eight",18,"a"),(26,"Rdermark","five",16,"lacus. Quisque purus sapien,"),(27,"Trier","ten",17,"ligula eu"),(28,"Caledon","two",17,"a, aliquet vel,"),(29,"Sant'Agata sul Santerno","four",20,"Nullam nisl. Maecenas malesuada"),(30,"Southampton","four",21,"facilisis lorem tristique aliquet. Phasellus"),(31,"Tofield","one",21,"mollis."),(32,"Renfrew","two",19,"erat"),(33,"Forgaria nel Friuli","ten",17,"Proin"),(34,"Rocca San Felice","three",21,"Aliquam ornare, libero"),(35,"Renaico","five",17,"Cras interdum. Nunc"),(36,"Overrepen","two",16,"mi"),(37,"Zuienkerke","one",19,"nisi. Mauris nulla. Integer urna."),(38,"Bonlez","nine",20,"arcu. Morbi sit amet massa."),(39,"Oteppe","six",18,"aliquet odio. Etiam"),(40,"Pont-de-Loup","four",15,"augue"),(41,"Rigolet","ten",15,"id enim. Curabitur massa. Vestibulum"),(42,"Alix","eight",20,"auctor. Mauris vel turpis."),(43,"Polino","nine",17,"tempor"),(44,"Fraser-Fort George","six",21,"mauris sit amet lorem semper"),(45,"Pemberton","two",16,"amet ornare lectus justo"),(46,"Posina","four",17,"enim. Nunc ut erat."),(47,"Kuringen","seven",14,"interdum. Curabitur"),(48,"San Luca","four",17,"non enim"),(49,"Harbour Grace","five",19,"amet"),(50,"Dolembreux","four",15,"Aliquam vulputate ullamcorper magna."),(51,"Alingss","five",19,"malesuada"),(52,"Bally","one",13,"eleifend egestas."),(53,"Tavigny","six",19,"at, velit. Pellentesque ultricies dignissim"),(54,"Recoleta","seven",16,"ante, iaculis nec, eleifend non,"),(55,"Sint-Genesius-Rode","nine",18,"feugiat metus sit amet"),(56,"Zutphen","three",15,"vel, mauris. Integer"),(57,"Mount Pearl","two",14,"magna, malesuada"),(58,"Tampa","four",14,"eu augue porttitor"),(59,"Gieen","ten",14,"consectetuer euismod"),(60,"Matera","five",13,"Quisque fringilla euismod enim."),(61,"Hantes-Wihries","eight",14,"Mauris eu turpis."),(62,"Mumbai","five",16,"metus."),(63,"Palayankottai","four",20,"elementum, lorem ut aliquam iaculis,"),(64,"Floreffe","seven",14,"Aliquam ornare, libero"),(65,"Romano d'Ezzelino","seven",20,"egestas."),(66,"Pemberton","seven",18,"egestas rhoncus. Proin nisl sem,"),(67,"Paternopoli","five",19,"sem ut cursus"),(68,"Leduc","eight",13,"rutrum"),(69,"Bogaarden","four",15,"vehicula. Pellentesque tincidunt"),(70,"Ottawa","nine",17,"Suspendisse"),(71,"Castelmarte","seven",17,"enim diam vel arcu."),(72,"Richmond Hill","three",21,"vel, mauris. Integer sem elit,"),(73,"Griesheim","nine",20,"adipiscing"),(74,"Lo Espejo","four",20,"magna. Ut tincidunt orci quis"),(75,"Ripalta Guerina","two",18,"litora torquent per conubia nostra,"),(76,"Sooke","two",15,"Integer eu lacus."),(77,"Ribeiro das Neves","eight",13,"Sed congue, elit sed consequat"),(78,"Largs","five",13,"Aliquam auctor, velit"),(79,"East Gwillimbury","eight",16,"augue ut"),(80,"Louisville","three",18,"commodo ipsum. Suspendisse"),(81,"Amqui","eight",14,"ligula. Aenean euismod"),(82,"Presles","four",16,"dolor elit, pellentesque a,"),(83,"Montigny-ls-Metz","one",15,"cubilia Curae; Phasellus ornare. Fusce"),(84,"Marchtrenk","five",21,"nulla. Donec non"),(85,"Acerra","six",14,"ante, iaculis nec, eleifend non,"),(86,"Bon Accord","four",21,"laoreet posuere, enim nisl"),(87,"Adana","three",18,"ligula."),(88,"Trivandrum","one",20,"Nunc laoreet lectus quis"),(89,"San Fabin","seven",14,"non arcu. Vivamus sit"),(90,"Melville","eight",19,"elementum sem,"),(91,"Montelupo Fiorentino","six",20,"sit"),(92,"Obertshausen","one",21,"ultrices posuere cubilia Curae;"),(93,"Bozeman","one",13,"posuere cubilia"),(94,"Manukau","four",14,"Aenean"),(95,"Belgrave","two",16,"Sed pharetra, felis"),(96,"Vancouver","six",15,"nonummy"),(97,"Saint-Brieuc","seven",16,"fermentum metus. Aenean sed"),(98,"Quedlinburg","two",17,"orci. Phasellus dapibus quam quis"),(99,"Niort","six",16,"feugiat placerat velit."),(100,"Wabamun","two",17,"cursus. Integer mollis. Integer tincidunt");
INSERT INTO Rasa (Id,Nazwa,RodzajSiersci,SredniaDlugoscZycia,Wielkosc) VALUES (101,"Utrecht","seven",14,"sapien. Aenean massa. Integer vitae"),(102,"St. Johann in Tirol","four",19,"pede. Suspendisse dui. Fusce diam"),(103,"Lexington","four",14,"elit"),(104,"Elingen","one",17,"turpis."),(105,"Roosdaal","eight",20,"eleifend nec,"),(106,"Gomz-Andoumont","five",15,"Duis"),(107,"Rock Springs","one",13,"malesuada."),(108,"Villers-lez-Heest","seven",17,"habitant morbi"),(109,"Heusden","three",21,"neque tellus, imperdiet non,"),(110,"Fogliano Redipuglia","four",17,"ultrices iaculis odio. Nam"),(111,"Argenteuil","eight",16,"egestas a, dui. Cras pellentesque."),(112,"Serrata","two",19,"Proin dolor."),(113,"Sachs Harbour","five",13,"egestas ligula. Nullam feugiat"),(114,"Vilna","ten",19,"vulputate dui, nec tempus mauris"),(115,"Baltimore","five",14,"In ornare sagittis felis."),(116,"Cles","five",17,"risus. Donec"),(117,"Frauenkirchen","three",18,"sit amet,"),(118,"Sherbrooke","six",16,"Etiam vestibulum"),(119,"Rueglio","three",16,"nonummy ut, molestie in, tempus"),(120,"Topeka","six",15,"Nullam scelerisque"),(121,"Coquitlam","ten",15,"in felis. Nulla tempor augue"),(122,"Malgesso","nine",14,"vitae, erat. Vivamus nisi."),(123,"Lanark","four",16,"vitae aliquam eros"),(124,"Davenport","six",20,"In scelerisque scelerisque"),(125,"San Benedetto del Tronto","four",19,"congue. In scelerisque scelerisque"),(126,"Raurkela Civil Township","three",21,"orci lobortis"),(127,"Caplan","two",20,"a mi fringilla mi"),(128,"Kanpur","five",18,"fames ac turpis egestas. Fusce"),(129,"Viranehir","three",14,"lorem, luctus ut, pellentesque"),(130,"St. Veit an der Glan","five",16,"velit."),(131,"Zoetermeer","two",16,"Nam interdum enim"),(132,"Tom","ten",21,"et, eros. Proin ultrices."),(133,"Woutersbrakel","three",17,"facilisis lorem tristique aliquet."),(134,"Titagarh","six",14,"ultrices a,"),(135,"Bertre","three",18,"ullamcorper viverra. Maecenas iaculis"),(136,"Ramsdonk","seven",19,"sit"),(137,"Villers-la-Ville","four",14,"magna."),(138,"Alsemberg","four",18,"mauris a nunc. In"),(139,"Springdale","seven",13,"ultrices."),(140,"Gropetersdorf","six",15,"eu nibh vulputate mauris"),(141,"Meerhout","one",16,"sapien. Nunc pulvinar arcu"),(142,"Castel del Giudice","six",21,"imperdiet, erat nonummy"),(143,"Santa Caterina Villarmosa","five",15,"faucibus leo, in lobortis"),(144,"Hawera","two",21,"a felis"),(145,"Meerut Cantonment","nine",16,"mauris ut mi. Duis risus"),(146,"Ambresin","four",14,"nec, leo. Morbi neque tellus,"),(147,"Iqaluit","five",20,"elit"),(148,"Swindon","seven",20,"euismod in, dolor."),(149,"San Leucio del Sannio","three",20,"tempus non, lacinia at, iaculis"),(150,"San Vito al Tagliamento","four",19,"Mauris"),(151,"Wilmington","eight",19,"nisl. Maecenas malesuada fringilla"),(152,"Raiganj","five",21,"sit amet, dapibus"),(153,"Moorsel","six",13,"at,"),(154,"Castiglione del Lago","five",14,"Ut nec urna et arcu"),(155,"Belvedere Ostrense","two",21,"ipsum primis in faucibus"),(156,"Stavoren","seven",13,"augue ut lacus."),(157,"Sterling Heights","five",19,"aliquet libero. Integer in magna."),(158,"Chtellerault","ten",16,"convallis dolor."),(159,"Frankfurt","seven",20,"purus. Nullam"),(160,"Aydn","two",15,"Cras lorem lorem, luctus ut,"),(161,"Doihue","seven",21,"ac mattis ornare,"),(162,"Naihati","six",20,"lobortis risus. In mi pede,"),(163,"Pointe-au-Pic","seven",18,"orci lacus vestibulum lorem, sit"),(164,"Bozeman","six",21,"nulla. Cras eu"),(165,"Siliguri","nine",21,"elit, a"),(166,"Landshut","six",13,"risus a ultricies"),(167,"Burcht","one",13,"dolor. Fusce feugiat. Lorem ipsum"),(168,"Machelen","five",19,"Morbi vehicula. Pellentesque tincidunt tempus"),(169,"Rhayader","ten",18,"Suspendisse ac metus vitae velit"),(170,"Saint-Remy-Geest","five",18,"ullamcorper, nisl arcu iaculis"),(171,"Vrasene","ten",16,"nascetur ridiculus mus."),(172,"Moircy","seven",14,"blandit viverra."),(173,"Smoky Lake","two",18,"Proin non"),(174,"Peterhead","nine",21,"nec enim. Nunc"),(175,"College","one",17,"malesuada fames ac turpis"),(176,"Ellesmere Port","four",15,"id magna et ipsum cursus"),(177,"Bienne-lez-Happart","eight",17,"massa non ante bibendum"),(178,"Chesapeake","seven",21,"eu enim. Etiam imperdiet"),(179,"Stony Plain","seven",19,"risus. Donec egestas. Duis"),(180,"Tarvisio","four",21,"aptent taciti sociosqu ad"),(181,"Abaetetuba","six",18,"libero mauris, aliquam"),(182,"Lacombe","eight",17,"mollis. Duis sit amet"),(183,"Columbia","eight",21,"dapibus"),(184,"Aurora","one",14,"nec, imperdiet nec,"),(185,"Pugwash","eight",21,"magnis dis"),(186,"Pramaggiore","five",21,"Morbi"),(187,"Howrah","five",21,"Quisque varius."),(188,"Guysborough","seven",14,"Cras lorem lorem, luctus"),(189,"San Vito Chietino","ten",16,"est ac mattis semper, dui"),(190,"Carterton","seven",21,"tempor diam"),(191,"Beawar","ten",18,"tincidunt, nunc ac mattis ornare,"),(192,"Sambalpur","five",14,"tristique senectus et netus"),(193,"Castletown","ten",14,"dui. Cum sociis natoque"),(194,"Nizip","four",14,"feugiat nec,"),(195,"Istres","ten",19,"erat eget"),(196,"Fort Providence","ten",15,"id, libero. Donec consectetuer mauris"),(197,"Croux-Mousty","four",17,"gravida mauris"),(198,"Limena","eight",13,"arcu"),(199,"Columbus","six",19,"Fusce aliquam, enim nec tempus"),(200,"Valbrevenna","one",14,"Curabitur consequat,");
INSERT INTO Rasa (Id,Nazwa,RodzajSiersci,SredniaDlugoscZycia,Wielkosc) VALUES (201,"San Marcello","seven",15,"Vestibulum accumsan neque et"),(202,"Charleville-Mzires","one",18,"malesuada ut, sem."),(203,"Fossato Serralta","five",20,"blandit at, nisi. Cum"),(204,"Bertogne","ten",17,"Mauris non"),(205,"Saint Paul","ten",14,"Mauris eu turpis. Nulla aliquet."),(206,"Middelburg","nine",15,"lobortis. Class aptent"),(207,"Subbiano","ten",17,"nulla ante,"),(208,"Fosses-la-Ville","ten",14,"varius"),(209,"Speyer","eight",18,"dictum"),(210,"Barrie","two",16,"vestibulum nec, euismod in, dolor."),(211,"Diegem","three",20,"consectetuer rhoncus. Nullam velit dui,"),(212,"Moncrivello","eight",19,"sociis natoque penatibus et magnis"),(213,"Witney","five",17,"malesuada malesuada. Integer id"),(214,"Maulln","seven",19,"montes, nascetur ridiculus mus."),(215,"Porirua","ten",20,"dignissim tempor"),(216,"Pont--Celles","eight",16,"eleifend egestas. Sed"),(217,"Charny","six",17,"aliquet libero. Integer in magna."),(218,"Rutland","five",15,"amet, consectetuer"),(219,"Suxy","seven",13,"Class aptent taciti sociosqu ad"),(220,"Bellegem","one",14,"sed pede. Cum sociis natoque"),(221,"Beringen","two",15,"sit amet nulla. Donec non"),(222,"Knokke","ten",14,"ad litora torquent per conubia"),(223,"Indore","nine",15,"magna tellus faucibus leo, in"),(224,"Fraser-Fort George","four",15,"non justo."),(225,"Macclesfield","five",15,"dictum"),(226,"Galbiate","two",18,"non dui nec urna suscipit"),(227,"Poitiers","seven",21,"Aliquam nisl. Nulla eu neque"),(228,"Bay Roberts","nine",16,"non nisi. Aenean eget"),(229,"Ajax","four",15,"laoreet ipsum."),(230,"Cleveland","five",17,"enim. Mauris quis turpis vitae"),(231,"Weiz","ten",20,"Nunc"),(232,"Arbroath","nine",21,"vel"),(233,"Neumnster","five",19,"felis"),(234,"Bath","eight",21,"metus. In nec orci."),(235,"Bathgate","four",21,"scelerisque dui."),(236,"Torres del Paine","five",20,"Quisque ornare tortor"),(237,"Bever Bievene","one",13,"rutrum lorem ac risus. Morbi"),(238,"Jemeppe-sur-Sambre","seven",16,"Fusce dolor quam, elementum"),(239,"Saskatoon","nine",13,"turpis egestas. Aliquam fringilla cursus"),(240,"Rudiano","five",18,"Integer tincidunt aliquam arcu. Aliquam"),(241,"Carmen","three",15,"metus sit amet"),(242,"Longvilly","three",15,"metus urna convallis erat,"),(243,"Ongole","ten",21,"vitae mauris"),(244,"Waasmunster","nine",19,"tempor lorem, eget mollis"),(245,"La Seyne-sur-Mer","seven",15,"in,"),(246,"Ongole","five",15,"tempor"),(247,"Wasseiges","nine",19,"dui, nec tempus mauris"),(248,"Marchienne-au-Pont","seven",17,"erat eget ipsum. Suspendisse sagittis."),(249,"Folx-les-Caves","four",15,"Duis at lacus."),(250,"Alness","two",17,"odio. Aliquam vulputate ullamcorper"),(251,"Haloch","three",17,"ultrices a,"),(252,"Norcia","four",16,"mus. Donec dignissim magna a"),(253,"Rycroft","ten",15,"feugiat"),(254,"Brighton","five",21,"montes, nascetur ridiculus"),(255,"Rosoux-Crenwick","three",15,"Nunc ullamcorper, velit in"),(256,"San Juan (San Juan de Tibs)","seven",21,"odio. Aliquam"),(257,"B.S.D.","eight",16,"in consequat"),(258,"Gijn","four",16,"tincidunt, nunc ac mattis"),(259,"Champorcher","ten",17,"luctus vulputate,"),(260,"Vorselaar","four",16,"sollicitudin adipiscing ligula. Aenean"),(261,"Gold Coast","six",17,"ullamcorper. Duis"),(262,"Price","ten",14,"lorem, sit amet"),(263,"Segni","two",14,"vitae, erat. Vivamus"),(264,"Umbertide","three",15,"metus."),(265,"St. Austell","five",13,"sed tortor. Integer"),(266,"Chiari","eight",19,"Vestibulum"),(267,"Mara Pinto","eight",16,"dui lectus rutrum"),(268,"Ztrud-Lumay","one",13,"luctus et ultrices posuere cubilia"),(269,"Chestermere","five",18,"ipsum non"),(270,"Inuvik","four",14,"dignissim lacus."),(271,"vreux","four",15,"eu, euismod ac, fermentum vel,"),(272,"Huesca","five",19,"Maecenas malesuada fringilla est. Mauris"),(273,"Tocopilla","three",20,"tellus"),(274,"Charny","six",17,"sit amet, consectetuer adipiscing"),(275,"Pellizzano","four",19,"facilisi. Sed neque."),(276,"Aubagne","five",14,"eros nec tellus."),(277,"Pukekohe","nine",18,"vulputate mauris sagittis"),(278,"Schwedt","one",14,"eget,"),(279,"Leverkusen","one",16,"in sodales elit erat"),(280,"South Burlington","three",16,"pharetra, felis eget varius ultrices,"),(281,"Ajmer","four",19,"penatibus"),(282,"Trollhttan","nine",18,"luctus lobortis."),(283,"Suxy","eight",21,"id, libero."),(284,"Pugwash","one",13,"malesuada"),(285,"Surendranagar","three",18,"mi. Aliquam gravida"),(286,"Talcahuano","ten",20,"non,"),(287,"Belfast","five",15,"nisl. Quisque"),(288,"Lang","eight",13,"diam"),(289,"Oostkerk","ten",20,"in magna. Phasellus"),(290,"Bragana","ten",18,"enim."),(291,"Oostkerke","five",19,"eu turpis."),(292,"Hampstead","three",15,"Nunc lectus pede, ultrices a,"),(293,"Lowestoft","eight",13,"quis lectus. Nullam suscipit,"),(294,"Lake Cowichan","three",14,"tortor."),(295,"Montleban","two",17,"tempor bibendum. Donec felis"),(296,"Cottbus","six",18,"Phasellus vitae mauris"),(297,"Ludwigsburg","two",20,"varius ultrices, mauris ipsum porta"),(298,"San Vicente","four",19,"quam quis diam."),(299,"Felitto","seven",21,"Phasellus"),(300,"Toledo","ten",18,"nec,");

INSERT INTO Pies (Id,Imie,CzyAgresywny,RasaId,KojecId,Wiek,CzyOtwarty,CzyChorowity,KolorSiersci,Opis) VALUES (1,"Harriet",1,279,192,7,1,0,"red","et arcu imperdiet ullamcorper. Duis at lacus. Quisque purus"),(2,"Sloane",1,66,162,20,0,1,"orange","volutpat. Nulla facilisis. Suspendisse commodo tincidunt nibh. Phasellus nulla. Integer vulputate, risus a ultricies adipiscing, enim mi"),(3,"Damian",0,249,126,1,1,1,"violet","arcu et pede."),(4,"Vanna",1,112,47,13,0,0,"yellow","turpis nec mauris blandit mattis. Cras eget nisi dictum augue malesuada malesuada. Integer id magna et ipsum cursus vestibulum."),(5,"Dana",1,194,133,3,0,1,"red","ornare, elit elit fermentum risus, at"),(6,"Desiree",1,70,283,14,1,0,"green","vulputate eu, odio. Phasellus at augue id ante dictum cursus."),(7,"Leila",0,252,131,8,1,1,"indigo","eu dolor egestas"),(8,"Elvis",1,185,76,18,0,0,"violet","pede nec ante blandit viverra. Donec tempus, lorem"),(9,"Quintessa",1,9,140,18,0,1,"blue","nec metus facilisis lorem tristique"),(10,"Dana",1,41,145,16,1,0,"blue","nonummy ipsum non arcu. Vivamus sit amet risus. Donec egestas. Aliquam"),(11,"Chelsea",0,237,241,20,0,0,"red","Fusce mi lorem, vehicula et, rutrum eu, ultrices sit amet, risus. Donec nibh enim, gravida sit"),(12,"Katelyn",1,170,164,11,1,1,"green","pulvinar arcu et pede. Nunc sed orci lobortis augue scelerisque mollis. Phasellus"),(13,"Piper",0,10,60,4,0,0,"blue","amet ante. Vivamus non lorem vitae odio sagittis semper. Nam tempor diam dictum sapien. Aenean massa. Integer vitae nibh. Donec"),(14,"Patience",0,187,247,18,0,0,"red","non magna. Nam ligula elit, pretium et, rutrum non, hendrerit id, ante. Nunc mauris sapien, cursus"),(15,"Leah",1,60,172,17,1,0,"violet","tellus faucibus leo, in lobortis tellus justo sit amet nulla. Donec non justo. Proin non massa non ante"),(16,"Tanisha",0,296,72,8,1,0,"indigo","varius et, euismod et, commodo at, libero. Morbi accumsan laoreet ipsum. Curabitur consequat, lectus"),(17,"Keane",0,245,268,11,0,1,"green","Fusce aliquet magna a neque. Nullam ut nisi a odio"),(18,"Geraldine",0,293,65,19,0,0,"violet","dictum placerat, augue. Sed molestie. Sed id"),(19,"Ingrid",0,255,285,17,0,0,"violet","dictum eu, placerat eget, venenatis a, magna. Lorem ipsum dolor sit amet, consectetuer adipiscing elit. Etiam"),(20,"Jeanette",1,173,280,10,1,1,"red","metus. In lorem. Donec elementum, lorem ut aliquam iaculis, lacus pede sagittis augue, eu tempor erat neque non quam."),(21,"Vance",1,93,88,17,0,0,"red","arcu ac orci. Ut semper pretium neque."),(22,"Jin",1,188,193,18,0,0,"indigo","mauris. Suspendisse aliquet molestie tellus. Aenean egestas hendrerit neque. In ornare sagittis felis."),(23,"Donovan",0,300,154,11,0,1,"violet","nisi sem semper erat, in consectetuer ipsum nunc id enim. Curabitur massa."),(24,"Bryar",1,183,29,3,1,0,"blue","non nisi. Aenean eget metus. In nec orci. Donec nibh. Quisque nonummy ipsum non arcu. Vivamus sit amet"),(25,"Halla",1,259,154,20,0,1,"violet","Mauris molestie pharetra nibh. Aliquam ornare, libero at auctor ullamcorper,"),(26,"Alma",1,270,257,5,0,0,"indigo","Duis elementum, dui quis accumsan convallis, ante lectus convallis est, vitae sodales nisi magna sed dui. Fusce aliquam,"),(27,"Ainsley",0,128,24,1,0,1,"red","In ornare sagittis felis. Donec tempor, est ac mattis semper, dui lectus rutrum urna, nec luctus"),(28,"Shay",0,136,220,1,1,0,"indigo","Nullam enim. Sed nulla ante, iaculis nec, eleifend non, dapibus rutrum, justo. Praesent luctus. Curabitur egestas nunc"),(29,"Ishmael",1,58,77,1,0,0,"yellow","bibendum. Donec felis orci,"),(30,"Signe",1,276,256,7,1,1,"red","lacus. Nulla tincidunt, neque vitae semper egestas, urna justo faucibus lectus, a sollicitudin orci sem eget massa. Suspendisse eleifend. Cras"),(31,"Kirby",0,162,173,15,0,1,"red","odio a purus. Duis elementum, dui quis accumsan convallis,"),(32,"Daria",0,20,211,10,1,0,"violet","ridiculus mus. Aenean eget magna. Suspendisse tristique neque"),(33,"Kaitlin",0,60,1,2,1,1,"indigo","pharetra. Quisque ac libero nec ligula consectetuer rhoncus. Nullam velit dui, semper et, lacinia vitae, sodales"),(34,"Vivien",0,203,197,1,1,1,"indigo","egestas. Sed pharetra, felis eget varius ultrices, mauris ipsum porta elit,"),(35,"Ariana",1,190,123,10,0,1,"blue","ut, sem. Nulla interdum. Curabitur dictum. Phasellus in felis. Nulla"),(36,"Iris",0,179,103,20,0,0,"violet","adipiscing. Mauris molestie pharetra nibh. Aliquam ornare, libero at auctor ullamcorper, nisl arcu iaculis"),(37,"Coby",1,201,292,15,1,0,"orange","et, eros. Proin ultrices. Duis volutpat nunc sit amet metus."),(38,"Morgan",0,173,27,1,1,1,"green","libero est, congue a, aliquet vel, vulputate eu, odio. Phasellus at augue id ante dictum cursus."),(39,"Moana",1,251,271,19,0,1,"blue","torquent per conubia nostra, per inceptos hymenaeos. Mauris ut quam vel sapien imperdiet ornare. In faucibus. Morbi vehicula. Pellentesque"),(40,"Jacqueline",0,70,227,4,1,0,"orange","Donec tempus, lorem fringilla ornare"),(41,"Keelie",0,223,168,6,0,0,"orange","scelerisque dui. Suspendisse ac metus vitae velit egestas lacinia. Sed"),(42,"Gloria",1,183,12,17,0,1,"green","nisi. Cum sociis natoque penatibus et magnis dis parturient montes, nascetur ridiculus"),(43,"Summer",0,223,217,14,1,0,"blue","diam dictum sapien. Aenean massa. Integer vitae nibh. Donec est mauris,"),(44,"Jennifer",0,254,152,20,1,1,"blue","eget massa. Suspendisse eleifend. Cras sed leo. Cras vehicula aliquet libero. Integer"),(45,"Genevieve",1,138,156,5,1,1,"green","interdum enim non nisi. Aenean eget metus. In nec orci. Donec nibh. Quisque nonummy ipsum non arcu. Vivamus"),(46,"Rowan",1,93,120,18,0,0,"orange","ultricies sem magna nec quam. Curabitur vel lectus. Cum sociis natoque penatibus et magnis dis"),(47,"Nyssa",1,25,287,12,1,0,"green","augue id ante dictum cursus. Nunc"),(48,"Rina",1,152,127,18,0,1,"red","Aenean egestas hendrerit neque. In ornare sagittis felis. Donec"),(49,"Madison",0,234,122,20,1,0,"green","Aenean euismod mauris eu elit. Nulla facilisi. Sed neque. Sed eget"),(50,"Virginia",1,86,54,18,0,1,"indigo","turpis non enim."),(51,"Lana",1,38,286,3,0,1,"blue","tincidunt dui augue eu tellus. Phasellus elit pede, malesuada vel,"),(52,"Julian",0,114,94,6,1,1,"indigo","pharetra ut, pharetra sed, hendrerit a, arcu. Sed et"),(53,"Gretchen",0,222,23,6,1,1,"blue","Etiam laoreet, libero et tristique pellentesque, tellus sem"),(54,"Frances",0,246,265,16,1,1,"blue","feugiat non, lobortis quis, pede. Suspendisse dui. Fusce diam nunc, ullamcorper eu, euismod ac, fermentum vel, mauris. Integer"),(55,"Chaney",0,232,126,7,0,1,"green","pede, nonummy ut, molestie in, tempus eu, ligula. Aenean euismod mauris eu elit. Nulla facilisi. Sed neque. Sed eget lacus."),(56,"Xenos",1,286,111,2,0,0,"blue","Fusce aliquet magna"),(57,"Porter",1,129,76,1,1,1,"green","rhoncus. Donec est. Nunc ullamcorper, velit in aliquet lobortis, nisi nibh lacinia orci, consectetuer euismod"),(58,"Mallory",1,211,290,11,0,0,"violet","pede, malesuada vel, venenatis"),(59,"Quinn",0,4,44,8,1,1,"indigo","ipsum. Suspendisse non leo. Vivamus nibh dolor, nonummy ac, feugiat non, lobortis quis, pede. Suspendisse"),(60,"Zelenia",1,124,194,2,0,1,"indigo","sed pede nec ante blandit viverra. Donec tempus, lorem fringilla ornare placerat, orci lacus vestibulum lorem,"),(61,"Calista",0,139,13,18,0,1,"indigo","iaculis odio. Nam interdum enim non nisi. Aenean"),(62,"Stella",0,112,119,2,0,1,"green","faucibus orci luctus et ultrices posuere cubilia Curae;"),(63,"Urielle",0,99,196,8,1,1,"orange","Donec at arcu. Vestibulum ante ipsum"),(64,"Orla",0,41,271,2,1,1,"green","libero est, congue a,"),(65,"Clark",0,93,172,14,0,0,"orange","mauris erat eget ipsum. Suspendisse sagittis. Nullam vitae diam. Proin dolor. Nulla semper tellus"),(66,"Ella",0,168,93,7,1,0,"blue","volutpat ornare, facilisis eget, ipsum. Donec sollicitudin adipiscing ligula. Aenean"),(67,"Ciaran",0,270,189,2,0,1,"orange","Nunc ullamcorper, velit in aliquet lobortis, nisi nibh lacinia orci, consectetuer euismod est arcu ac orci. Ut semper pretium"),(68,"Rhiannon",0,221,267,1,1,1,"yellow","lobortis ultrices. Vivamus rhoncus. Donec est. Nunc ullamcorper, velit in aliquet lobortis, nisi nibh lacinia orci, consectetuer euismod est"),(69,"Caryn",0,255,242,14,0,0,"blue","nulla. Cras eu tellus eu augue porttitor interdum. Sed"),(70,"Hedwig",0,224,49,5,1,0,"yellow","tempor, est ac mattis semper, dui lectus rutrum urna, nec luctus felis purus ac tellus. Suspendisse sed"),(71,"Risa",1,240,127,20,0,0,"green","Etiam ligula tortor, dictum eu, placerat eget, venenatis a, magna. Lorem ipsum dolor sit amet,"),(72,"Belle",0,54,76,15,0,1,"orange","gravida mauris ut mi. Duis risus odio,"),(73,"Palmer",1,94,272,2,0,0,"violet","Etiam imperdiet dictum magna."),(74,"Cheryl",0,121,171,7,1,1,"indigo","enim. Curabitur massa. Vestibulum accumsan"),(75,"Adrienne",0,97,294,3,1,0,"yellow","primis in faucibus orci luctus"),(76,"Jameson",1,2,194,13,1,0,"yellow","vitae risus. Duis a mi fringilla mi lacinia"),(77,"Ciaran",1,214,256,4,0,1,"blue","sagittis felis. Donec tempor, est ac mattis semper, dui lectus rutrum"),(78,"Keaton",1,299,181,9,0,0,"violet","accumsan sed, facilisis vitae, orci. Phasellus dapibus quam quis diam. Pellentesque habitant morbi tristique senectus et netus et"),(79,"Hedy",1,177,148,5,0,1,"yellow","a, aliquet vel, vulputate eu,"),(80,"Candace",1,146,121,15,0,0,"blue","nisi sem semper"),(81,"Remedios",1,270,95,14,1,0,"indigo","mauris, rhoncus id, mollis nec, cursus a, enim. Suspendisse"),(82,"Kyle",1,87,159,5,0,0,"indigo","Etiam bibendum fermentum metus. Aenean sed pede nec ante blandit viverra. Donec tempus, lorem"),(83,"Irene",0,251,65,7,0,1,"orange","sem, vitae aliquam eros turpis non enim."),(84,"Idona",0,221,277,13,1,0,"yellow","Nulla semper tellus id nunc interdum feugiat. Sed nec metus facilisis lorem tristique aliquet. Phasellus fermentum convallis"),(85,"Quinn",1,3,199,17,0,1,"red","Suspendisse sed dolor. Fusce mi lorem, vehicula et, rutrum eu, ultrices sit"),(86,"Deanna",0,34,271,6,1,0,"violet","quis diam luctus lobortis. Class aptent taciti sociosqu ad litora torquent"),(87,"Kamal",1,122,52,15,1,1,"orange","ipsum sodales purus, in molestie tortor nibh sit amet orci. Ut sagittis"),(88,"Rajah",0,230,137,16,1,0,"orange","Donec egestas. Aliquam nec enim. Nunc ut erat. Sed nunc est, mollis non, cursus non, egestas a, dui. Cras pellentesque."),(89,"Evangeline",0,174,8,6,1,0,"red","lacus. Aliquam rutrum lorem ac risus. Morbi metus. Vivamus euismod urna."),(90,"Macy",1,15,169,4,0,1,"blue","orci luctus et ultrices posuere cubilia Curae; Phasellus ornare. Fusce mollis. Duis sit amet diam eu"),(91,"Jeremy",0,19,49,9,1,1,"yellow","accumsan convallis, ante lectus convallis est, vitae sodales nisi magna sed dui. Fusce aliquam, enim nec tempus scelerisque, lorem ipsum"),(92,"Tanner",1,84,238,17,0,1,"blue","mi. Aliquam gravida"),(93,"Anthony",1,188,49,4,0,1,"yellow","lectus ante dictum mi, ac mattis velit"),(94,"Geraldine",0,58,86,15,1,1,"indigo","Vivamus euismod urna. Nullam lobortis quam a felis ullamcorper viverra. Maecenas iaculis aliquet"),(95,"Peter",0,244,68,13,0,0,"blue","vulputate, posuere vulputate, lacus. Cras interdum. Nunc sollicitudin commodo ipsum. Suspendisse non leo. Vivamus nibh"),(96,"Tanner",0,287,231,11,1,1,"violet","metus. In nec orci. Donec"),(97,"Julian",0,68,117,13,0,0,"red","ornare lectus justo eu arcu. Morbi sit amet massa. Quisque porttitor eros nec"),(98,"Hadassah",0,31,136,15,1,1,"indigo","lacus, varius et, euismod et, commodo at, libero. Morbi accumsan"),(99,"Cassandra",1,20,145,1,0,0,"red","ac mattis ornare, lectus ante dictum mi, ac mattis velit justo nec ante. Maecenas mi"),(100,"Isabelle",1,43,19,6,0,0,"red","arcu. Morbi sit amet massa. Quisque");
INSERT INTO Pies (Id,Imie,CzyAgresywny,RasaId,KojecId,Wiek,CzyOtwarty,CzyChorowity,KolorSiersci,Opis) VALUES (101,"Oleg",1,49,1,4,1,0,"blue","neque non quam. Pellentesque habitant morbi tristique senectus et netus et malesuada fames ac turpis egestas. Aliquam fringilla"),(102,"Fletcher",0,80,146,20,0,1,"indigo","quis arcu vel quam dignissim pharetra. Nam ac nulla. In tincidunt congue"),(103,"Jaime",0,192,185,13,1,0,"orange","facilisis vitae, orci. Phasellus dapibus quam quis"),(104,"Rinah",1,63,223,10,0,1,"orange","lobortis augue scelerisque mollis. Phasellus libero mauris, aliquam eu, accumsan sed,"),(105,"Travis",0,276,272,8,0,1,"indigo","elit. Etiam laoreet, libero et tristique pellentesque,"),(106,"Wyoming",0,243,4,20,1,0,"orange","et ipsum cursus vestibulum. Mauris magna. Duis dignissim tempor arcu. Vestibulum ut eros"),(107,"Harriet",0,223,294,20,1,0,"orange","ligula. Aenean euismod mauris eu elit. Nulla facilisi. Sed neque. Sed eget lacus."),(108,"Lillith",0,8,127,3,1,0,"red","nec ante blandit viverra. Donec tempus, lorem"),(109,"Maia",0,173,238,17,0,0,"green","Integer mollis. Integer tincidunt aliquam arcu. Aliquam ultrices iaculis odio. Nam"),(110,"Shay",1,67,57,18,1,1,"yellow","nulla ante, iaculis nec, eleifend non, dapibus rutrum, justo. Praesent luctus. Curabitur egestas nunc sed libero. Proin sed turpis"),(111,"Juliet",0,86,295,16,1,0,"violet","Aliquam gravida mauris ut mi. Duis risus odio, auctor vitae, aliquet nec, imperdiet nec, leo. Morbi neque tellus,"),(112,"Amy",1,87,114,4,1,0,"orange","a felis ullamcorper viverra. Maecenas iaculis aliquet diam. Sed diam lorem, auctor quis, tristique ac, eleifend vitae,"),(113,"Donna",1,121,182,14,1,0,"green","tincidunt aliquam arcu. Aliquam ultrices iaculis odio. Nam interdum enim non nisi. Aenean eget metus. In nec"),(114,"Ima",0,139,167,20,1,0,"orange","enim commodo hendrerit. Donec porttitor"),(115,"Buffy",0,145,236,6,0,0,"blue","facilisi. Sed neque. Sed eget lacus."),(116,"Blythe",0,236,159,5,1,1,"orange","porttitor scelerisque neque. Nullam nisl. Maecenas malesuada fringilla est."),(117,"Quinlan",0,151,192,9,1,1,"blue","Suspendisse ac metus vitae velit egestas lacinia. Sed congue, elit sed consequat auctor, nunc nulla vulputate"),(118,"Robin",0,7,22,20,0,0,"indigo","nibh sit amet orci. Ut sagittis lobortis mauris. Suspendisse aliquet molestie tellus. Aenean egestas hendrerit neque. In ornare sagittis felis."),(119,"Iliana",0,238,150,3,0,0,"red","Phasellus elit pede, malesuada vel, venenatis"),(120,"Meredith",0,234,35,12,0,1,"green","dui. Cum sociis natoque penatibus et magnis dis parturient"),(121,"Daryl",0,253,182,14,1,0,"violet","cursus. Integer mollis. Integer"),(122,"Sara",1,10,281,11,1,1,"violet","elit, pretium et,"),(123,"Hilel",0,200,202,10,0,0,"red","Nunc lectus pede, ultrices a, auctor non, feugiat nec, diam."),(124,"Dustin",1,291,126,4,0,1,"green","sodales purus, in molestie tortor nibh sit amet orci. Ut sagittis"),(125,"Constance",0,289,282,2,1,1,"orange","netus et malesuada fames ac turpis egestas. Fusce aliquet magna a neque."),(126,"Mara",0,262,104,20,0,1,"blue","ac turpis egestas. Aliquam fringilla cursus purus. Nullam scelerisque neque sed sem egestas blandit. Nam nulla magna,"),(127,"Palmer",1,75,73,20,1,1,"green","urna justo faucibus lectus, a sollicitudin orci sem eget"),(128,"Logan",0,10,137,15,0,0,"yellow","vulputate velit eu sem. Pellentesque ut ipsum ac mi eleifend egestas. Sed pharetra, felis eget varius ultrices,"),(129,"Preston",1,187,95,18,1,1,"yellow","ac facilisis facilisis, magna tellus faucibus leo, in lobortis tellus justo sit"),(130,"Jelani",0,159,6,9,1,0,"indigo","egestas a, dui."),(131,"Hiroko",1,214,168,14,1,1,"yellow","In nec orci. Donec nibh. Quisque nonummy ipsum non arcu. Vivamus sit"),(132,"Inga",0,246,99,7,1,1,"red","vehicula. Pellentesque tincidunt tempus risus. Donec egestas. Duis ac arcu. Nunc mauris. Morbi non sapien molestie orci"),(133,"Xavier",0,64,42,17,0,0,"blue","et, commodo at, libero. Morbi accumsan laoreet ipsum. Curabitur consequat, lectus sit amet"),(134,"Miriam",0,162,104,19,0,1,"blue","hymenaeos. Mauris ut quam vel"),(135,"Robin",0,42,1,20,1,0,"yellow","vitae erat vel pede blandit congue. In scelerisque scelerisque dui. Suspendisse ac metus vitae velit egestas lacinia. Sed congue, elit"),(136,"Karen",1,74,99,20,1,0,"indigo","Integer id magna et ipsum cursus vestibulum. Mauris magna. Duis dignissim tempor arcu. Vestibulum ut eros"),(137,"Jane",0,293,75,13,1,0,"indigo","Nulla eget metus eu erat semper rutrum. Fusce dolor quam, elementum at, egestas a, scelerisque sed, sapien. Nunc"),(138,"Andrew",1,114,295,4,0,0,"yellow","lorem, eget mollis"),(139,"Baker",0,11,284,20,0,1,"red","pede, nonummy ut, molestie in, tempus"),(140,"Avye",0,20,165,8,1,0,"red","Integer urna. Vivamus molestie dapibus ligula. Aliquam erat volutpat. Nulla dignissim. Maecenas ornare egestas ligula. Nullam feugiat placerat"),(141,"Andrew",1,142,252,5,0,0,"orange","Aliquam erat volutpat. Nulla dignissim. Maecenas ornare egestas ligula. Nullam feugiat placerat velit. Quisque"),(142,"Quentin",1,176,292,19,0,1,"red","molestie tortor nibh sit amet orci. Ut sagittis lobortis mauris. Suspendisse aliquet molestie tellus. Aenean egestas hendrerit neque."),(143,"Ima",0,204,139,3,1,0,"violet","non lorem vitae odio sagittis semper. Nam tempor diam dictum sapien. Aenean massa. Integer"),(144,"Ann",0,22,235,19,1,0,"green","Sed auctor odio a purus. Duis elementum, dui quis accumsan"),(145,"Kay",1,86,252,15,1,0,"green","Sed eget lacus. Mauris non dui nec urna suscipit nonummy. Fusce fermentum fermentum arcu. Vestibulum ante"),(146,"Hadley",0,152,99,15,0,0,"blue","vitae, erat. Vivamus nisi. Mauris nulla. Integer urna. Vivamus molestie dapibus"),(147,"Felix",1,111,220,6,0,0,"green","feugiat placerat velit. Quisque varius. Nam porttitor scelerisque neque. Nullam nisl. Maecenas malesuada"),(148,"Phyllis",0,10,148,12,1,0,"blue","nec mauris blandit mattis. Cras eget nisi"),(149,"Aspen",1,239,164,13,1,1,"orange","neque et nunc. Quisque ornare"),(150,"Anastasia",1,270,233,5,0,0,"green","ultricies sem magna nec quam."),(151,"Larissa",0,201,74,4,0,0,"red","eu nulla at sem molestie sodales. Mauris blandit enim consequat purus. Maecenas"),(152,"Mollie",1,60,147,17,1,1,"violet","tortor. Integer aliquam"),(153,"Quynn",1,100,252,12,1,1,"green","Donec consectetuer mauris id sapien. Cras dolor dolor, tempus non, lacinia at, iaculis quis, pede. Praesent"),(154,"Winter",1,153,103,8,1,0,"blue","nulla. Integer vulputate, risus a ultricies adipiscing, enim"),(155,"Axel",1,73,57,16,1,0,"orange","dolor sit amet, consectetuer adipiscing elit. Curabitur sed tortor."),(156,"Benedict",0,62,243,14,1,1,"orange","lacus. Quisque imperdiet, erat nonummy ultricies ornare, elit elit fermentum"),(157,"Cole",0,212,264,1,0,0,"yellow","Fusce aliquam, enim nec tempus scelerisque, lorem ipsum sodales purus, in molestie tortor nibh sit"),(158,"Clio",0,49,125,13,0,0,"orange","quis turpis vitae purus gravida"),(159,"Serena",0,225,263,5,0,1,"green","diam luctus lobortis. Class aptent taciti sociosqu ad litora torquent per conubia nostra, per inceptos hymenaeos."),(160,"Karen",0,145,159,13,0,0,"red","Nulla tempor augue ac ipsum. Phasellus vitae mauris sit amet lorem semper auctor. Mauris vel turpis. Aliquam"),(161,"Jameson",0,210,180,15,0,1,"orange","in, tempus eu, ligula."),(162,"Octavius",0,121,108,1,0,0,"orange","Fusce aliquet magna"),(163,"Deborah",1,182,202,4,0,0,"blue","Mauris molestie pharetra nibh. Aliquam ornare, libero at auctor ullamcorper, nisl"),(164,"Arsenio",0,235,56,17,0,1,"indigo","eu dolor egestas rhoncus. Proin nisl sem, consequat nec, mollis vitae, posuere at, velit. Cras lorem lorem, luctus"),(165,"Lawrence",0,257,190,18,0,1,"violet","pharetra nibh. Aliquam ornare, libero at auctor ullamcorper, nisl arcu iaculis"),(166,"Jeremy",1,287,203,10,0,0,"yellow","luctus. Curabitur egestas nunc sed"),(167,"Jamalia",1,120,64,4,1,0,"yellow","quam a felis ullamcorper viverra. Maecenas iaculis aliquet diam. Sed diam lorem, auctor quis, tristique ac,"),(168,"Nasim",1,219,287,10,0,0,"yellow","non, hendrerit id, ante. Nunc mauris sapien, cursus in, hendrerit consectetuer, cursus et, magna. Praesent interdum"),(169,"Blair",0,284,36,20,1,1,"indigo","laoreet, libero et tristique pellentesque, tellus sem mollis dui, in sodales elit erat vitae risus. Duis a mi fringilla"),(170,"Colton",0,250,255,2,1,0,"yellow","quam vel sapien imperdiet ornare. In faucibus. Morbi vehicula. Pellentesque tincidunt"),(171,"Dane",0,182,153,13,1,0,"violet","ullamcorper. Duis at lacus. Quisque purus sapien, gravida non, sollicitudin a, malesuada id, erat. Etiam vestibulum massa rutrum magna."),(172,"Liberty",0,209,182,15,1,0,"blue","nulla ante, iaculis nec, eleifend non, dapibus rutrum,"),(173,"Brenden",0,64,124,3,0,0,"yellow","Donec felis orci, adipiscing non,"),(174,"Jocelyn",1,192,289,6,1,0,"blue","amet metus. Aliquam erat volutpat."),(175,"Alfonso",0,126,118,9,0,1,"indigo","Aliquam nisl. Nulla eu neque pellentesque massa lobortis ultrices. Vivamus rhoncus. Donec est. Nunc ullamcorper, velit in aliquet lobortis,"),(176,"Briar",0,223,75,1,1,0,"violet","egestas blandit. Nam nulla magna, malesuada vel, convallis in, cursus et, eros. Proin ultrices. Duis"),(177,"Mufutau",1,137,147,2,0,0,"orange","massa. Suspendisse eleifend. Cras sed leo. Cras vehicula"),(178,"Jermaine",1,295,276,8,0,0,"green","elit, pretium et, rutrum non, hendrerit id, ante. Nunc mauris sapien, cursus in, hendrerit consectetuer, cursus"),(179,"Sierra",1,30,106,20,0,0,"red","at lacus. Quisque purus sapien, gravida"),(180,"Bree",1,226,157,20,0,0,"violet","convallis in, cursus et, eros. Proin ultrices. Duis volutpat nunc sit amet metus. Aliquam erat volutpat."),(181,"Hedda",0,205,101,12,1,0,"violet","velit. Sed malesuada augue ut lacus. Nulla tincidunt, neque vitae semper egestas, urna"),(182,"Imogene",0,19,76,4,1,0,"indigo","vestibulum, neque sed dictum eleifend, nunc risus varius orci, in consequat enim diam vel arcu."),(183,"Adara",0,93,6,15,0,0,"orange","Vivamus rhoncus. Donec est. Nunc ullamcorper, velit in aliquet"),(184,"Solomon",1,106,241,15,1,1,"indigo","litora torquent per conubia nostra, per inceptos hymenaeos. Mauris ut quam"),(185,"Stuart",1,81,98,17,0,0,"blue","elit sed consequat auctor,"),(186,"Nolan",1,37,74,3,1,1,"indigo","cubilia Curae; Phasellus ornare. Fusce mollis. Duis sit amet diam eu dolor egestas rhoncus. Proin nisl sem, consequat nec,"),(187,"Jescie",0,285,246,3,0,0,"violet","imperdiet ullamcorper. Duis at lacus. Quisque purus sapien, gravida non, sollicitudin a, malesuada id, erat. Etiam vestibulum"),(188,"Reagan",0,145,128,12,0,0,"violet","magna. Duis dignissim tempor arcu. Vestibulum ut eros non enim commodo hendrerit."),(189,"Sheila",1,245,93,17,1,1,"red","lacus. Ut nec urna et arcu imperdiet ullamcorper. Duis at lacus. Quisque"),(190,"Brenda",0,10,23,2,1,0,"green","sollicitudin commodo ipsum. Suspendisse non leo. Vivamus nibh dolor, nonummy ac, feugiat non, lobortis quis, pede. Suspendisse dui."),(191,"Thomas",1,89,99,7,1,1,"violet","aliquam adipiscing lacus. Ut nec urna et arcu imperdiet ullamcorper. Duis at lacus. Quisque"),(192,"Bo",0,138,38,12,1,1,"blue","molestie orci tincidunt adipiscing. Mauris molestie pharetra"),(193,"Dai",0,162,194,10,0,0,"red","arcu. Curabitur ut odio"),(194,"Drake",1,49,184,20,1,1,"violet","sit amet lorem semper auctor. Mauris vel turpis. Aliquam adipiscing lobortis"),(195,"Clark",1,205,116,2,0,0,"green","Aliquam adipiscing lobortis risus. In mi pede, nonummy"),(196,"Ria",1,210,89,13,0,0,"yellow","Nunc mauris sapien, cursus in, hendrerit consectetuer,"),(197,"Donna",1,124,24,11,0,0,"yellow","semper cursus. Integer"),(198,"Veronica",1,200,169,17,1,1,"indigo","Integer aliquam adipiscing lacus. Ut nec urna et arcu imperdiet ullamcorper. Duis at lacus. Quisque purus sapien, gravida non, sollicitudin"),(199,"Branden",1,108,136,13,1,1,"indigo","nostra, per inceptos hymenaeos. Mauris ut quam vel sapien"),(200,"Eliana",1,26,255,8,0,0,"red","Maecenas mi felis, adipiscing fringilla, porttitor vulputate, posuere vulputate, lacus. Cras interdum. Nunc sollicitudin commodo ipsum. Suspendisse non");
INSERT INTO Pies (Id,Imie,CzyAgresywny,RasaId,KojecId,Wiek,CzyOtwarty,CzyChorowity,KolorSiersci,Opis) VALUES (201,"Dylan",1,265,12,15,1,1,"yellow","Sed nec metus facilisis lorem tristique aliquet. Phasellus fermentum convallis ligula. Donec luctus aliquet odio. Etiam ligula"),(202,"Isabella",0,170,32,18,1,1,"red","non leo. Vivamus nibh dolor, nonummy ac,"),(203,"Britanney",0,292,29,12,1,1,"yellow","ornare, lectus ante"),(204,"Faith",1,37,99,12,0,0,"indigo","sed consequat auctor, nunc nulla vulputate dui, nec tempus mauris"),(205,"Phillip",0,142,56,7,1,0,"red","rutrum lorem ac risus. Morbi metus. Vivamus euismod urna. Nullam lobortis quam"),(206,"Lars",1,77,6,3,1,0,"violet","tortor. Nunc commodo auctor velit. Aliquam nisl. Nulla eu neque pellentesque massa lobortis ultrices. Vivamus"),(207,"Daryl",1,109,267,9,0,0,"orange","rutrum urna, nec luctus felis purus ac tellus. Suspendisse sed dolor. Fusce mi lorem, vehicula et,"),(208,"Kim",1,279,250,13,0,0,"red","mollis vitae, posuere at, velit. Cras"),(209,"Kasper",0,58,222,2,0,0,"orange","erat, eget tincidunt dui augue eu tellus. Phasellus elit pede,"),(210,"Mariam",1,179,79,7,1,1,"green","Cum sociis natoque penatibus et"),(211,"Lavinia",1,214,153,2,0,0,"yellow","nibh. Donec est mauris, rhoncus id, mollis nec,"),(212,"Vivien",0,194,43,15,1,1,"yellow","sociosqu ad litora torquent per conubia nostra, per inceptos hymenaeos. Mauris ut quam vel sapien imperdiet ornare. In faucibus. Morbi"),(213,"Alan",0,67,187,3,0,0,"orange","nunc id enim. Curabitur massa. Vestibulum accumsan neque et nunc. Quisque ornare tortor at"),(214,"Grant",0,169,32,15,0,0,"orange","pede, malesuada vel, venenatis vel, faucibus id, libero. Donec consectetuer mauris id sapien. Cras dolor"),(215,"Alisa",1,255,46,7,1,1,"yellow","consectetuer adipiscing elit. Aliquam auctor, velit eget laoreet posuere, enim nisl elementum"),(216,"Michelle",1,199,206,1,0,1,"green","ligula. Nullam feugiat placerat velit. Quisque varius. Nam porttitor scelerisque neque. Nullam nisl. Maecenas malesuada fringilla est."),(217,"Dustin",1,229,146,6,0,1,"indigo","Donec fringilla. Donec feugiat metus sit amet"),(218,"Lucius",1,269,131,14,1,1,"indigo","odio. Etiam ligula tortor, dictum eu, placerat eget, venenatis a, magna. Lorem ipsum"),(219,"Virginia",1,287,212,10,1,0,"indigo","arcu eu odio tristique pharetra. Quisque ac libero nec ligula consectetuer rhoncus. Nullam velit"),(220,"David",0,42,3,2,0,1,"yellow","consectetuer mauris id sapien. Cras dolor dolor, tempus non, lacinia at, iaculis quis, pede. Praesent eu dui. Cum"),(221,"Clark",1,96,27,13,1,0,"blue","egestas. Sed pharetra,"),(222,"Jerome",0,54,147,6,1,1,"violet","malesuada vel, venenatis vel, faucibus id, libero. Donec consectetuer mauris id sapien. Cras dolor dolor, tempus"),(223,"Scarlet",1,8,206,10,0,1,"blue","nec quam. Curabitur vel lectus. Cum sociis"),(224,"Barclay",0,10,119,14,0,0,"green","nostra, per inceptos hymenaeos. Mauris ut quam vel sapien imperdiet ornare. In faucibus. Morbi vehicula. Pellentesque tincidunt tempus"),(225,"Kirby",0,175,157,10,1,0,"orange","cursus, diam at pretium aliquet, metus urna convallis erat, eget"),(226,"Quon",0,188,291,13,0,1,"violet","non, dapibus rutrum, justo. Praesent luctus. Curabitur egestas"),(227,"Sybil",0,287,16,8,0,1,"violet","Nulla facilisi. Sed neque. Sed eget lacus. Mauris non dui nec urna suscipit nonummy. Fusce"),(228,"April",1,72,95,3,0,0,"red","Aliquam ornare, libero"),(229,"Hector",1,89,230,8,1,1,"violet","mauris, rhoncus id, mollis nec, cursus"),(230,"McKenzie",0,53,262,7,0,0,"orange","mi. Duis risus odio, auctor vitae, aliquet nec, imperdiet nec, leo. Morbi neque tellus,"),(231,"Scarlett",0,137,118,7,1,1,"violet","a, scelerisque sed, sapien. Nunc pulvinar arcu et pede. Nunc sed orci"),(232,"Tad",0,26,22,2,1,0,"blue","lobortis risus. In mi pede, nonummy ut, molestie in, tempus eu, ligula. Aenean"),(233,"Steven",1,267,100,10,0,1,"green","quam a felis ullamcorper viverra. Maecenas iaculis aliquet diam. Sed diam lorem,"),(234,"Justin",0,75,213,5,1,0,"indigo","quam. Curabitur vel lectus. Cum sociis natoque penatibus et magnis dis parturient montes, nascetur ridiculus mus. Donec dignissim magna a"),(235,"Melissa",1,1,51,4,1,0,"blue","mauris erat eget ipsum. Suspendisse sagittis. Nullam vitae"),(236,"Urielle",0,100,113,19,1,1,"red","dui. Cras pellentesque. Sed dictum. Proin eget odio. Aliquam vulputate ullamcorper magna."),(237,"Duncan",1,229,286,12,1,0,"red","aliquet, sem ut cursus luctus, ipsum leo elementum"),(238,"Buckminster",1,205,172,18,0,1,"red","arcu. Aliquam ultrices iaculis odio. Nam interdum enim non nisi. Aenean eget metus. In nec orci. Donec nibh. Quisque"),(239,"Galvin",0,55,113,15,1,1,"yellow","Phasellus ornare. Fusce mollis. Duis sit amet diam eu"),(240,"Kathleen",1,259,155,6,0,0,"violet","lectus. Nullam suscipit, est ac facilisis facilisis, magna tellus faucibus leo, in lobortis tellus justo"),(241,"Forrest",1,83,104,20,0,0,"red","augue, eu tempor erat neque non quam. Pellentesque"),(242,"Bryar",0,119,250,15,1,1,"orange","cursus et, eros. Proin ultrices. Duis volutpat nunc sit amet metus. Aliquam erat volutpat. Nulla facilisis. Suspendisse"),(243,"Demetria",0,243,96,5,1,0,"indigo","elit elit fermentum risus, at fringilla purus mauris a nunc. In at"),(244,"Ella",1,220,158,16,0,0,"green","mauris. Morbi non sapien molestie orci tincidunt adipiscing. Mauris molestie pharetra nibh. Aliquam ornare, libero at auctor"),(245,"Margaret",1,244,132,17,0,0,"violet","velit. Pellentesque ultricies dignissim lacus. Aliquam rutrum lorem"),(246,"Mariko",1,175,18,3,1,1,"orange","massa. Vestibulum accumsan neque et"),(247,"Chloe",1,222,100,19,1,1,"indigo","cursus et, eros. Proin ultrices. Duis volutpat nunc sit amet metus. Aliquam erat"),(248,"Eve",0,117,150,10,0,1,"orange","et pede. Nunc sed orci lobortis augue scelerisque mollis."),(249,"Nathaniel",1,171,187,18,0,0,"green","nec ligula consectetuer rhoncus. Nullam"),(250,"Clarke",0,285,233,5,1,1,"blue","vulputate ullamcorper magna. Sed eu eros. Nam consequat dolor vitae dolor. Donec"),(251,"Thane",0,70,260,20,1,0,"indigo","sollicitudin orci sem eget"),(252,"Odysseus",1,266,280,1,1,1,"red","eu neque pellentesque massa lobortis ultrices. Vivamus rhoncus. Donec est. Nunc"),(253,"Brooke",1,20,87,2,1,1,"yellow","nonummy ipsum non arcu. Vivamus sit amet risus. Donec egestas. Aliquam"),(254,"Kylie",0,171,39,9,0,1,"blue","id, blandit at, nisi. Cum"),(255,"Keefe",0,31,287,7,0,1,"violet","mollis dui, in sodales elit erat vitae risus. Duis"),(256,"Jocelyn",1,4,141,13,1,1,"yellow","odio. Phasellus at augue id ante dictum cursus. Nunc"),(257,"Violet",0,216,17,1,0,0,"indigo","ipsum. Suspendisse non leo. Vivamus nibh dolor, nonummy ac, feugiat non, lobortis quis, pede. Suspendisse dui. Fusce diam nunc, ullamcorper"),(258,"Xaviera",0,47,13,13,1,0,"orange","neque. Morbi quis urna. Nunc quis arcu vel quam dignissim"),(259,"Martha",1,297,280,13,1,0,"red","convallis dolor. Quisque tincidunt pede ac urna. Ut tincidunt vehicula risus. Nulla eget"),(260,"Kato",0,140,201,3,1,0,"blue","velit justo nec ante. Maecenas mi felis, adipiscing fringilla, porttitor vulputate, posuere vulputate, lacus."),(261,"Signe",0,168,264,8,1,0,"violet","Sed et libero. Proin mi. Aliquam"),(262,"Yasir",1,137,99,11,1,0,"indigo","quis urna. Nunc quis arcu vel quam dignissim pharetra. Nam ac nulla. In tincidunt congue turpis. In"),(263,"Aretha",1,1,22,2,0,0,"indigo","eu neque pellentesque massa lobortis ultrices. Vivamus rhoncus. Donec est. Nunc ullamcorper, velit in aliquet lobortis, nisi"),(264,"Justine",0,159,138,7,1,1,"indigo","dictum. Proin eget"),(265,"Tarik",1,212,46,6,0,1,"violet","arcu eu odio tristique pharetra. Quisque ac libero nec"),(266,"Conan",0,108,169,9,1,1,"indigo","et risus. Quisque libero lacus, varius et, euismod et, commodo at, libero. Morbi"),(267,"Ali",0,95,73,20,1,1,"violet","tellus, imperdiet non, vestibulum nec, euismod in,"),(268,"Wendy",1,233,113,15,1,1,"blue","Praesent eu dui. Cum sociis natoque penatibus et magnis dis parturient montes, nascetur ridiculus mus. Aenean eget magna. Suspendisse tristique"),(269,"Lillian",0,113,218,16,0,0,"orange","eu tellus. Phasellus"),(270,"Colin",0,7,227,13,0,0,"violet","aliquam, enim nec tempus scelerisque, lorem ipsum sodales purus, in molestie tortor nibh sit amet orci. Ut sagittis lobortis mauris."),(271,"Barry",1,66,230,2,0,1,"indigo","sed, hendrerit a, arcu. Sed et libero. Proin mi. Aliquam gravida mauris ut"),(272,"Octavia",1,201,131,10,0,1,"violet","egestas a, scelerisque sed, sapien. Nunc pulvinar arcu et pede. Nunc sed orci lobortis augue scelerisque"),(273,"Clark",1,16,112,15,1,0,"orange","Cum sociis natoque penatibus et magnis dis parturient montes, nascetur ridiculus"),(274,"Sydney",1,160,105,6,0,0,"yellow","turpis nec mauris blandit"),(275,"Echo",1,262,275,12,1,1,"yellow","elit. Curabitur sed tortor. Integer aliquam adipiscing lacus."),(276,"Travis",0,109,265,13,1,0,"indigo","placerat. Cras dictum"),(277,"Rhiannon",0,223,164,11,0,1,"red","id sapien. Cras dolor dolor, tempus non, lacinia at, iaculis quis, pede."),(278,"Lynn",1,121,59,13,1,1,"blue","Maecenas iaculis aliquet diam. Sed diam lorem, auctor quis,"),(279,"Emery",1,36,226,8,0,0,"red","sem. Nulla interdum. Curabitur dictum. Phasellus in felis."),(280,"Victoria",1,28,160,18,0,1,"orange","natoque penatibus et magnis dis parturient montes, nascetur ridiculus mus."),(281,"Lilah",1,186,150,4,1,0,"violet","bibendum ullamcorper. Duis cursus, diam at pretium aliquet, metus urna convallis erat, eget tincidunt dui"),(282,"Cameran",1,290,289,3,1,1,"yellow","pede. Nunc sed orci lobortis"),(283,"Julian",1,36,101,10,0,0,"indigo","imperdiet ornare. In faucibus. Morbi vehicula. Pellentesque"),(284,"August",0,120,253,2,0,1,"red","metus. Vivamus euismod urna. Nullam lobortis quam a felis ullamcorper viverra. Maecenas iaculis aliquet diam. Sed diam lorem,"),(285,"Jescie",1,216,172,18,0,1,"green","a neque. Nullam ut nisi a odio semper cursus. Integer mollis. Integer tincidunt aliquam"),(286,"Ryder",0,54,99,11,0,0,"violet","vitae aliquam eros turpis non enim. Mauris quis turpis vitae purus gravida sagittis."),(287,"Bo",0,160,226,19,0,1,"green","dolor egestas rhoncus. Proin"),(288,"Austin",0,128,193,11,1,1,"red","odio. Phasellus at augue id ante dictum cursus. Nunc mauris elit, dictum eu, eleifend nec, malesuada ut, sem. Nulla interdum."),(289,"Yuri",0,157,49,6,1,1,"yellow","volutpat nunc sit"),(290,"Liberty",1,124,27,7,0,1,"green","penatibus et magnis dis parturient montes, nascetur ridiculus"),(291,"Caleb",1,173,88,10,0,0,"green","orci. Donec nibh. Quisque nonummy ipsum non"),(292,"Hillary",1,40,229,10,0,0,"indigo","lorem, sit amet ultricies sem magna nec quam. Curabitur vel lectus. Cum sociis natoque penatibus et magnis dis"),(293,"Frances",0,277,219,14,0,1,"yellow","Duis dignissim tempor arcu. Vestibulum ut eros non"),(294,"Francesca",0,261,236,8,1,0,"orange","rutrum urna, nec luctus felis purus ac tellus. Suspendisse sed dolor. Fusce mi lorem, vehicula et,"),(295,"Blythe",0,125,87,15,0,0,"yellow","aliquam adipiscing lacus. Ut nec urna et arcu imperdiet ullamcorper. Duis at"),(296,"Rae",0,156,83,2,1,0,"orange","luctus lobortis. Class aptent taciti sociosqu ad litora torquent per conubia nostra, per inceptos hymenaeos. Mauris"),(297,"Winifred",1,60,62,16,1,1,"red","metus sit amet ante. Vivamus"),(298,"Cole",1,220,70,19,0,1,"violet","Nunc ac sem ut dolor dapibus gravida. Aliquam tincidunt, nunc ac mattis ornare, lectus ante dictum mi, ac mattis velit"),(299,"Upton",0,74,70,4,0,1,"green","massa. Quisque porttitor eros nec tellus. Nunc lectus pede, ultrices a, auctor non, feugiat nec,"),(300,"Callum",0,174,188,4,0,0,"orange","sit amet massa. Quisque porttitor eros nec tellus. Nunc lectus pede, ultrices a, auctor non, feugiat nec, diam. Duis mi");

INSERT INTO Opieka (Id,DataRozpoczecia,PracownikId,PiesId,DataZakonczenia) VALUES (1,"2016-10-11",326,78,"2016-10-24"),(2,"2016-03-22",538,83,"2017-05-17"),(3,"2017-09-02",355,179,"2017-05-20"),(4,"2017-09-16",580,51,"2016-09-05"),(5,"2016-11-12",316,84,"2017-07-31"),(6,"2017-11-26",462,45,"2016-03-01"),(7,"2016-10-02",492,182,"2017-07-02"),(8,"2016-08-11",489,142,"2016-12-02"),(9,"2016-01-02",565,125,"2017-04-23"),(10,"2016-06-11",335,270,"2017-11-05"),(11,"2017-10-28",386,151,"2017-07-18"),(12,"2017-08-06",463,246,"2016-08-15"),(13,"2017-09-28",324,79,"2016-08-25"),(14,"2016-01-05",360,238,"2016-09-12"),(15,"2016-03-23",518,162,"2017-10-06"),(16,"2016-06-06",442,29,"2016-06-29"),(17,"2017-08-05",335,65,"2017-09-20"),(18,"2017-05-19",555,83,"2016-09-19"),(19,"2016-03-28",348,88,"2017-03-24"),(20,"2016-06-12",314,22,"2016-04-17"),(21,"2016-04-03",333,172,"2016-01-11"),(22,"2017-02-21",313,81,"2016-02-24"),(23,"2016-03-24",370,23,"2017-12-15"),(24,"2016-04-29",596,107,"2017-10-02"),(25,"2017-01-22",338,72,"2016-10-20"),(26,"2016-11-17",591,86,"2016-05-05"),(27,"2016-01-15",523,126,"2015-12-30"),(28,"2016-11-29",545,125,"2015-12-30"),(29,"2016-10-09",419,33,"2017-09-30"),(30,"2017-09-27",451,236,"2015-12-30"),(31,"2017-09-30",397,238,"2017-03-06"),(32,"2016-12-19",324,79,"2017-01-30"),(33,"2017-05-05",582,159,"2016-01-04"),(34,"2017-12-16",398,243,"2016-03-08"),(35,"2017-01-14",330,117,"2017-09-26"),(36,"2017-04-30",410,204,"2015-12-30"),(37,"2017-05-02",531,223,"2017-11-01"),(38,"2017-09-21",443,239,"2017-02-23"),(39,"2017-02-23",578,129,"2016-10-24"),(40,"2016-11-14",448,296,"2017-06-01"),(41,"2016-03-23",579,159,"2016-10-21"),(42,"2016-04-19",447,204,"2016-07-19"),(43,"2016-10-01",584,110,"2016-06-18"),(44,"2016-06-20",416,77,"2017-10-19"),(45,"2017-06-08",593,227,"2017-11-06"),(46,"2016-06-08",437,141,"2017-08-07"),(47,"2017-07-31",355,98,"2016-10-08"),(48,"2016-10-03",504,286,"2016-09-27"),(49,"2017-04-25",577,232,"2017-09-06"),(50,"2017-11-21",316,54,"2017-06-01"),(51,"2016-08-22",544,46,"2016-04-26"),(52,"2016-03-18",572,196,"2017-09-03"),(53,"2017-01-11",365,125,"2017-02-05"),(54,"2017-12-22",436,48,"2017-05-25"),(55,"2016-04-11",310,6,"2016-06-07"),(56,"2017-07-06",396,21,"2016-10-21"),(57,"2016-06-27",483,147,"2017-07-13"),(58,"2016-06-29",511,178,"2017-02-15"),(59,"2016-09-16",458,218,"2016-08-26"),(60,"2017-09-11",532,107,"2017-05-08"),(61,"2016-03-03",528,3,"2016-05-19"),(62,"2016-01-30",542,281,"2016-02-02"),(63,"2017-08-25",495,107,"2017-10-28"),(64,"2017-10-21",367,298,"2016-11-24"),(65,"2017-07-28",505,161,"2017-03-24"),(66,"2016-09-29",399,205,"2017-04-04"),(67,"2017-07-06",347,104,"2017-11-13"),(68,"2017-10-06",595,189,"2017-12-07"),(69,"2016-03-19",546,285,"2017-12-04"),(70,"2016-01-14",349,10,"2017-01-02"),(71,"2016-09-14",435,200,"2017-05-19"),(72,"2016-02-28",394,206,"2017-06-06"),(73,"2017-04-04",478,261,"2017-07-10"),(74,"2016-05-02",340,44,"2016-02-22"),(75,"2017-01-12",385,221,"2017-07-07"),(76,"2017-02-24",403,231,"2017-04-25"),(77,"2016-03-29",336,162,"2017-07-26"),(78,"2016-10-08",343,259,"2016-10-07"),(79,"2016-11-23",536,187,"2017-05-03"),(80,"2017-05-22",436,26,"2016-10-19"),(81,"2016-07-13",481,169,"2017-11-05"),(82,"2016-02-21",458,56,"2017-10-09"),(83,"2017-04-10",443,49,"2016-05-09"),(84,"2017-01-09",583,271,"2016-09-28"),(85,"2016-07-07",578,208,"2016-05-21"),(86,"2017-05-14",465,105,"2017-02-06"),(87,"2017-05-08",591,66,"2017-08-16"),(88,"2017-06-08",382,231,"2017-04-27"),(89,"2016-09-07",452,233,"2016-11-14"),(90,"2016-10-12",549,146,"2017-11-04"),(91,"2016-12-20",386,105,"2016-04-28"),(92,"2017-02-06",530,152,"2017-07-12"),(93,"2017-06-09",405,41,"2017-11-16"),(94,"2017-02-09",575,209,"2016-12-17"),(95,"2017-06-01",483,241,"2016-10-13"),(96,"2016-03-28",355,221,"2016-08-04"),(97,"2017-01-27",597,220,"2017-06-23"),(98,"2016-04-09",533,162,"2017-06-08"),(99,"2016-07-05",406,278,"2016-12-29"),(100,"2017-01-26",494,39,"2017-11-23");
INSERT INTO Opieka (Id,DataRozpoczecia,PracownikId,PiesId,DataZakonczenia) VALUES (101,"2017-01-09",599,85,"2016-12-27"),(102,"2017-09-09",342,73,"2017-02-08"),(103,"2017-08-28",467,181,"2016-05-25"),(104,"2016-01-10",468,182,"2016-06-20"),(105,"2016-01-15",537,247,"2016-07-02"),(106,"2017-12-12",590,61,"2017-10-25"),(107,"2016-10-31",464,69,"2017-07-26"),(108,"2017-09-07",536,295,"2016-05-07"),(109,"2016-08-10",454,148,"2016-09-03"),(110,"2017-04-04",578,245,"2016-05-03"),(111,"2017-06-07",408,267,"2017-06-10"),(112,"2017-10-14",599,169,"2016-02-10"),(113,"2017-06-11",405,75,"2017-03-22"),(114,"2016-07-21",538,169,"2017-10-17"),(115,"2016-08-14",587,208,"2016-04-28"),(116,"2017-02-21",406,5,"2017-05-29"),(117,"2016-08-28",336,112,"2016-07-14"),(118,"2017-06-06",481,152,"2017-03-14"),(119,"2016-11-03",510,172,"2017-10-13"),(120,"2017-01-18",593,118,"2017-09-01"),(121,"2017-07-06",582,73,"2016-05-23"),(122,"2016-08-30",340,240,"2016-02-28"),(123,"2016-08-28",327,224,"2016-08-12"),(124,"2016-01-11",314,259,"2017-06-14"),(125,"2016-10-28",397,243,"2017-04-26"),(126,"2017-01-10",557,191,"2016-02-13"),(127,"2016-07-05",470,163,"2017-03-25"),(128,"2016-05-12",477,200,"2016-03-05"),(129,"2017-06-13",541,196,"2017-04-28"),(130,"2017-03-23",520,178,"2017-02-20"),(131,"2017-12-13",429,278,"2015-12-31"),(132,"2016-01-10",519,153,"2017-11-25"),(133,"2017-08-12",548,211,"2017-09-18"),(134,"2016-12-07",419,157,"2016-10-01"),(135,"2017-09-24",388,289,"2016-04-12"),(136,"2016-03-01",463,190,"2017-04-14"),(137,"2017-10-15",569,242,"2016-03-19"),(138,"2017-11-22",424,293,"2017-01-09"),(139,"2017-01-04",498,166,"2017-11-12"),(140,"2016-09-01",565,236,"2016-08-09"),(141,"2016-09-10",402,72,"2016-05-20"),(142,"2016-08-20",340,83,"2016-05-25"),(143,"2016-11-25",459,40,"2017-09-16"),(144,"2017-08-14",546,132,"2016-04-06"),(145,"2016-01-26",318,30,"2017-09-20"),(146,"2017-06-17",359,26,"2016-05-18"),(147,"2016-01-09",475,23,"2017-03-26"),(148,"2016-10-26",403,102,"2016-05-03"),(149,"2016-02-22",463,94,"2016-08-05"),(150,"2016-09-05",544,121,"2016-03-27"),(151,"2017-02-06",479,270,"2015-12-28"),(152,"2016-03-17",563,12,"2017-11-05"),(153,"2017-12-22",496,283,"2017-03-31"),(154,"2017-06-01",397,127,"2016-09-22"),(155,"2017-10-05",344,207,"2016-11-16"),(156,"2016-10-25",542,264,"2017-11-24"),(157,"2016-04-04",329,152,"2016-03-14"),(158,"2016-06-30",478,97,"2017-01-18"),(159,"2017-04-09",396,81,"2016-01-12"),(160,"2016-07-15",588,113,"2017-04-11"),(161,"2017-12-20",358,109,"2016-10-13"),(162,"2016-01-18",372,155,"2017-12-14"),(163,"2016-10-15",469,178,"2016-08-19"),(164,"2017-04-25",306,109,"2017-09-21"),(165,"2016-03-26",419,243,"2016-03-07"),(166,"2017-09-29",590,296,"2016-04-07"),(167,"2016-12-07",495,272,"2016-07-02"),(168,"2016-12-01",436,228,"2017-12-04"),(169,"2016-05-14",536,113,"2017-07-21"),(170,"2017-12-14",369,135,"2016-04-03"),(171,"2017-04-10",426,49,"2016-12-27"),(172,"2016-02-05",415,42,"2016-09-22"),(173,"2017-03-28",448,26,"2016-05-24"),(174,"2017-11-14",453,217,"2016-05-23"),(175,"2017-03-23",441,5,"2016-07-18"),(176,"2016-06-21",402,249,"2016-05-19"),(177,"2017-04-26",312,72,"2016-01-19"),(178,"2017-09-22",423,56,"2016-10-26"),(179,"2016-10-02",459,61,"2017-07-21"),(180,"2015-12-29",480,43,"2017-04-02"),(181,"2016-04-23",302,115,"2017-06-01"),(182,"2016-04-13",498,160,"2016-05-10"),(183,"2016-11-18",458,49,"2017-08-12"),(184,"2017-09-28",500,120,"2017-12-26"),(185,"2017-06-18",348,85,"2016-01-12"),(186,"2017-04-03",595,144,"2016-09-26"),(187,"2016-06-09",354,189,"2016-09-21"),(188,"2016-05-26",510,161,"2016-11-17"),(189,"2017-01-19",376,299,"2017-01-14"),(190,"2017-07-11",404,120,"2017-05-10"),(191,"2016-12-17",494,76,"2017-01-06"),(192,"2017-01-16",435,159,"2016-12-24"),(193,"2017-05-11",504,190,"2017-11-28"),(194,"2017-07-23",430,30,"2017-03-08"),(195,"2017-02-19",434,275,"2017-03-18"),(196,"2017-07-01",405,146,"2016-01-18"),(197,"2017-05-19",372,117,"2016-12-18"),(198,"2016-06-22",306,71,"2017-02-19"),(199,"2017-07-28",534,122,"2017-02-09"),(200,"2016-09-17",440,250,"2016-08-29");
INSERT INTO Opieka (Id,DataRozpoczecia,PracownikId,PiesId,DataZakonczenia) VALUES (201,"2017-03-30",398,67,"2017-08-20"),(202,"2016-06-22",498,286,"2017-11-17"),(203,"2016-10-09",473,296,"2017-12-14"),(204,"2016-03-20",371,300,"2017-12-21"),(205,"2017-07-27",320,287,"2016-07-10"),(206,"2017-10-01",321,122,"2017-10-23"),(207,"2017-05-02",374,54,"2016-03-08"),(208,"2016-04-27",381,137,"2017-07-01"),(209,"2017-04-02",358,258,"2017-05-13"),(210,"2016-05-02",488,58,"2017-01-31"),(211,"2016-11-01",445,107,"2017-11-15"),(212,"2016-03-11",531,259,"2016-10-27"),(213,"2017-08-05",552,162,"2017-10-17"),(214,"2017-11-09",556,293,"2016-05-30"),(215,"2017-12-11",571,168,"2016-12-03"),(216,"2017-08-25",553,55,"2017-11-20"),(217,"2016-01-05",378,189,"2017-05-19"),(218,"2016-03-19",587,87,"2016-02-11"),(219,"2017-03-02",386,8,"2017-04-24"),(220,"2017-12-02",460,254,"2017-06-13"),(221,"2016-10-21",550,286,"2017-08-16"),(222,"2016-11-03",481,137,"2016-04-03"),(223,"2016-06-19",412,15,"2017-09-21"),(224,"2017-10-15",391,108,"2016-01-28"),(225,"2016-09-01",485,247,"2016-06-29"),(226,"2017-06-28",554,250,"2017-07-10"),(227,"2016-10-06",319,29,"2016-02-10"),(228,"2017-06-24",388,27,"2016-05-30"),(229,"2016-04-07",568,73,"2016-01-13"),(230,"2017-08-29",554,274,"2016-01-04"),(231,"2016-07-01",485,279,"2016-03-12"),(232,"2016-04-08",525,158,"2017-01-06"),(233,"2016-12-02",572,92,"2016-10-28"),(234,"2016-11-14",556,222,"2016-09-07"),(235,"2016-08-09",305,131,"2017-12-18"),(236,"2016-04-01",351,68,"2016-01-18"),(237,"2016-02-03",587,107,"2017-05-17"),(238,"2017-04-10",324,210,"2016-07-26"),(239,"2017-11-30",341,269,"2017-09-04"),(240,"2016-11-27",407,41,"2016-04-08"),(241,"2017-09-07",523,82,"2017-09-09"),(242,"2016-08-21",419,52,"2017-12-20"),(243,"2017-07-17",490,81,"2017-03-05"),(244,"2016-10-24",571,194,"2016-08-08"),(245,"2017-06-14",591,241,"2016-02-25"),(246,"2016-02-10",498,87,"2016-03-20"),(247,"2016-11-06",515,292,"2017-06-27"),(248,"2017-03-08",499,220,"2017-03-05"),(249,"2016-01-10",593,7,"2017-11-09"),(250,"2017-02-26",544,270,"2017-09-23"),(251,"2017-08-25",551,254,"2016-02-20"),(252,"2016-09-09",383,257,"2016-04-25"),(253,"2016-05-19",517,271,"2016-04-17"),(254,"2016-02-05",586,179,"2016-05-25"),(255,"2017-10-21",329,103,"2016-01-09"),(256,"2016-03-09",405,146,"2016-08-22"),(257,"2016-04-10",415,258,"2016-10-27"),(258,"2017-12-13",445,220,"2017-05-21"),(259,"2017-11-27",377,296,"2016-09-29"),(260,"2017-01-07",356,244,"2017-01-23"),(261,"2016-11-04",342,297,"2016-04-15"),(262,"2017-10-16",367,175,"2016-08-20"),(263,"2017-09-28",433,48,"2017-02-28"),(264,"2017-07-15",494,117,"2017-10-04"),(265,"2016-04-24",454,284,"2016-07-28"),(266,"2017-10-17",464,152,"2016-11-06"),(267,"2017-03-22",567,223,"2017-10-05"),(268,"2016-12-13",436,63,"2017-01-05"),(269,"2017-10-26",426,264,"2017-03-09"),(270,"2017-04-13",541,217,"2016-04-24"),(271,"2017-11-24",595,47,"2017-07-20"),(272,"2016-11-03",410,232,"2017-07-07"),(273,"2016-06-21",428,45,"2017-01-29"),(274,"2017-02-16",377,259,"2016-01-29"),(275,"2016-01-16",483,69,"2016-01-11"),(276,"2017-04-07",476,141,"2017-12-02"),(277,"2017-01-07",501,69,"2016-05-20"),(278,"2017-08-23",455,262,"2016-11-05"),(279,"2015-12-28",470,94,"2016-08-14"),(280,"2016-03-01",467,163,"2016-04-09"),(281,"2016-04-29",544,211,"2017-10-19"),(282,"2017-01-30",562,77,"2016-09-19"),(283,"2016-06-10",520,161,"2016-12-25"),(284,"2016-12-22",451,283,"2017-12-12"),(285,"2017-12-12",379,176,"2017-04-04"),(286,"2017-11-02",508,233,"2017-03-22"),(287,"2017-04-20",576,60,"2017-01-03"),(288,"2017-02-09",467,280,"2017-12-19"),(289,"2017-07-02",556,87,"2017-03-24"),(290,"2017-11-13",357,42,"2017-05-26"),(291,"2017-11-14",374,259,"2017-09-06"),(292,"2016-02-28",495,22,"2016-02-16"),(293,"2017-09-28",378,111,"2017-06-28"),(294,"2017-01-13",572,285,"2016-06-21"),(295,"2016-01-28",345,146,"2016-04-01"),(296,"2016-03-27",315,134,"2016-09-12"),(297,"2016-01-02",393,18,"2016-01-26"),(298,"2016-03-13",311,229,"2017-08-23"),(299,"2016-03-07",576,196,"2017-03-31"),(300,"2016-11-28",351,230,"2016-11-26");

INSERT INTO HistoriaChorob (Id,DataZachorowania,DataWyzdrowienia,PiesId,ChorobaId,CzySmiertelna) VALUES (1,"2016-04-08","2017-02-12",113,120,"1"),(2,"2017-04-25","2016-06-20",128,71,"0"),(3,"2016-06-14","2016-01-17",225,60,"1"),(4,"2017-09-25","2017-05-02",231,265,"1"),(5,"2017-10-21","2016-11-15",261,257,"0"),(6,"2016-09-13","2017-05-19",123,292,"0"),(7,"2016-11-24","2017-02-13",127,42,"0"),(8,"2017-12-27","2017-03-12",158,43,"1"),(9,"2017-10-28","2017-02-28",162,254,"1"),(10,"2016-06-30","2017-03-29",260,287,"1"),(11,"2017-04-13","2016-07-16",156,289,"1"),(12,"2017-05-30","2017-08-15",273,170,"0"),(13,"2016-04-16","2017-07-01",120,293,"1"),(14,"2017-03-28","2016-07-03",180,194,"0"),(15,"2016-05-20","2017-04-10",14,88,"1"),(16,"2016-03-24","2017-10-07",193,203,"0"),(17,"2016-01-21","2017-08-03",175,92,"1"),(18,"2017-09-04","2016-07-31",48,138,"0"),(19,"2016-03-11","2016-04-17",147,225,"0"),(20,"2016-06-18","2017-01-13",81,152,"1"),(21,"2017-07-19","2016-11-08",57,118,"1"),(22,"2016-01-22","2017-12-12",90,137,"1"),(23,"2016-10-03","2016-02-13",185,149,"0"),(24,"2016-09-22","2016-03-20",267,52,"0"),(25,"2016-11-27","2017-10-21",199,74,"1"),(26,"2016-07-06","2017-07-26",6,215,"0"),(27,"2017-08-29","2017-12-10",218,251,"1"),(28,"2016-05-27","2017-06-06",227,176,"1"),(29,"2017-06-22","2016-01-25",182,176,"1"),(30,"2017-02-13","2016-04-21",141,27,"1"),(31,"2016-04-11","2016-07-12",52,34,"1"),(32,"2016-04-20","2016-11-19",172,76,"1"),(33,"2016-09-13","2017-06-24",145,206,"1"),(34,"2016-02-29","2017-03-22",236,106,"0"),(35,"2016-12-05","2017-07-31",115,274,"0"),(36,"2016-04-30","2016-10-01",197,118,"0"),(37,"2017-01-22","2016-09-10",291,124,"0"),(38,"2016-03-26","2016-10-28",182,270,"0"),(39,"2017-11-19","2016-03-17",209,276,"0"),(40,"2016-10-14","2016-09-15",22,137,"0"),(41,"2016-03-07","2017-02-01",132,126,"1"),(42,"2017-09-03","2016-07-26",279,174,"1"),(43,"2016-07-24","2016-09-28",189,248,"1"),(44,"2016-01-03","2016-07-11",265,278,"1"),(45,"2017-12-16","2016-04-02",3,122,"1"),(46,"2017-02-03","2016-09-17",83,10,"0"),(47,"2016-12-23","2016-03-27",300,50,"1"),(48,"2016-05-31","2017-02-04",8,291,"1"),(49,"2016-03-18","2016-12-05",235,187,"1"),(50,"2016-10-18","2016-05-29",14,281,"0"),(51,"2017-02-22","2017-03-03",241,164,"1"),(52,"2016-12-24","2016-01-01",31,272,"0"),(53,"2017-03-13","2017-03-18",291,138,"0"),(54,"2017-03-06","2017-10-30",117,27,"1"),(55,"2017-08-14","2017-02-18",251,46,"0"),(56,"2016-01-11","2016-01-03",204,265,"1"),(57,"2017-12-02","2016-05-14",276,206,"1"),(58,"2016-01-03","2016-10-16",136,48,"0"),(59,"2016-05-25","2016-05-17",190,213,"0"),(60,"2017-12-06","2017-11-01",190,222,"1"),(61,"2017-02-16","2017-12-26",158,52,"1"),(62,"2016-05-17","2017-08-13",287,270,"0"),(63,"2016-04-21","2016-02-21",160,82,"0"),(64,"2017-09-16","2016-08-19",233,142,"1"),(65,"2017-07-07","2016-02-26",146,220,"0"),(66,"2016-07-18","2017-03-10",173,171,"1"),(67,"2017-01-18","2016-04-21",290,177,"0"),(68,"2016-08-11","2017-04-17",150,149,"1"),(69,"2017-02-10","2017-02-25",112,50,"1"),(70,"2017-03-03","2016-06-19",127,91,"0"),(71,"2016-10-27","2016-01-29",225,282,"0"),(72,"2017-03-06","2017-03-23",166,114,"1"),(73,"2016-07-24","2016-07-27",277,53,"0"),(74,"2016-05-03","2016-06-04",142,73,"1"),(75,"2016-12-01","2017-09-09",30,286,"1"),(76,"2016-11-24","2016-07-25",184,22,"1"),(77,"2016-03-08","2016-01-09",98,63,"1"),(78,"2016-09-03","2017-08-15",163,243,"1"),(79,"2017-11-05","2017-12-09",121,53,"1"),(80,"2016-06-02","2017-02-24",242,53,"1"),(81,"2016-01-23","2016-10-24",36,2,"1"),(82,"2017-09-15","2016-10-05",284,295,"0"),(83,"2016-07-22","2016-01-19",59,40,"1"),(84,"2016-10-23","2017-03-27",266,73,"0"),(85,"2016-03-02","2016-12-22",24,245,"1"),(86,"2016-07-02","2016-09-15",34,48,"0"),(87,"2017-03-15","2017-02-16",117,270,"1"),(88,"2016-04-18","2017-03-24",294,290,"1"),(89,"2016-04-25","2017-12-04",296,267,"0"),(90,"2017-01-23","2016-09-27",5,236,"0"),(91,"2017-07-03","2017-09-09",245,297,"0"),(92,"2016-06-16","2017-08-30",130,261,"0"),(93,"2016-04-02","2016-09-30",202,65,"0"),(94,"2016-09-07","2017-09-27",228,214,"1"),(95,"2016-10-29","2016-06-27",91,217,"0"),(96,"2016-04-01","2016-10-19",79,296,"1"),(97,"2016-12-24","2016-01-10",126,92,"0"),(98,"2016-03-25","2017-05-01",158,265,"0"),(99,"2017-10-21","2017-11-15",143,3,"1"),(100,"2016-10-14","2017-12-26",149,262,"0");
INSERT INTO HistoriaChorob (Id,DataZachorowania,DataWyzdrowienia,PiesId,ChorobaId,CzySmiertelna) VALUES (101,"2015-12-31","2017-03-01",100,128,"0"),(102,"2017-05-18","2017-01-15",131,92,"0"),(103,"2017-09-12","2016-03-06",88,266,"1"),(104,"2016-11-28","2017-05-09",271,108,"1"),(105,"2016-09-24","2017-04-15",131,88,"1"),(106,"2016-04-24","2016-04-18",73,166,"0"),(107,"2016-01-23","2016-05-03",43,49,"1"),(108,"2017-10-17","2017-07-20",235,252,"0"),(109,"2016-08-23","2016-12-06",73,152,"1"),(110,"2016-12-01","2016-02-27",62,258,"0"),(111,"2017-08-13","2017-10-30",222,254,"1"),(112,"2017-11-01","2016-12-24",267,177,"1"),(113,"2016-04-27","2016-03-01",280,30,"1"),(114,"2017-08-19","2017-06-09",101,103,"1"),(115,"2017-07-19","2017-02-22",215,64,"0"),(116,"2016-12-15","2016-10-16",207,282,"0"),(117,"2016-10-26","2016-08-16",145,281,"0"),(118,"2016-01-31","2017-07-13",226,134,"0"),(119,"2016-07-09","2017-08-29",267,191,"1"),(120,"2016-02-22","2016-09-13",283,31,"1"),(121,"2016-07-24","2017-11-21",203,76,"1"),(122,"2017-12-16","2017-06-09",271,144,"1"),(123,"2017-01-23","2017-06-18",164,221,"0"),(124,"2017-03-10","2016-04-09",44,154,"0"),(125,"2016-11-18","2016-01-10",252,148,"1"),(126,"2017-08-10","2017-10-01",184,135,"0"),(127,"2017-08-15","2017-12-16",43,134,"1"),(128,"2017-12-13","2016-02-06",295,77,"1"),(129,"2017-02-28","2016-11-28",241,176,"1"),(130,"2017-05-26","2016-07-17",113,44,"0"),(131,"2017-03-29","2016-04-13",132,272,"1"),(132,"2017-06-01","2017-05-16",32,45,"1"),(133,"2017-08-13","2016-03-28",247,96,"1"),(134,"2016-12-31","2016-11-13",103,22,"0"),(135,"2017-04-18","2016-04-21",65,26,"0"),(136,"2017-07-17","2016-07-09",206,260,"0"),(137,"2017-10-28","2016-01-06",21,63,"1"),(138,"2017-11-11","2017-11-13",113,283,"1"),(139,"2017-11-21","2017-05-17",20,197,"0"),(140,"2017-11-04","2016-06-08",258,225,"1"),(141,"2016-08-26","2016-11-14",149,18,"0"),(142,"2016-05-04","2016-11-18",89,279,"0"),(143,"2017-02-06","2017-04-10",173,123,"0"),(144,"2017-05-19","2017-04-23",179,92,"1"),(145,"2016-03-24","2017-08-05",43,47,"1"),(146,"2017-11-09","2016-05-21",245,143,"1"),(147,"2017-01-09","2016-11-22",134,6,"0"),(148,"2016-11-13","2017-02-06",198,32,"0"),(149,"2017-07-06","2017-11-25",97,82,"1"),(150,"2017-07-02","2016-07-15",263,72,"1"),(151,"2017-08-05","2016-11-05",70,294,"0"),(152,"2016-05-07","2016-05-22",189,236,"0"),(153,"2017-03-27","2016-09-25",118,102,"1"),(154,"2016-03-09","2017-06-13",2,135,"1"),(155,"2017-04-01","2017-08-04",162,251,"1"),(156,"2017-07-13","2017-03-18",281,6,"0"),(157,"2017-09-27","2016-05-14",283,277,"1"),(158,"2017-11-11","2016-09-12",206,60,"0"),(159,"2017-05-13","2017-07-05",6,287,"0"),(160,"2016-09-18","2017-05-31",172,141,"0"),(161,"2016-07-31","2017-05-27",133,23,"1"),(162,"2016-09-07","2016-12-03",184,281,"1"),(163,"2016-04-12","2016-10-25",296,49,"0"),(164,"2017-08-05","2017-03-25",215,43,"0"),(165,"2017-07-21","2016-02-05",166,170,"1"),(166,"2016-09-28","2017-07-27",221,93,"1"),(167,"2017-12-22","2017-10-28",236,98,"0"),(168,"2016-06-02","2016-12-30",61,209,"1"),(169,"2016-10-25","2016-01-03",214,65,"0"),(170,"2017-04-07","2016-12-26",157,40,"1"),(171,"2017-06-13","2017-09-24",223,16,"0"),(172,"2016-08-07","2016-02-23",158,40,"1"),(173,"2017-05-20","2016-04-05",298,131,"0"),(174,"2016-12-07","2016-12-22",30,86,"0"),(175,"2016-04-24","2016-10-27",208,10,"0"),(176,"2017-08-21","2016-01-15",55,126,"0"),(177,"2017-07-08","2016-03-01",41,102,"1"),(178,"2017-10-27","2017-11-10",225,139,"1"),(179,"2017-11-10","2016-09-12",127,118,"1"),(180,"2016-01-29","2016-09-04",146,168,"0"),(181,"2016-01-02","2016-02-19",58,223,"0"),(182,"2016-11-19","2017-03-01",192,41,"1"),(183,"2016-02-13","2017-05-27",259,94,"1"),(184,"2016-12-24","2016-07-02",116,30,"1"),(185,"2017-11-19","2017-11-18",200,266,"0"),(186,"2016-05-25","2016-06-24",2,10,"0"),(187,"2017-03-15","2017-08-02",29,71,"0"),(188,"2017-12-03","2017-04-18",142,299,"0"),(189,"2016-11-28","2017-09-20",39,72,"0"),(190,"2016-06-16","2017-09-29",95,122,"0"),(191,"2016-12-29","2017-04-22",231,194,"1"),(192,"2017-03-14","2017-04-30",148,60,"0"),(193,"2016-01-16","2017-01-26",280,80,"0"),(194,"2017-07-24","2016-07-28",38,42,"1"),(195,"2017-10-11","2017-05-03",175,26,"0"),(196,"2016-03-16","2017-07-05",221,69,"0"),(197,"2016-01-29","2017-01-30",122,285,"0"),(198,"2017-02-11","2017-10-18",4,178,"1"),(199,"2016-10-07","2017-10-10",97,263,"1"),(200,"2016-06-04","2016-11-05",33,220,"1");
INSERT INTO HistoriaChorob (Id,DataZachorowania,DataWyzdrowienia,PiesId,ChorobaId,CzySmiertelna) VALUES (201,"2016-07-30","2016-04-07",155,246,"1"),(202,"2017-06-06","2016-11-03",147,73,"0"),(203,"2016-01-17","2016-05-30",270,115,"0"),(204,"2016-10-20","2016-08-19",234,201,"0"),(205,"2017-09-10","2016-08-18",90,270,"1"),(206,"2017-03-31","2016-09-27",160,66,"0"),(207,"2016-10-25","2017-10-24",286,29,"0"),(208,"2016-04-13","2017-04-15",188,64,"0"),(209,"2017-10-22","2017-04-07",87,252,"0"),(210,"2016-08-29","2016-02-07",219,41,"1"),(211,"2016-04-02","2016-02-14",170,137,"1"),(212,"2017-11-27","2016-05-11",21,57,"0"),(213,"2016-10-21","2016-01-17",274,178,"1"),(214,"2016-05-18","2016-05-30",291,123,"0"),(215,"2016-01-13","2017-07-04",135,155,"0"),(216,"2016-04-12","2016-01-29",100,159,"1"),(217,"2017-10-07","2016-02-19",140,50,"0"),(218,"2016-09-26","2017-03-26",280,196,"0"),(219,"2017-01-03","2016-07-02",237,274,"1"),(220,"2016-09-22","2017-10-11",21,140,"0"),(221,"2017-04-10","2016-08-22",263,45,"0"),(222,"2017-06-06","2017-05-30",112,120,"1"),(223,"2017-05-16","2016-07-20",214,239,"1"),(224,"2017-12-01","2017-06-16",12,241,"1"),(225,"2016-12-01","2016-12-21",24,79,"1"),(226,"2016-12-03","2016-10-30",126,155,"1"),(227,"2016-07-23","2016-04-24",231,50,"1"),(228,"2016-02-03","2016-01-23",39,185,"1"),(229,"2017-08-04","2016-12-08",132,223,"0"),(230,"2016-07-04","2017-10-14",27,208,"1"),(231,"2017-06-25","2016-01-26",266,155,"0"),(232,"2017-06-15","2017-04-23",106,127,"1"),(233,"2016-01-29","2016-12-17",206,61,"0"),(234,"2017-09-25","2017-04-13",116,140,"1"),(235,"2017-07-04","2016-07-09",91,21,"0"),(236,"2016-09-05","2016-06-18",133,202,"1"),(237,"2016-11-30","2016-03-10",89,273,"1"),(238,"2017-04-27","2016-03-23",279,154,"1"),(239,"2017-08-15","2017-02-16",102,258,"0"),(240,"2017-08-11","2016-10-14",245,212,"0"),(241,"2017-11-05","2017-01-04",66,116,"0"),(242,"2016-11-10","2017-04-09",189,83,"1"),(243,"2016-03-26","2016-05-03",78,253,"0"),(244,"2016-05-03","2016-11-04",33,274,"0"),(245,"2017-08-26","2016-02-02",194,243,"1"),(246,"2017-09-06","2016-04-19",195,118,"0"),(247,"2016-01-09","2016-06-25",116,21,"1"),(248,"2017-12-17","2016-04-22",7,121,"1"),(249,"2017-06-27","2016-01-15",50,208,"1"),(250,"2017-01-30","2016-12-25",16,191,"0"),(251,"2016-01-09","2016-09-26",117,152,"0"),(252,"2017-11-15","2016-07-04",170,97,"1"),(253,"2016-09-22","2017-07-01",185,135,"0"),(254,"2017-08-14","2016-02-02",190,15,"0"),(255,"2016-06-10","2017-06-17",268,249,"0"),(256,"2016-03-08","2016-12-28",171,198,"0"),(257,"2016-01-04","2016-09-06",188,20,"1"),(258,"2017-04-09","2017-08-06",147,125,"0"),(259,"2017-11-06","2016-06-28",227,284,"0"),(260,"2016-07-22","2016-03-09",196,189,"0"),(261,"2016-02-02","2016-06-29",248,140,"0"),(262,"2017-09-15","2016-03-08",205,170,"0"),(263,"2017-03-28","2016-11-03",280,40,"0"),(264,"2016-06-05","2017-06-12",134,14,"0"),(265,"2017-11-14","2017-07-03",182,182,"1"),(266,"2016-01-28","2016-08-24",291,36,"0"),(267,"2016-08-17","2016-09-18",73,185,"0"),(268,"2016-05-21","2017-12-19",169,134,"0"),(269,"2016-10-08","2017-02-07",250,37,"1"),(270,"2016-07-30","2017-04-24",182,63,"0"),(271,"2017-08-22","2016-05-12",8,293,"1"),(272,"2016-01-23","2016-03-10",130,34,"0"),(273,"2017-04-24","2017-01-13",142,64,"1"),(274,"2017-07-02","2017-01-06",6,283,"1"),(275,"2016-06-26","2016-10-14",263,161,"0"),(276,"2016-07-23","2016-06-11",15,13,"1"),(277,"2016-01-16","2017-11-25",5,180,"0"),(278,"2017-10-02","2016-04-23",4,270,"0"),(279,"2016-02-25","2017-04-05",22,202,"1"),(280,"2017-06-19","2017-12-05",232,221,"1"),(281,"2017-07-10","2017-07-12",139,221,"1"),(282,"2016-11-07","2017-08-11",209,212,"0"),(283,"2016-12-20","2016-10-25",176,294,"1"),(284,"2016-12-04","2016-04-09",126,193,"0"),(285,"2016-06-26","2016-11-07",274,31,"0"),(286,"2017-02-17","2017-09-04",185,213,"1"),(287,"2016-04-20","2017-12-12",251,119,"0"),(288,"2016-10-10","2016-10-03",58,4,"1"),(289,"2016-11-22","2016-04-18",209,100,"1"),(290,"2016-09-29","2016-02-16",115,254,"0"),(291,"2017-09-06","2016-10-19",274,182,"0"),(292,"2017-09-19","2016-08-10",166,232,"0"),(293,"2016-05-29","2016-02-15",10,76,"0"),(294,"2017-01-07","2017-11-15",188,149,"0"),(295,"2016-04-03","2016-04-08",196,282,"0"),(296,"2017-09-18","2017-01-02",154,74,"0"),(297,"2017-02-17","2017-08-22",91,93,"1"),(298,"2016-02-03","2017-04-24",18,182,"0"),(299,"2016-03-26","2017-06-18",71,184,"1"),(300,"2016-03-13","2017-08-30",190,193,"1");

INSERT INTO Adopcja (Id,DataAdopcji,DataKontroli,AdoptantId,PiesId) VALUES (1,"2017-03-19","2017-06-16",164,131),(2,"2016-01-06","2016-12-16",31,96),(3,"2017-07-18","2017-02-07",139,247),(4,"2016-09-27","2016-09-25",135,209),(5,"2016-10-15","2017-06-04",151,5),(6,"2016-05-07","2016-02-28",257,251),(7,"2017-09-14","2017-01-23",103,3),(8,"2017-06-21","2016-05-22",96,159),(9,"2017-07-08","2017-10-05",198,151),(10,"2017-09-27","2016-05-21",92,57),(11,"2017-12-13","2016-06-03",108,271),(12,"2017-06-25","2017-03-19",153,204),(13,"2017-09-21","2016-01-23",174,87),(14,"2016-11-15","2017-08-04",212,237),(15,"2017-01-23","2017-01-28",298,201),(16,"2016-12-15","2017-02-11",35,230),(17,"2016-01-28","2016-11-01",165,22),(18,"2016-09-12","2016-03-01",135,229),(19,"2017-02-22","2016-05-21",132,26),(20,"2017-08-27","2016-12-07",130,15),(21,"2017-07-26","2017-07-19",94,298),(22,"2016-10-26","2017-07-24",26,132),(23,"2016-07-19","2016-01-12",233,219),(24,"2017-11-26","2016-05-01",231,279),(25,"2017-10-14","2016-09-08",170,155),(26,"2016-12-13","2016-11-04",287,250),(27,"2017-12-08","2017-10-23",117,125),(28,"2017-03-12","2017-09-02",56,4),(29,"2016-01-24","2017-11-10",18,35),(30,"2017-07-05","2016-04-08",172,234),(31,"2017-09-05","2016-02-24",18,122),(32,"2016-08-15","2016-03-07",157,160),(33,"2017-07-08","2017-08-08",20,32),(34,"2016-10-01","2017-08-28",221,279),(35,"2017-01-10","2017-08-10",215,175),(36,"2017-01-19","2016-11-14",283,56),(37,"2016-06-04","2017-07-06",91,87),(38,"2017-09-07","2017-08-16",208,213),(39,"2017-03-13","2016-02-23",190,113),(40,"2017-01-28","2016-04-23",189,188),(41,"2016-08-29","2017-09-08",204,288),(42,"2017-12-07","2017-06-08",193,47),(43,"2017-11-25","2017-12-18",61,282),(44,"2017-03-31","2016-11-04",58,146),(45,"2017-02-14","2017-10-15",192,10),(46,"2016-04-07","2017-11-08",154,157),(47,"2017-12-22","2016-06-23",240,26),(48,"2017-06-07","2017-07-28",155,250),(49,"2016-09-12","2016-07-21",240,127),(50,"2016-06-16","2017-10-08",159,150),(51,"2016-09-29","2017-03-09",235,65),(52,"2017-02-14","2016-10-13",254,5),(53,"2017-07-24","2016-10-02",46,77),(54,"2016-02-29","2017-04-26",254,92),(55,"2016-04-30","2016-03-09",52,270),(56,"2016-11-23","2017-11-18",187,84),(57,"2016-04-06","2017-06-08",259,24),(58,"2016-08-15","2017-06-01",138,203),(59,"2017-08-23","2017-03-29",227,74),(60,"2016-07-11","2017-07-04",17,62),(61,"2017-05-31","2016-09-06",217,116),(62,"2017-09-30","2017-06-10",97,120),(63,"2016-02-14","2016-05-20",267,198),(64,"2017-04-30","2016-03-17",270,205),(65,"2016-06-11","2016-12-25",209,62),(66,"2017-03-15","2015-12-29",178,46),(67,"2016-09-14","2017-08-09",113,76),(68,"2017-06-16","2017-01-29",116,256),(69,"2016-09-30","2017-01-11",151,116),(70,"2015-12-28","2016-09-05",64,38),(71,"2017-12-03","2017-01-01",99,74),(72,"2016-09-30","2017-02-17",39,21),(73,"2016-09-17","2017-06-23",266,112),(74,"2017-11-29","2016-02-16",271,170),(75,"2016-05-30","2016-10-08",126,296),(76,"2016-04-01","2017-12-25",21,100),(77,"2017-07-28","2017-01-17",56,222),(78,"2017-02-06","2016-10-17",113,288),(79,"2017-04-03","2017-05-24",124,47),(80,"2016-07-21","2017-01-30",176,2),(81,"2016-07-06","2016-10-01",204,179),(82,"2016-06-28","2016-05-28",118,270),(83,"2016-04-01","2016-11-10",58,53),(84,"2016-12-16","2017-09-26",91,99),(85,"2017-03-28","2017-12-24",224,151),(86,"2016-01-14","2017-07-08",167,18),(87,"2016-04-13","2016-10-29",194,284),(88,"2017-05-28","2016-01-06",271,212),(89,"2017-04-17","2016-01-28",217,38),(90,"2017-06-02","2016-12-11",64,107),(91,"2016-11-14","2017-04-19",70,115),(92,"2016-03-19","2017-10-17",265,152),(93,"2016-05-29","2017-07-21",279,251),(94,"2016-09-26","2016-09-28",55,4),(95,"2016-04-04","2016-04-17",29,173),(96,"2017-02-15","2017-02-27",279,287),(97,"2016-01-10","2017-11-14",139,144),(98,"2016-08-25","2017-01-04",25,293),(99,"2016-11-22","2016-01-03",152,16),(100,"2016-11-14","2016-10-13",109,105);
INSERT INTO Adopcja (Id,DataAdopcji,DataKontroli,AdoptantId,PiesId) VALUES (101,"2017-10-10","2016-12-01",82,34),(102,"2016-04-08","2016-01-29",228,291),(103,"2016-10-16","2016-02-23",203,276),(104,"2017-08-21","2016-01-30",213,135),(105,"2016-09-22","2016-01-13",120,284),(106,"2016-09-04","2016-12-24",239,80),(107,"2017-08-21","2017-11-20",42,62),(108,"2017-01-30","2016-01-12",295,289),(109,"2016-01-21","2016-06-02",298,213),(110,"2016-09-06","2016-01-17",201,63),(111,"2016-07-26","2017-04-03",60,59),(112,"2016-04-26","2016-07-18",268,192),(113,"2017-07-06","2016-04-12",216,282),(114,"2017-08-20","2017-01-03",203,274),(115,"2016-06-28","2017-01-21",44,16),(116,"2016-05-18","2016-07-09",271,254),(117,"2017-08-06","2016-08-10",151,38),(118,"2016-10-20","2017-03-31",152,262),(119,"2016-07-10","2017-10-24",284,281),(120,"2016-07-20","2017-03-10",98,16),(121,"2016-02-10","2016-02-06",123,27),(122,"2016-06-16","2017-08-11",60,2),(123,"2017-11-23","2017-10-10",132,83),(124,"2016-10-03","2017-02-28",297,290),(125,"2017-09-01","2016-04-11",72,3),(126,"2017-10-03","2016-08-17",128,286),(127,"2016-09-24","2016-02-24",293,133),(128,"2016-06-11","2016-07-06",205,21),(129,"2017-06-04","2016-09-30",261,20),(130,"2016-10-29","2016-01-25",87,270),(131,"2017-07-29","2017-02-18",65,253),(132,"2017-03-11","2015-12-30",250,280),(133,"2017-06-23","2016-10-07",56,183),(134,"2016-09-04","2016-08-21",187,71),(135,"2016-04-15","2016-10-07",150,7),(136,"2016-10-12","2017-03-18",207,112),(137,"2017-10-26","2017-07-22",37,47),(138,"2016-10-18","2016-01-22",87,87),(139,"2017-10-01","2017-09-04",204,216),(140,"2016-09-26","2016-04-30",296,82),(141,"2017-09-04","2016-07-26",101,229),(142,"2016-08-23","2017-05-10",78,95),(143,"2016-09-05","2016-12-29",120,51),(144,"2017-08-16","2016-07-14",276,6),(145,"2017-05-28","2017-07-28",63,130),(146,"2017-02-09","2016-04-28",13,105),(147,"2016-07-10","2016-04-02",220,266),(148,"2016-07-10","2017-09-15",268,255),(149,"2017-06-29","2017-09-26",212,192),(150,"2016-04-06","2016-03-17",159,97),(151,"2016-06-06","2017-06-19",177,3),(152,"2016-03-05","2017-03-14",209,60),(153,"2017-07-03","2016-08-09",174,171),(154,"2016-01-16","2016-05-21",297,163),(155,"2016-01-20","2017-06-13",274,4),(156,"2016-05-09","2016-11-07",177,63),(157,"2016-12-02","2016-09-06",267,270),(158,"2017-06-25","2016-09-13",177,96),(159,"2016-05-07","2016-05-01",200,96),(160,"2016-02-22","2016-03-22",224,193),(161,"2016-01-13","2016-10-24",171,101),(162,"2016-06-17","2016-11-08",145,105),(163,"2016-02-06","2016-06-09",180,270),(164,"2016-05-13","2016-12-08",299,56),(165,"2016-06-26","2017-09-01",156,21),(166,"2016-03-05","2017-01-25",14,186),(167,"2017-01-04","2017-11-16",172,203),(168,"2017-07-22","2017-12-12",198,96),(169,"2017-02-05","2016-01-16",71,248),(170,"2016-04-11","2017-06-02",21,159),(171,"2017-04-20","2017-04-09",288,209),(172,"2017-10-13","2017-10-31",136,269),(173,"2016-07-19","2017-09-27",66,93),(174,"2016-10-20","2017-07-26",6,212),(175,"2017-04-06","2016-07-06",142,116),(176,"2017-12-23","2016-11-07",139,75),(177,"2017-06-24","2017-05-10",1,231),(178,"2017-10-02","2016-04-11",289,234),(179,"2017-04-04","2016-02-05",41,64),(180,"2016-03-30","2016-04-07",210,260),(181,"2016-11-27","2016-11-29",72,138),(182,"2016-11-10","2016-03-23",10,167),(183,"2016-06-23","2017-12-22",235,226),(184,"2016-04-03","2017-11-22",277,159),(185,"2016-09-11","2017-12-04",162,37),(186,"2016-07-12","2016-10-02",118,129),(187,"2017-02-14","2017-11-22",135,109),(188,"2016-10-11","2017-03-20",262,64),(189,"2016-09-16","2016-08-19",280,96),(190,"2017-11-17","2016-01-24",43,146),(191,"2016-04-16","2017-03-31",33,255),(192,"2016-11-23","2016-02-10",46,130),(193,"2017-07-28","2017-06-10",159,96),(194,"2016-01-05","2016-05-11",159,266),(195,"2017-05-11","2016-10-07",73,89),(196,"2016-05-10","2017-03-06",31,208),(197,"2017-08-01","2016-12-01",20,276),(198,"2016-05-11","2017-01-07",130,235),(199,"2017-12-06","2016-10-03",275,91),(200,"2016-07-18","2016-02-21",220,171);
INSERT INTO Adopcja (Id,DataAdopcji,DataKontroli,AdoptantId,PiesId) VALUES (201,"2017-01-18","2016-07-16",76,51),(202,"2016-11-25","2016-07-19",240,126),(203,"2016-05-26","2017-03-11",240,169),(204,"2016-07-24","2017-04-08",220,203),(205,"2016-12-07","2017-04-05",203,14),(206,"2016-11-07","2016-12-24",188,271),(207,"2016-12-12","2017-02-28",58,222),(208,"2017-02-26","2016-05-12",123,115),(209,"2017-04-18","2016-10-12",292,39),(210,"2017-11-14","2016-09-27",34,6),(211,"2017-02-21","2017-10-23",155,104),(212,"2017-12-10","2016-05-24",223,200),(213,"2016-01-03","2016-05-02",288,216),(214,"2016-12-28","2017-11-17",88,108),(215,"2017-11-13","2017-07-11",194,117),(216,"2016-06-01","2016-09-18",96,233),(217,"2017-01-17","2016-10-27",153,37),(218,"2017-02-05","2017-09-26",67,166),(219,"2016-07-08","2017-08-14",195,281),(220,"2017-08-23","2016-03-05",288,149),(221,"2017-02-17","2016-03-27",244,298),(222,"2015-12-29","2016-08-22",283,144),(223,"2016-11-23","2017-04-20",236,124),(224,"2017-10-26","2016-07-05",80,262),(225,"2017-08-28","2016-11-07",91,199),(226,"2017-06-16","2017-06-21",128,269),(227,"2016-03-14","2017-12-19",18,110),(228,"2017-03-12","2016-11-01",48,113),(229,"2016-07-17","2016-12-15",138,241),(230,"2017-10-18","2017-02-24",175,143),(231,"2016-06-17","2017-11-17",260,191),(232,"2016-03-29","2017-01-26",112,51),(233,"2016-02-25","2017-08-17",32,116),(234,"2016-05-28","2016-02-21",60,185),(235,"2016-04-02","2016-03-23",89,199),(236,"2017-07-07","2017-02-06",18,156),(237,"2017-02-23","2016-04-09",137,155),(238,"2017-11-28","2016-12-19",52,64),(239,"2016-02-12","2017-01-07",193,130),(240,"2016-07-27","2017-05-25",260,35),(241,"2017-08-19","2016-03-28",150,26),(242,"2016-10-22","2017-02-01",261,172),(243,"2016-08-11","2017-06-29",233,148),(244,"2017-12-10","2016-11-14",278,198),(245,"2016-06-15","2017-03-05",260,275),(246,"2017-05-14","2016-01-20",270,168),(247,"2017-10-07","2016-02-15",238,10),(248,"2017-11-27","2017-02-26",148,300),(249,"2017-11-11","2016-09-16",146,25),(250,"2017-08-02","2016-04-26",220,253),(251,"2016-09-15","2016-10-15",190,86),(252,"2017-05-09","2017-05-12",276,268),(253,"2017-03-10","2017-04-19",242,92),(254,"2016-11-20","2017-02-18",71,205),(255,"2016-07-06","2016-06-02",262,150),(256,"2017-04-19","2017-11-11",18,3),(257,"2017-04-02","2016-09-20",217,13),(258,"2017-05-20","2016-10-19",275,296),(259,"2016-03-27","2016-11-03",261,281),(260,"2017-06-05","2016-08-15",180,299),(261,"2016-11-25","2017-11-16",268,41),(262,"2016-10-31","2017-07-16",256,84),(263,"2016-12-19","2017-06-09",199,17),(264,"2017-01-27","2017-08-30",271,104),(265,"2016-12-27","2016-03-21",23,123),(266,"2016-02-28","2017-08-13",126,113),(267,"2016-04-07","2016-10-18",192,84),(268,"2017-03-30","2016-03-10",134,218),(269,"2016-08-20","2016-12-15",256,287),(270,"2017-05-04","2016-03-03",215,252),(271,"2017-10-16","2016-02-28",21,247),(272,"2016-11-16","2016-03-16",272,168),(273,"2017-11-01","2017-08-23",7,74),(274,"2017-03-31","2016-09-19",19,281),(275,"2016-04-22","2016-11-13",216,72),(276,"2017-08-16","2017-01-26",95,98),(277,"2016-09-15","2016-04-23",45,224),(278,"2016-11-21","2016-06-18",246,68),(279,"2017-11-27","2017-07-28",182,289),(280,"2017-12-24","2017-09-01",256,160),(281,"2016-12-04","2016-05-04",252,9),(282,"2016-01-08","2017-12-24",207,16),(283,"2016-07-28","2017-03-30",151,284),(284,"2016-07-16","2017-08-21",70,194),(285,"2017-10-29","2017-04-30",205,95),(286,"2017-08-04","2016-05-04",215,226),(287,"2016-01-29","2016-12-28",205,287),(288,"2017-04-30","2016-11-14",21,21),(289,"2017-07-29","2016-09-21",18,293),(290,"2016-06-22","2017-03-24",125,11),(291,"2016-02-01","2016-11-25",295,218),(292,"2017-04-04","2017-10-27",174,258),(293,"2016-08-31","2016-10-29",297,176),(294,"2017-12-11","2016-08-12",204,184),(295,"2016-01-17","2016-07-07",188,217),(296,"2017-01-01","2017-01-11",22,119),(297,"2016-10-18","2017-06-02",177,121),(298,"2017-09-02","2017-08-06",216,300),(299,"2016-12-30","2017-09-06",262,114),(300,"2016-09-16","2017-04-19",151,185);

INSERT INTO RodzajKarmy (Nazwa) VALUES ("orange"),("red"),("indigo"),("violet"),("green"),("blue"),("yellow");

INSERT INTO Karma (Id,Nazwa,Firma,AktualnyZapasKg,CenaKg,RodzajKarmyNazwa) VALUES (1,"Len Hopkins","Wie",18,"17.40","green"),(2,"Hayden Delaney","Leinster",19,"25.04","orange"),(3,"Emma E. Humphrey","SI",10,"16.40","red"),(4,"Blaze C. Knapp","Uttar Pradesh",8,"32.72","orange"),(5,"Dana Travis","Ayd",14,"47.35","violet"),(6,"M. Lynn","West-Vlaanderen",9,"47.21","violet"),(7,"Deborah Logan","Vermont",17,"43.97","yellow"),(8,"Aladdin V. Powers","So Paulo",2,"6.69","yellow"),(9,"Tana P. Bernard","IL",18,"28.92","yellow"),(10,"Dominique M. Eaton","DE",6,"5.04","violet"),(11,"Rigel I. Garcia","AN",1,"14.85","violet"),(12,"Shoshana A. Warner","Ontario",20,"38.39","blue"),(13,"Whitney S. Cannon","Ist",7,"40.99","orange"),(14,"U. Mayer","BO",19,"11.58","red"),(15,"J. Garcia","Istanbul",11,"30.37","green"),(16,"Xyla L. Guerra","Leinster",6,"49.91","violet"),(17,"Dorothy Kennedy","North Island",5,"21.35","yellow"),(18,"Brenna Travis","Mazowieckie",19,"48.81","green"),(19,"Ann Christian","LOM",19,"10.98","orange"),(20,"Devin X. Boyd","Lombardia",8,"12.61","indigo"),(21,"Hamish B. Barber","MA",7,"37.11","yellow"),(22,"Brandon R. Solomon","Ogun",6,"6.76","blue"),(23,"Cally S. Butler","Ontario",2,"20.88","violet"),(24,"Vera Anderson","Comunitat Valenciana",8,"28.92","indigo"),(25,"Ann Bradshaw","GJ",5,"48.99","violet"),(26,"I. Blankenship","Podlaskie",4,"8.62","indigo"),(27,"R. Middleton","North Island",15,"33.59","blue"),(28,"Velma S. Puckett","V",2,"29.39","orange"),(29,"T. Bond","Australian Capital Territory",15,"17.21","indigo"),(30,"Felicia Schultz","Connacht",11,"41.34","indigo"),(31,"E. Hester","Michigan",2,"36.02","blue"),(32,"W. Lambert","Berlin",8,"36.66","orange"),(33,"Q. Solomon","Illinois",8,"14.84","indigo"),(34,"I. Craft","Oost-Vlaanderen",11,"37.90","red"),(35,"J. Adams","AB",18,"33.25","blue"),(36,"L. Mclaughlin","Hatay",3,"30.26","orange"),(37,"C. Ramos","Lagos",13,"6.12","violet"),(38,"Georgia Aguilar","Wyoming",15,"7.15","violet"),(39,"Steven Pitts","BA",3,"37.03","blue"),(40,"Curran I. Bender","HA",11,"39.81","yellow"),(41,"Fuller H. Holland","San Jos",16,"7.31","red"),(42,"Buffy M. Williamson","Catalunya",10,"21.74","blue"),(43,"Keegan Kirkland","MI",16,"39.33","blue"),(44,"Kaitlin T. Moses","Berlin",12,"32.91","violet"),(45,"Celeste Q. Williams","BA",9,"16.93","orange"),(46,"Dai Bridges","AB",11,"36.41","yellow"),(47,"Kato K. Rowland","VIC",16,"34.33","green"),(48,"Brenden Mcdonald","Guanacaste",18,"46.88","violet"),(49,"Timon K. Hubbard","NL",1,"30.13","red"),(50,"Lacy Harmon","Vienna",14,"24.94","violet"),(51,"Z. Holt","PA",7,"12.30","orange"),(52,"Lael Gibson","MG",16,"13.10","violet"),(53,"Thor V. Coleman","DO",10,"38.39","orange"),(54,"J. Downs","Colorado",18,"31.69","orange"),(55,"J. Gamble","Wie",8,"18.84","green"),(56,"Erica Kim","Valparaso",7,"44.45","violet"),(57,"Germane U. Hunt","VIC",14,"36.45","green"),(58,"Lilah I. Cook","Metropolitana de Santiago",9,"19.56","blue"),(59,"P. Mccray","LAZ",5,"11.10","violet"),(60,"Vielka Mayo","San Jos",12,"34.02","yellow"),(61,"Connor Fernandez","Zeeland",11,"29.83","red"),(62,"W. George","IL",8,"28.14","red"),(63,"Luke Oneal","Wie",8,"10.50","orange"),(64,"Anika Rice","Ontario",9,"7.04","violet"),(65,"U. Lambert","Guanacaste",3,"13.96","violet"),(66,"Rhea Lawrence","Limburg",8,"43.47","violet"),(67,"Quinn Tyson","Vienna",1,"26.53","red"),(68,"Rachel I. Matthews","Biobo",9,"47.69","violet"),(69,"Lee F. Hensley","Quebec",6,"15.10","red"),(70,"Abra Whitney","Alberta",18,"13.38","yellow"),(71,"Daphne Alston","NI",20,"37.38","violet"),(72,"Dean Colon","VT",3,"19.16","green"),(73,"Regan X. Zamora","NI",7,"36.46","orange"),(74,"Hollee Q. Huff","Zl",16,"20.48","violet"),(75,"Orson Forbes","Wie",10,"10.69","red"),(76,"Natalie Carson","BC",20,"15.09","green"),(77,"Graham Mcintyre","Istanbul",8,"19.83","indigo"),(78,"Xavier S. Porter","Limburg",14,"16.63","indigo"),(79,"Z. Prince","Lombardia",6,"7.54","violet"),(80,"Solomon O. Noel","MA",17,"34.76","red"),(81,"Kibo Hebert","HB",7,"9.15","indigo"),(82,"Ronan C. Buck","RI",9,"23.96","green"),(83,"Marshall Cox","GA",14,"23.67","blue"),(84,"Norman X. Bailey","NI",11,"19.70","yellow"),(85,"Phillip S. Bird","Maule",1,"35.38","yellow"),(86,"Kalia Simmons","CA",17,"5.11","violet"),(87,"Xenos A. Porter","Wie",16,"15.30","violet"),(88,"Victor Hobbs","Sokoto",10,"41.52","green"),(89,"Elaine Merrill","Cartago",9,"43.23","indigo"),(90,"Ava Y. Buckley","U.",8,"48.69","violet"),(91,"X. Mullins","Queensland",10,"41.79","red"),(92,"Arthur Y. Todd","Ank",7,"8.16","yellow"),(93,"Dolan I. Tyler","ZP",13,"8.36","blue"),(94,"G. Leonard","Antofagasta",1,"42.84","yellow"),(95,"Reece Lara","Ov",1,"29.15","orange"),(96,"Declan N. Emerson","WI",20,"49.81","violet"),(97,"X. Livingston","Ayrshire",3,"11.70","orange"),(98,"Chancellor A. Kent","Kano",17,"26.80","violet"),(99,"F. Barnes","Comunitat Valenciana",16,"21.95","red"),(100,"Gail Mcbride","Diy",20,"8.41","indigo");
INSERT INTO Karma (Id,Nazwa,Firma,AktualnyZapasKg,CenaKg,RodzajKarmyNazwa) VALUES (101,"Y. Merrill","VIC",7,"17.87","green"),(102,"Norman M. Goodwin","L.",16,"46.18","yellow"),(103,"Simone Wilcox","Monmouthshire",13,"5.88","orange"),(104,"Ashely Swanson","Hamburg",12,"40.26","red"),(105,"Glenna X. Lancaster","KA",2,"48.98","indigo"),(106,"Willa D. Dickson","CO",10,"15.10","blue"),(107,"T. Nolan","Stockholms ln",7,"11.83","violet"),(108,"Hedy Craft","NSW",1,"42.11","orange"),(109,"Echo U. Owens","AB",3,"18.11","green"),(110,"Genevieve Goodwin","Vienna",15,"15.36","yellow"),(111,"Clio Byrd","QLD",4,"13.26","indigo"),(112,"Jada Y. Bell","PR",15,"49.80","red"),(113,"Raya P. Rocha","Ulster",12,"25.30","blue"),(114,"Moana Z. Willis","Morayshire",10,"23.04","orange"),(115,"Wilma Pate","Pays de la Loire",10,"24.05","blue"),(116,"Clare Z. Delgado","Punjab",13,"14.95","red"),(117,"Tyler V. Myers","Ov",20,"27.64","green"),(118,"Isaiah Cortez","O",17,"43.01","yellow"),(119,"X. Lester","TOS",17,"7.99","violet"),(120,"G. Coffey","V",11,"9.60","yellow"),(121,"Gannon G. Wilkins","CH",18,"44.24","red"),(122,"Raven I. Browning","C",12,"32.23","green"),(123,"W. Rojas","QC",2,"47.12","indigo"),(124,"E. Fowler","RM",11,"7.03","green"),(125,"Sonya Z. Ruiz","Gvleborgs ln",4,"40.14","orange"),(126,"Jamalia Z. Jacobson","Toscana",7,"22.22","green"),(127,"Octavia Marsh","NI",12,"34.68","violet"),(128,"Larissa P. Lambert","Stockholms ln",6,"36.92","violet"),(129,"O. Allison","HA",19,"19.46","indigo"),(130,"Kirsten T. Cummings","LK",15,"12.91","red"),(131,"Oprah J. Tate","W",15,"6.13","violet"),(132,"K. Roberts","Osun",7,"11.83","indigo"),(133,"E. Shepard","Bahia",19,"21.37","red"),(134,"Brady Nelson","Antwerpen",5,"20.31","indigo"),(135,"George U. Copeland","Lazio",8,"21.44","blue"),(136,"Constance Q. Ferguson","LA",8,"45.43","violet"),(137,"Anastasia Mack","LA",2,"9.11","red"),(138,"Kiayada L. Bates","SK",1,"29.70","violet"),(139,"MacKenzie P. Mosley","Utah",7,"24.69","yellow"),(140,"D. Evans","Virginia",20,"33.90","indigo"),(141,"Farrah R. Hyde","Caithness",19,"10.02","orange"),(142,"Tamara P. Haley","Quebec",13,"21.18","green"),(143,"T. Williams","Ulster",6,"45.38","green"),(144,"Maggy N. Gordon","Berlin",19,"22.95","violet"),(145,"Damon I. Mathews","New South Wales",19,"39.85","blue"),(146,"Jacqueline J. Horton","Oost-Vlaanderen",8,"13.46","indigo"),(147,"Gannon Burks","O",16,"38.52","violet"),(148,"Suki M. Moreno","MI",10,"38.17","yellow"),(149,"Petra Dillard","Dr",13,"27.29","red"),(150,"Nerea L. Bolton","Andaluca",12,"33.00","green"),(151,"Amena Blanchard","Catalunya",9,"42.39","yellow"),(152,"Q. Hopper","Victoria",13,"19.49","violet"),(153,"Scott Crawford","RO",10,"15.15","blue"),(154,"X. Swanson","LOM",5,"41.41","red"),(155,"O. Chambers","L",9,"10.11","indigo"),(156,"Malachi Callahan","Aquitaine",17,"49.48","green"),(157,"Buckminster T. Terry","JI",2,"47.02","orange"),(158,"Autumn Z. Emerson","KD",8,"18.16","indigo"),(159,"Daniel A. Mitchell","Sardegna",15,"38.58","violet"),(160,"Jana P. Whitehead","Maryland",11,"33.58","orange"),(161,"H. Cobb","Lombardia",15,"18.58","green"),(162,"Michelle Q. Baldwin","Kinross-shire",8,"44.08","violet"),(163,"Hop N. Pacheco","NI",20,"49.45","indigo"),(164,"Genevieve F. Watson","Leinster",9,"10.92","indigo"),(165,"Aileen Wade","SAR",13,"38.48","green"),(166,"Rogan B. Rogers","Berlin",13,"13.90","violet"),(167,"Alan Solis","NL",15,"24.04","indigo"),(168,"Valentine W. Mayo","O",17,"40.41","green"),(169,"Hedda Hooper","Vienna",3,"7.53","orange"),(170,"T. Klein","Saarland",14,"48.74","violet"),(171,"Phillip Zimmerman","BE",9,"44.27","green"),(172,"T. Kemp","Borno",10,"31.55","green"),(173,"Y. Pruitt","L",8,"7.46","red"),(174,"Leonard M. Gamble","SK",18,"6.42","violet"),(175,"Kyra T. Maxwell","ME",8,"18.55","blue"),(176,"Ingrid Trujillo","QLD",18,"36.80","blue"),(177,"Kareem Pittman","IM",15,"35.78","violet"),(178,"Jackson Z. Middleton","O.",8,"7.72","blue"),(179,"Mohammad Solomon","Piemonte",11,"6.81","yellow"),(180,"Lillian S. Gibson","Oregon",1,"13.80","orange"),(181,"T. Pruitt","ON",1,"15.58","blue"),(182,"U. Robertson","Ist",14,"44.12","orange"),(183,"Sasha C. Mullins","RM",9,"48.95","orange"),(184,"Q. Raymond","Arizona",19,"18.56","red"),(185,"Orla Moses","Wie",13,"15.48","blue"),(186,"G. Mccoy","Midi-Pyrnes",15,"26.23","violet"),(187,"Keith T. Watts","New South Wales",14,"19.35","violet"),(188,"I. Woods","SJ",5,"42.80","green"),(189,"Alexander X. Castaneda","Western Australia",9,"23.64","indigo"),(190,"Walter Q. Craig","Ank",4,"35.20","indigo"),(191,"Channing Morales","O",13,"41.12","orange"),(192,"H. Harper","Leinster",14,"11.43","green"),(193,"X. Gutierrez","LOM",9,"29.30","indigo"),(194,"P. Hess","MAR",17,"22.89","orange"),(195,"Britanni Horn","Metropolitana de Santiago",16,"38.62","green"),(196,"Reagan M. Stevenson","C",12,"47.60","blue"),(197,"Elliott U. Fletcher","CL",20,"6.52","green"),(198,"Fiona Burton","MA",14,"24.60","green"),(199,"Q. Hewitt","SP",14,"15.28","red"),(200,"Ebony S. Dillon","RJ",1,"18.75","yellow");
INSERT INTO Karma (Id,Nazwa,Firma,AktualnyZapasKg,cenaKg,RodzajKarmyNazwa) VALUES (201,"Lynn J. Bright","A",9,"43.38","blue"),(202,"Brenden K. Sampson","Zeeland",13,"12.13","green"),(203,"Bert Q. Sawyer","ZP",20,"11.87","indigo"),(204,"Hilel Mccarthy","Connecticut",18,"20.47","green"),(205,"Colleen Kerr","V",7,"42.15","green"),(206,"Donovan Miles","Hamburg",1,"33.47","yellow"),(207,"Rebekah Gallegos","HU",16,"46.44","orange"),(208,"Z. Hayes","IA",10,"28.22","red"),(209,"Axel Heath","Drenthe",15,"8.84","red"),(210,"Y. Knowles","Wie",1,"8.61","red"),(211,"Felicia Houston","Vstra Gtalands ln",19,"38.09","green"),(212,"Lacota Herrera","MI",10,"30.15","red"),(213,"Heather S. Allen","Ulster",3,"32.39","blue"),(214,"Isabelle Curtis","LOM",7,"34.83","indigo"),(215,"U. Wall","Metropolitana de Santiago",1,"44.44","red"),(216,"Dominic Hicks","Namen",14,"31.85","indigo"),(217,"Daquan P. Whitehead","Ov",15,"18.52","orange"),(218,"Hayfa M. Jimenez","Kogi",8,"18.79","red"),(219,"A. Gonzalez","AB",10,"45.35","violet"),(220,"Drew Patterson","WY",10,"30.80","orange"),(221,"Z. Cervantes","Western Australia",17,"7.17","indigo"),(222,"Elliott C. Travis","QC",15,"40.39","blue"),(223,"Neville E. Obrien","Connacht",14,"10.78","violet"),(224,"Jonas Vazquez","V",2,"37.46","blue"),(225,"Malcolm Hubbard","HA",10,"11.48","violet"),(226,"Halla A. Perry","UP",14,"39.40","indigo"),(227,"O. Burt","PO",18,"41.71","indigo"),(228,"C. Hendrix","Ontario",14,"38.60","yellow"),(229,"Kieran V. Allen","IL",5,"15.86","green"),(230,"Carly Rodriquez","BC",14,"35.09","green"),(231,"D. Sharpe","Connacht",12,"12.89","orange"),(232,"Destiny H. Bernard","Cumberland",2,"26.82","orange"),(233,"P. Mcmillan","North Island",3,"22.70","orange"),(234,"Ivana A. Middleton","NI",5,"43.93","green"),(235,"G. Peters","Lazio",4,"39.99","blue"),(236,"Inez J. Avery","DS",6,"34.57","red"),(237,"Z. Carter","Ontario",20,"47.38","indigo"),(238,"Lee Gonzales","CA",11,"28.42","orange"),(239,"B. Peck","Lagos",18,"47.96","blue"),(240,"N. Goodwin","O",16,"39.86","indigo"),(241,"Graiden Ramos","Bretagne",3,"49.85","yellow"),(242,"N. Lambert","ST",12,"13.54","indigo"),(243,"Kasimir Y. Morrow","CT",8,"22.46","indigo"),(244,"Kadeem Forbes","Leinster",15,"27.30","violet"),(245,"Leonard H. Craig","Wielkopolskie",9,"7.50","orange"),(246,"Ruby Hobbs","Aydn",3,"7.19","blue"),(247,"Justine Becker","Vienna",13,"45.86","yellow"),(248,"Piper Q. Brewer","NI",11,"24.38","indigo"),(249,"Clark Thomas","NT",10,"17.77","indigo"),(250,"T. Guthrie","VB",18,"13.18","blue"),(251,"Fay Pace","G",12,"27.27","orange"),(252,"V. Hyde","Valparaso",13,"13.76","violet"),(253,"Jessica T. Blevins","Quebec",11,"5.48","violet"),(254,"Eleanor P. Cruz","Gelderland",6,"15.07","blue"),(255,"Kirk E. Wolfe","AS",13,"8.20","violet"),(256,"Murphy Atkins","F",17,"16.79","red"),(257,"Y. Newman","DE",15,"41.93","violet"),(258,"Tatiana Armstrong","Leinster",6,"8.66","green"),(259,"Rooney V. Glover","Antwerpen",10,"34.38","green"),(260,"Salvador Yates","Andhra Pradesh",11,"10.36","indigo"),(261,"D. Caldwell","AS",20,"24.99","blue"),(262,"Barbara Tyson","Vienna",3,"14.94","red"),(263,"Mark P. Woods","AN",6,"47.25","yellow"),(264,"V. Monroe","OY",6,"22.43","orange"),(265,"Rina J. Shelton","N.",4,"38.49","blue"),(266,"Lucius Aguirre","Kah",1,"30.24","green"),(267,"B. Sharpe","Quebec",9,"11.77","violet"),(268,"TaShya Q. Roth","Gvleborgs ln",16,"48.22","yellow"),(269,"D. Mullins","Campania",1,"36.52","blue"),(270,"Blythe Y. Turner","PM",19,"28.08","indigo"),(271,"Fuller Q. Anderson","Pomorskie",1,"9.29","violet"),(272,"Karly I. Pate","NSW",5,"24.68","violet"),(273,"Serena U. Mueller","C",9,"16.12","indigo"),(274,"Ora Burks","BC",18,"18.93","green"),(275,"F. Reese","Ada",10,"17.96","violet"),(276,"Gage Lynch","KP",17,"36.41","blue"),(277,"U. Travis","QLD",9,"15.07","blue"),(278,"Vernon Gordon","WB",2,"10.01","green"),(279,"Dennis Barker","UT",8,"25.23","violet"),(280,"Kaden G. Luna","Castilla - La Mancha",15,"10.70","violet"),(281,"Keely I. Foster","C",9,"12.37","green"),(282,"Ignatius S. Goodman","Rutland",20,"34.77","orange"),(283,"X. Lane","Zl",8,"34.51","yellow"),(284,"O. Gibson","LOM",17,"43.89","indigo"),(285,"B. Wilkinson","Wielkopolskie",14,"29.36","yellow"),(286,"Cullen V. Heath","OV",9,"33.10","green"),(287,"Oliver Hodge","WA",17,"47.37","red"),(288,"Garrett N. Fletcher","Leinster",2,"12.19","red"),(289,"Burke J. Rush","E",8,"29.00","blue"),(290,"E. Cruz","BU",14,"14.64","indigo"),(291,"Chester Woods","NL",20,"47.23","green"),(292,"T. Hickman","NI",18,"12.81","violet"),(293,"Felicia Pace","Emilia-Romagna",19,"9.32","green"),(294,"Ivor Garrison","Veneto",4,"15.73","blue"),(295,"Y. Stuart","Saskatchewan",14,"19.65","indigo"),(296,"J. Bennett","NSW",9,"33.61","blue"),(297,"Chadwick Byers","CL",2,"9.88","green"),(298,"Louis W. Knight","Bauchi",2,"13.52","orange"),(299,"Aileen L. Hansen","Zl",3,"6.41","orange"),(300,"E. Glover","C",9,"26.87","indigo");

INSERT INTO Szczepionka (Id,CoIleMiesiecy,CzyObowiazkowa,ChorobaId) VALUES (1,12,1,41),(2,11,1,255),(3,10,1,166),(4,2,0,134),(5,2,0,37),(6,7,1,33),(7,7,1,118),(8,5,1,223),(9,12,0,121),(10,2,1,242),(11,1,0,190),(12,8,0,34),(13,2,0,298),(14,12,1,272),(15,3,1,27),(16,10,0,257),(17,1,1,222),(18,9,1,267),(19,11,1,17),(20,1,1,64),(21,12,1,159),(22,9,0,34),(23,2,0,235),(24,2,0,125),(25,11,1,145),(26,2,1,198),(27,3,1,269),(28,4,0,62),(29,12,0,135),(30,12,1,259),(31,4,0,165),(32,3,0,268),(33,7,0,293),(34,4,1,159),(35,6,0,261),(36,12,1,258),(37,12,1,80),(38,7,1,80),(39,10,0,119),(40,1,1,223),(41,7,1,39),(42,9,1,169),(43,3,1,239),(44,1,0,8),(45,4,0,227),(46,4,1,195),(47,8,1,190),(48,4,0,220),(49,10,0,194),(50,7,0,25),(51,6,1,210),(52,12,1,74),(53,3,0,219),(54,4,0,205),(55,6,1,206),(56,12,0,208),(57,1,1,137),(58,11,1,220),(59,9,0,193),(60,3,0,223),(61,6,0,23),(62,10,1,15),(63,8,0,96),(64,5,1,29),(65,8,1,232),(66,3,1,277),(67,12,0,74),(68,1,1,162),(69,6,0,44),(70,2,1,289),(71,5,1,114),(72,4,0,143),(73,12,0,11),(74,5,1,279),(75,7,0,19),(76,1,1,130),(77,9,1,251),(78,7,1,251),(79,2,0,40),(80,7,1,40),(81,5,0,94),(82,1,0,13),(83,2,0,293),(84,2,0,21),(85,2,1,67),(86,2,0,88),(87,5,1,245),(88,3,0,233),(89,2,1,11),(90,10,1,33),(91,9,0,147),(92,2,1,219),(93,5,1,161),(94,3,0,141),(95,4,0,59),(96,7,0,239),(97,6,0,16),(98,3,0,216),(99,12,0,5),(100,1,0,133);
INSERT INTO Szczepionka (Id,CoIleMiesiecy,CzyObowiazkowa,ChorobaId) VALUES (101,4,0,194),(102,6,0,238),(103,1,0,112),(104,4,0,200),(105,12,1,223),(106,2,0,285),(107,5,1,8),(108,3,1,200),(109,7,0,163),(110,10,0,207),(111,5,0,97),(112,5,1,12),(113,9,1,56),(114,6,0,32),(115,1,1,298),(116,9,1,262),(117,4,0,206),(118,6,1,223),(119,6,1,31),(120,12,1,240),(121,12,0,8),(122,6,0,24),(123,12,1,49),(124,5,1,244),(125,11,0,290),(126,5,0,169),(127,2,0,101),(128,2,0,78),(129,3,0,75),(130,9,1,4),(131,6,1,51),(132,11,0,262),(133,3,1,194),(134,10,1,152),(135,7,1,105),(136,8,0,60),(137,6,0,143),(138,9,0,33),(139,2,0,79),(140,12,0,24),(141,9,1,42),(142,2,0,99),(143,7,0,71),(144,12,1,155),(145,11,1,285),(146,10,0,239),(147,11,1,11),(148,4,1,194),(149,2,1,187),(150,8,0,97),(151,10,1,149),(152,10,1,89),(153,5,1,252),(154,10,0,16),(155,6,1,233),(156,2,0,131),(157,5,1,134),(158,3,1,16),(159,8,0,127),(160,1,0,251),(161,2,0,268),(162,8,0,220),(163,9,1,58),(164,11,0,56),(165,12,1,229),(166,3,1,58),(167,3,0,228),(168,6,1,134),(169,11,1,152),(170,11,1,288),(171,10,1,62),(172,8,1,268),(173,11,1,67),(174,9,0,195),(175,9,1,79),(176,1,0,50),(177,9,1,222),(178,5,0,24),(179,1,1,189),(180,11,0,67),(181,3,1,13),(182,1,1,36),(183,8,0,81),(184,8,0,68),(185,9,0,157),(186,4,1,290),(187,6,0,299),(188,3,1,22),(189,4,1,240),(190,1,0,210),(191,11,0,121),(192,6,1,91),(193,5,0,73),(194,2,0,273),(195,6,1,280),(196,2,0,190),(197,5,1,11),(198,3,0,171),(199,6,0,288),(200,10,1,156);
INSERT INTO Szczepionka (Id,CoIleMiesiecy,CzyObowiazkowa,ChorobaId) VALUES (201,6,0,44),(202,11,1,40),(203,4,1,231),(204,11,0,237),(205,10,0,256),(206,7,1,271),(207,11,1,247),(208,5,1,36),(209,2,0,191),(210,7,1,276),(211,8,0,102),(212,1,0,27),(213,5,1,54),(214,7,1,209),(215,12,0,22),(216,10,0,261),(217,11,1,157),(218,6,1,206),(219,12,1,246),(220,2,0,117),(221,4,1,90),(222,8,1,279),(223,11,1,47),(224,9,0,141),(225,11,0,235),(226,6,0,69),(227,1,0,252),(228,9,1,5),(229,4,0,259),(230,12,0,204),(231,11,0,178),(232,1,1,155),(233,1,1,53),(234,4,0,134),(235,3,0,7),(236,8,1,249),(237,2,0,206),(238,6,1,246),(239,8,1,242),(240,10,1,235),(241,2,1,249),(242,1,1,106),(243,9,0,225),(244,8,1,145),(245,2,1,36),(246,10,1,187),(247,10,0,38),(248,11,1,167),(249,5,0,142),(250,8,1,242),(251,1,1,228),(252,1,1,14),(253,3,1,73),(254,11,0,33),(255,11,0,262),(256,4,0,59),(257,3,0,17),(258,2,1,10),(259,3,0,12),(260,3,1,152),(261,1,1,191),(262,3,1,127),(263,11,1,21),(264,7,0,62),(265,1,0,225),(266,5,1,57),(267,12,1,59),(268,11,0,131),(269,2,0,168),(270,11,1,195),(271,3,0,207),(272,1,0,63),(273,8,0,272),(274,4,1,211),(275,5,1,57),(276,8,0,21),(277,11,0,227),(278,2,0,209),(279,1,1,217),(280,11,1,174),(281,5,0,95),(282,11,0,78),(283,5,0,173),(284,6,1,34),(285,8,1,130),(286,8,0,281),(287,7,0,283),(288,9,0,167),(289,10,1,209),(290,6,0,247),(291,2,1,260),(292,9,1,212),(293,12,0,194),(294,11,1,99),(295,10,1,50),(296,11,0,167),(297,6,1,158),(298,10,1,103),(299,7,0,210),(300,8,1,211);

INSERT INTO Szczepienie (Id,DataSzczepienia,PiesId,SzczepionkaId) VALUES (1,"2016-04-02",244,211),(2,"2017-05-14",267,150),(3,"2016-08-06",195,109),(4,"2016-09-30",106,275),(5,"2017-11-25",166,230),(6,"2017-07-22",74,124),(7,"2016-01-12",103,229),(8,"2016-09-30",210,34),(9,"2017-08-30",227,48),(10,"2017-05-16",43,77),(11,"2017-11-19",8,159),(12,"2016-12-23",20,196),(13,"2016-02-23",189,194),(14,"2017-09-11",298,34),(15,"2017-09-04",7,143),(16,"2017-01-09",135,74),(17,"2017-08-30",99,202),(18,"2016-11-22",99,14),(19,"2016-11-05",146,77),(20,"2016-03-20",106,115),(21,"2016-10-25",186,105),(22,"2017-11-27",81,284),(23,"2016-09-25",114,257),(24,"2017-07-10",126,178),(25,"2016-08-16",47,257),(26,"2017-04-20",1,198),(27,"2017-08-03",36,165),(28,"2016-01-07",152,230),(29,"2016-09-26",142,290),(30,"2016-06-27",86,34),(31,"2017-08-18",28,75),(32,"2017-04-17",219,141),(33,"2016-08-13",6,132),(34,"2017-02-15",29,118),(35,"2016-11-11",262,88),(36,"2016-05-14",167,249),(37,"2016-10-23",21,118),(38,"2017-12-25",108,216),(39,"2016-08-07",174,28),(40,"2016-02-19",79,288),(41,"2017-12-09",99,275),(42,"2017-02-03",77,149),(43,"2017-05-29",89,38),(44,"2017-11-09",169,88),(45,"2017-05-06",278,50),(46,"2017-09-27",19,75),(47,"2016-09-06",208,127),(48,"2017-04-29",122,72),(49,"2017-03-09",4,115),(50,"2016-05-01",85,42),(51,"2017-01-28",41,203),(52,"2016-08-03",152,69),(53,"2016-03-09",178,216),(54,"2016-04-13",196,200),(55,"2016-02-16",257,218),(56,"2017-02-21",107,57),(57,"2016-09-26",223,16),(58,"2017-09-14",58,240),(59,"2017-10-24",41,170),(60,"2017-07-01",155,228),(61,"2016-05-17",5,155),(62,"2016-06-16",90,296),(63,"2017-02-26",273,6),(64,"2016-04-12",71,156),(65,"2016-08-04",59,181),(66,"2017-05-31",139,166),(67,"2017-07-16",273,14),(68,"2017-01-27",265,255),(69,"2017-06-06",100,125),(70,"2016-04-28",87,170),(71,"2017-07-21",99,116),(72,"2016-06-17",141,101),(73,"2016-06-01",293,138),(74,"2017-04-21",65,114),(75,"2017-10-18",200,2),(76,"2017-06-21",284,243),(77,"2016-05-18",131,134),(78,"2016-02-01",230,79),(79,"2017-10-08",233,170),(80,"2017-04-29",136,22),(81,"2016-12-02",202,36),(82,"2017-03-06",287,59),(83,"2017-04-12",28,98),(84,"2017-12-08",12,55),(85,"2016-01-04",142,272),(86,"2016-06-30",144,214),(87,"2016-05-22",228,169),(88,"2017-04-27",88,52),(89,"2017-11-06",9,134),(90,"2016-04-27",257,262),(91,"2016-08-04",115,37),(92,"2017-03-08",77,220),(93,"2016-09-11",139,156),(94,"2017-08-14",114,222),(95,"2016-01-20",134,184),(96,"2017-04-08",38,109),(97,"2017-04-06",191,92),(98,"2017-07-28",257,192),(99,"2017-01-13",270,150),(100,"2017-08-18",266,224);
INSERT INTO Szczepienie (Id,DataSzczepienia,PiesId,SzczepionkaId) VALUES (101,"2016-06-09",226,67),(102,"2016-11-19",95,267),(103,"2017-03-28",241,214),(104,"2016-11-22",24,181),(105,"2017-03-29",241,125),(106,"2017-05-12",235,268),(107,"2017-03-13",282,182),(108,"2016-02-19",197,217),(109,"2017-09-19",288,268),(110,"2016-12-19",250,113),(111,"2017-08-29",280,268),(112,"2016-09-20",68,215),(113,"2016-01-16",50,135),(114,"2017-01-12",58,189),(115,"2016-07-14",100,77),(116,"2016-04-01",27,155),(117,"2016-08-25",247,54),(118,"2016-12-21",55,277),(119,"2016-01-29",165,273),(120,"2016-10-19",114,210),(121,"2017-02-16",109,98),(122,"2016-10-21",12,33),(123,"2017-03-26",34,62),(124,"2017-12-01",139,201),(125,"2017-12-07",154,18),(126,"2017-06-02",41,142),(127,"2017-03-28",224,153),(128,"2017-12-19",81,127),(129,"2017-05-11",208,189),(130,"2016-11-07",6,55),(131,"2017-11-26",268,229),(132,"2017-09-02",292,116),(133,"2016-07-24",223,230),(134,"2016-01-27",128,133),(135,"2017-03-11",208,290),(136,"2017-09-15",9,190),(137,"2017-08-31",190,178),(138,"2017-08-26",83,186),(139,"2017-02-12",103,24),(140,"2016-03-30",150,94),(141,"2016-10-17",299,17),(142,"2017-04-02",193,224),(143,"2016-02-05",83,183),(144,"2017-11-11",101,234),(145,"2016-11-10",22,89),(146,"2016-10-21",249,134),(147,"2017-01-15",98,238),(148,"2016-08-16",76,195),(149,"2016-11-03",51,29),(150,"2017-12-12",49,3),(151,"2016-04-18",255,31),(152,"2017-11-15",200,254),(153,"2017-08-17",42,221),(154,"2016-12-03",6,146),(155,"2017-04-20",264,137),(156,"2017-10-31",276,131),(157,"2016-08-25",185,257),(158,"2016-03-07",118,228),(159,"2016-12-10",300,7),(160,"2016-04-02",24,173),(161,"2017-06-27",149,246),(162,"2017-12-02",239,59),(163,"2016-01-13",278,120),(164,"2016-07-07",105,192),(165,"2017-10-13",295,194),(166,"2016-10-03",75,3),(167,"2017-07-17",131,93),(168,"2017-07-13",264,151),(169,"2016-03-08",125,15),(170,"2017-08-18",51,41),(171,"2016-10-21",175,166),(172,"2017-04-29",300,238),(173,"2016-03-03",130,219),(174,"2016-11-20",25,1),(175,"2017-04-30",36,137),(176,"2017-01-11",263,252),(177,"2016-06-29",93,60),(178,"2017-03-04",230,229),(179,"2016-06-26",3,25),(180,"2016-06-17",50,28),(181,"2017-06-06",58,74),(182,"2016-12-10",207,217),(183,"2017-12-14",70,209),(184,"2017-05-31",300,169),(185,"2016-12-28",190,121),(186,"2016-06-16",292,192),(187,"2017-04-17",83,46),(188,"2017-09-30",232,256),(189,"2017-02-07",293,110),(190,"2017-08-04",176,267),(191,"2017-10-11",197,47),(192,"2017-06-22",277,294),(193,"2016-12-07",55,75),(194,"2017-11-01",130,19),(195,"2017-06-26",37,2),(196,"2016-02-18",232,164),(197,"2016-04-21",56,220),(198,"2016-01-18",110,123),(199,"2017-01-20",145,226),(200,"2016-11-07",212,191);
INSERT INTO Szczepienie (Id,DataSzczepienia,PiesId,SzczepionkaId) VALUES (201,"2017-11-30",38,287),(202,"2017-03-05",270,9),(203,"2016-06-21",263,27),(204,"2016-10-12",129,7),(205,"2016-02-17",237,23),(206,"2017-05-03",58,279),(207,"2017-08-17",228,19),(208,"2017-02-02",31,45),(209,"2017-12-13",14,11),(210,"2016-06-26",163,273),(211,"2016-02-28",70,292),(212,"2017-03-20",176,18),(213,"2016-02-29",203,252),(214,"2016-08-10",65,167),(215,"2017-08-06",239,144),(216,"2016-07-15",170,132),(217,"2016-05-08",286,174),(218,"2017-11-15",47,201),(219,"2017-10-07",210,271),(220,"2017-09-10",177,83),(221,"2017-08-10",106,280),(222,"2017-11-26",67,92),(223,"2016-04-04",83,138),(224,"2017-11-06",23,284),(225,"2016-11-29",184,252),(226,"2017-08-31",117,20),(227,"2016-10-07",94,150),(228,"2017-10-06",186,210),(229,"2016-05-15",184,11),(230,"2017-09-26",268,112),(231,"2017-11-27",159,167),(232,"2016-09-09",189,246),(233,"2016-12-21",63,266),(234,"2016-10-13",141,174),(235,"2016-05-02",5,259),(236,"2016-06-27",266,216),(237,"2016-02-07",259,197),(238,"2017-03-17",235,98),(239,"2016-09-10",261,71),(240,"2017-01-01",205,74),(241,"2017-08-24",258,115),(242,"2016-04-30",240,65),(243,"2017-11-03",181,226),(244,"2016-05-20",11,23),(245,"2017-03-21",211,292),(246,"2017-08-02",238,95),(247,"2016-12-03",213,25),(248,"2017-06-17",45,224),(249,"2016-06-14",141,211),(250,"2016-12-23",191,71),(251,"2016-06-10",62,114),(252,"2017-06-17",107,211),(253,"2016-07-15",225,177),(254,"2016-07-30",220,134),(255,"2017-01-15",69,42),(256,"2017-10-26",99,262),(257,"2016-12-15",74,118),(258,"2016-12-19",156,140),(259,"2016-01-31",215,176),(260,"2016-06-06",240,187),(261,"2016-12-06",181,217),(262,"2016-11-21",66,138),(263,"2017-06-30",207,124),(264,"2016-01-18",238,222),(265,"2016-11-13",18,127),(266,"2017-06-05",162,48),(267,"2016-10-18",163,134),(268,"2016-12-09",56,54),(269,"2016-03-30",224,268),(270,"2016-04-28",57,92),(271,"2016-12-26",41,96),(272,"2016-04-21",124,300),(273,"2017-11-01",194,222),(274,"2017-12-19",243,256),(275,"2016-07-31",191,43),(276,"2017-11-12",187,197),(277,"2017-08-29",1,25),(278,"2017-03-30",175,276),(279,"2017-07-08",40,264),(280,"2017-07-19",143,216),(281,"2017-12-24",210,293),(282,"2017-05-31",108,267),(283,"2016-01-16",215,57),(284,"2017-05-23",11,251),(285,"2017-05-20",19,132),(286,"2017-12-02",223,160),(287,"2017-03-30",249,75),(288,"2017-05-03",121,196),(289,"2016-10-26",142,195),(290,"2017-01-27",294,4),(291,"2016-01-25",102,143),(292,"2016-07-16",103,284),(293,"2017-06-20",34,61),(294,"2016-06-28",29,134),(295,"2017-10-31",178,6),(296,"2017-10-13",151,200),(297,"2017-06-06",57,134),(298,"2017-04-17",193,299),(299,"2016-02-03",266,234),(300,"2016-08-14",92,284);

INSERT INTO WizytaLekarska (Id,Data,kosztWizyty,Komentarz,PiesId,PracownikId,LekarzId) VALUES (1,"2017-06-09","132.46","sit",242,505,661),(2,"2017-04-14","107.23","ante ipsum primis in faucibus orci luctus et ultrices posuere cubilia Curae; Phasellus ornare.",98,585,849),(3,"2017-03-20","72.83","tortor, dictum eu, placerat eget, venenatis a, magna. Lorem ipsum dolor",36,333,895),(4,"2016-11-30","68.69","justo faucibus lectus, a sollicitudin orci sem eget massa.",141,501,853),(5,"2017-09-16","50.58","egestas. Aliquam fringilla cursus purus. Nullam scelerisque neque sed sem egestas blandit. Nam nulla",14,362,879),(6,"2016-05-14","98.79","amet, dapibus id,",85,479,835),(7,"2016-07-20","175.30","facilisis, magna tellus faucibus leo, in lobortis tellus justo sit amet nulla. Donec non",78,412,737),(8,"2017-09-01","76.58","tellus",287,510,621),(9,"2017-06-26","183.97","a feugiat tellus lorem eu metus. In lorem. Donec elementum, lorem",245,378,635),(10,"2016-02-04","164.63","In tincidunt congue turpis. In condimentum. Donec at arcu. Vestibulum ante ipsum primis in faucibus orci luctus",135,340,779),(11,"2016-04-10","108.34","dolor dolor,",221,598,601),(12,"2017-02-23","76.12","lorem ut",36,522,813),(13,"2017-01-10","176.17","accumsan convallis, ante lectus convallis est,",288,348,849),(14,"2016-10-17","72.42","arcu imperdiet ullamcorper. Duis at lacus. Quisque purus sapien,",6,420,635),(15,"2017-05-03","126.06","litora torquent per conubia nostra, per inceptos hymenaeos. Mauris ut quam vel",125,574,722),(16,"2016-08-02","127.69","parturient montes, nascetur ridiculus mus. Proin vel nisl. Quisque fringilla euismod enim. Etiam gravida",52,501,623),(17,"2017-05-15","60.53","elit pede, malesuada vel, venenatis vel,",50,407,734),(18,"2016-12-17","50.74","nunc. In at pede. Cras vulputate velit eu",67,543,724),(19,"2017-08-06","93.41","mattis semper, dui",170,454,774),(20,"2016-02-21","103.65","ut quam vel sapien imperdiet",192,445,761),(21,"2017-12-03","174.16","risus. In",10,362,685),(22,"2017-08-13","142.43","leo elementum sem, vitae aliquam eros turpis non enim. Mauris quis turpis vitae purus gravida",178,543,723),(23,"2017-06-16","182.55","erat, in consectetuer ipsum nunc id enim. Curabitur massa. Vestibulum accumsan neque et nunc. Quisque",50,343,669),(24,"2017-04-07","67.28","Integer id magna et ipsum cursus vestibulum. Mauris magna. Duis dignissim tempor arcu. Vestibulum ut eros",88,359,818),(25,"2017-04-19","99.04","turpis vitae purus gravida sagittis. Duis gravida. Praesent eu nulla at sem molestie",60,431,843),(26,"2017-01-03","166.80","facilisis, magna tellus faucibus leo, in lobortis tellus justo sit amet nulla. Donec non justo. Proin non",16,390,896),(27,"2016-05-19","74.27","erat vel pede blandit congue.",83,517,604),(28,"2016-12-10","115.85","Nullam",219,477,622),(29,"2017-03-09","125.03","nec tempus mauris erat eget ipsum. Suspendisse sagittis. Nullam vitae diam. Proin dolor. Nulla semper tellus id nunc interdum",66,580,756),(30,"2017-02-01","151.46","neque pellentesque massa lobortis ultrices. Vivamus rhoncus. Donec est.",80,458,672),(31,"2017-05-12","72.29","ipsum sodales purus, in molestie tortor nibh sit amet",81,501,766),(32,"2016-06-24","96.25","ipsum. Curabitur consequat, lectus sit amet luctus vulputate, nisi sem semper erat, in consectetuer ipsum nunc id enim.",127,318,859),(33,"2017-07-16","167.94","ante ipsum primis in",142,473,760),(34,"2016-10-23","186.66","fringilla. Donec feugiat",73,543,736),(35,"2016-12-25","156.11","Donec consectetuer mauris id sapien. Cras dolor dolor, tempus non, lacinia at, iaculis quis, pede. Praesent eu dui. Cum sociis",68,563,831),(36,"2017-11-24","189.61","convallis est, vitae sodales nisi magna sed dui. Fusce aliquam, enim nec tempus scelerisque, lorem ipsum sodales purus, in",278,310,776),(37,"2016-09-28","109.98","placerat velit. Quisque varius. Nam porttitor scelerisque neque. Nullam nisl.",79,336,900),(38,"2017-04-16","133.72","Praesent luctus. Curabitur egestas nunc sed",248,381,853),(39,"2017-09-06","51.00","mauris",164,338,713),(40,"2016-01-08","183.69","convallis ligula. Donec",45,351,761),(41,"2016-11-17","149.98","Nullam nisl. Maecenas malesuada fringilla est.",181,334,695),(42,"2016-06-21","88.86","egestas rhoncus. Proin nisl sem, consequat nec, mollis vitae, posuere at, velit. Cras lorem lorem, luctus ut,",265,326,861),(43,"2017-07-11","51.59","quis, pede. Suspendisse dui. Fusce diam nunc,",140,576,619),(44,"2016-06-06","126.51","elit. Aliquam auctor, velit eget laoreet posuere, enim nisl elementum purus, accumsan interdum",162,594,690),(45,"2017-10-01","152.03","vitae risus. Duis a mi fringilla mi lacinia mattis. Integer eu lacus. Quisque imperdiet,",285,463,719),(46,"2017-04-12","102.43","massa. Vestibulum accumsan neque et nunc. Quisque ornare",97,533,739),(47,"2016-07-03","164.35","non nisi. Aenean eget metus. In nec orci. Donec nibh. Quisque nonummy ipsum non",130,421,814),(48,"2016-11-24","85.64","massa. Vestibulum accumsan neque et",289,383,704),(49,"2016-11-13","169.19","sagittis",111,587,758),(50,"2017-07-09","161.65","nisi.",279,382,627),(51,"2017-07-28","118.07","lacus, varius et, euismod et, commodo at, libero. Morbi accumsan laoreet ipsum. Curabitur consequat, lectus sit amet luctus vulputate,",92,343,643),(52,"2017-02-19","134.33","libero. Proin",174,394,776),(53,"2017-08-03","152.02","nunc sed libero. Proin sed turpis nec mauris blandit mattis. Cras eget nisi dictum",277,384,820),(54,"2016-06-30","59.01","Cum sociis natoque penatibus et magnis dis parturient montes, nascetur ridiculus mus. Aenean eget magna. Suspendisse",14,314,726),(55,"2017-07-11","92.16","sit amet luctus vulputate, nisi sem semper erat, in consectetuer ipsum nunc id enim. Curabitur massa. Vestibulum",73,457,870),(56,"2016-06-15","172.68","amet ornare lectus justo eu arcu. Morbi sit amet massa. Quisque porttitor eros nec tellus. Nunc",183,457,619),(57,"2017-08-16","105.96","Maecenas ornare egestas ligula. Nullam feugiat placerat velit. Quisque varius. Nam porttitor scelerisque neque.",82,531,619),(58,"2015-12-31","75.48","massa. Suspendisse eleifend. Cras sed leo. Cras vehicula aliquet libero.",85,338,708),(59,"2016-06-25","92.99","Morbi non sapien molestie orci tincidunt adipiscing. Mauris molestie pharetra nibh. Aliquam",106,395,758),(60,"2017-08-01","157.85","Nulla tempor augue ac ipsum. Phasellus vitae mauris sit amet lorem",97,545,684),(61,"2016-11-14","161.77","quis, tristique ac, eleifend vitae, erat. Vivamus nisi. Mauris nulla. Integer urna. Vivamus molestie dapibus ligula. Aliquam erat volutpat.",197,339,762),(62,"2016-04-14","75.67","cursus in, hendrerit consectetuer, cursus et, magna. Praesent interdum ligula eu enim. Etiam",117,428,649),(63,"2017-05-05","90.58","dolor elit, pellentesque a, facilisis non,",140,475,751),(64,"2017-03-20","83.16","Suspendisse dui. Fusce diam nunc, ullamcorper eu, euismod ac, fermentum vel, mauris.",154,396,751),(65,"2017-08-10","176.79","penatibus et magnis dis parturient montes, nascetur ridiculus mus. Aenean eget magna. Suspendisse tristique neque venenatis lacus. Etiam",115,310,701),(66,"2017-12-04","145.39","blandit at,",171,583,856),(67,"2017-06-25","139.27","dapibus quam quis diam. Pellentesque habitant morbi tristique senectus et netus et malesuada fames ac turpis egestas.",168,387,783),(68,"2016-11-27","155.67","semper erat, in consectetuer ipsum nunc id enim.",17,311,622),(69,"2016-10-16","198.89","Sed dictum. Proin eget odio. Aliquam vulputate ullamcorper",202,320,839),(70,"2016-11-26","97.77","erat volutpat. Nulla facilisis. Suspendisse commodo tincidunt nibh. Phasellus",100,569,605),(71,"2016-11-13","84.16","mauris. Morbi non sapien molestie orci tincidunt adipiscing. Mauris molestie pharetra nibh. Aliquam ornare,",37,418,620),(72,"2016-12-07","130.94","a mi fringilla",74,493,627),(73,"2017-04-13","178.36","dignissim tempor arcu. Vestibulum ut eros non enim commodo hendrerit.",147,320,740),(74,"2016-11-10","135.97","non justo. Proin non massa non ante bibendum",178,518,612),(75,"2016-10-09","118.36","pellentesque massa lobortis ultrices. Vivamus rhoncus. Donec est. Nunc ullamcorper, velit in aliquet lobortis, nisi nibh lacinia",65,538,892),(76,"2016-07-22","186.41","ut, sem. Nulla interdum. Curabitur dictum. Phasellus in felis. Nulla tempor augue ac ipsum. Phasellus vitae mauris sit",161,312,716),(77,"2017-05-17","119.64","lorem. Donec elementum, lorem",249,405,690),(78,"2016-04-01","83.37","id sapien. Cras dolor dolor, tempus non, lacinia at,",212,544,820),(79,"2016-12-07","151.46","enim, gravida sit amet, dapibus id, blandit at, nisi. Cum",179,467,825),(80,"2017-07-27","110.66","hendrerit neque. In ornare sagittis felis. Donec tempor,",207,521,792),(81,"2017-05-23","164.13","ac, feugiat non, lobortis quis, pede. Suspendisse dui. Fusce diam nunc, ullamcorper eu, euismod ac, fermentum vel,",224,470,676),(82,"2016-02-28","182.33","pede. Suspendisse dui. Fusce diam nunc, ullamcorper eu, euismod ac,",159,453,841),(83,"2016-09-13","108.26","Cras eget nisi dictum augue malesuada malesuada. Integer id magna et ipsum cursus vestibulum. Mauris magna.",224,505,867),(84,"2016-10-13","144.21","nunc nulla vulputate dui, nec",154,588,671),(85,"2016-01-06","183.08","leo elementum sem, vitae aliquam eros turpis non enim. Mauris quis turpis vitae purus gravida sagittis. Duis",149,371,875),(86,"2017-11-01","104.51","Ut tincidunt vehicula risus. Nulla eget metus eu erat semper rutrum. Fusce dolor quam, elementum at, egestas a, scelerisque sed,",109,373,715),(87,"2016-05-30","125.56","quam. Curabitur vel lectus. Cum sociis natoque penatibus et magnis dis parturient montes, nascetur ridiculus mus. Donec dignissim magna",268,477,862),(88,"2016-02-24","63.60","et, euismod et, commodo at, libero. Morbi accumsan laoreet ipsum. Curabitur",89,309,731),(89,"2016-06-20","156.92","Curabitur sed tortor.",200,501,688),(90,"2016-08-29","140.18","nulla ante, iaculis nec, eleifend non, dapibus rutrum,",114,329,875),(91,"2016-02-27","51.57","magna. Phasellus dolor elit, pellentesque a, facilisis non, bibendum sed, est. Nunc laoreet lectus quis",107,359,731),(92,"2016-02-05","153.61","cursus in, hendrerit consectetuer, cursus et, magna. Praesent",37,309,792),(93,"2016-03-02","136.17","et risus. Quisque libero",168,312,727),(94,"2015-12-28","191.71","facilisis, magna tellus faucibus leo, in lobortis tellus",13,437,676),(95,"2017-09-04","166.66","iaculis, lacus pede sagittis augue, eu tempor erat neque",74,330,671),(96,"2017-01-21","131.15","Nam nulla magna, malesuada",147,515,621),(97,"2017-06-03","197.86","Etiam imperdiet dictum magna. Ut tincidunt orci quis lectus. Nullam suscipit, est ac",246,401,749),(98,"2016-10-13","72.95","congue a, aliquet vel, vulputate",14,576,796),(99,"2017-06-15","197.04","pellentesque a, facilisis non, bibendum sed, est. Nunc laoreet lectus quis massa. Mauris vestibulum, neque sed",42,595,663),(100,"2017-02-17","189.24","sem ut cursus luctus, ipsum leo elementum sem, vitae aliquam eros turpis non",141,323,689);
INSERT INTO WizytaLekarska (Id,Data,kosztWizyty,Komentarz,PiesId,PracownikId,LekarzId) VALUES (101,"2016-04-12","60.22","at auctor ullamcorper, nisl",234,420,841),(102,"2017-10-16","116.40","purus. Maecenas libero est, congue a, aliquet vel, vulputate eu, odio. Phasellus at augue id ante",223,352,722),(103,"2016-10-28","105.54","libero at auctor",19,462,847),(104,"2017-09-23","185.16","tempor erat neque non quam. Pellentesque habitant morbi tristique senectus",158,311,648),(105,"2016-11-14","106.85","Donec porttitor tellus non magna. Nam ligula elit, pretium et, rutrum non, hendrerit id,",289,349,684),(106,"2016-10-13","104.39","nibh. Phasellus nulla. Integer vulputate, risus a ultricies adipiscing, enim mi tempor",107,496,722),(107,"2017-03-12","101.70","arcu vel quam dignissim pharetra. Nam ac",231,321,733),(108,"2017-03-10","104.90","tempus",299,455,719),(109,"2016-06-09","123.71","a nunc. In at pede. Cras vulputate velit eu sem. Pellentesque ut ipsum ac mi eleifend egestas. Sed pharetra,",86,552,855),(110,"2016-12-16","105.03","malesuada. Integer id magna et ipsum cursus vestibulum. Mauris magna. Duis",136,406,663),(111,"2016-12-12","186.88","elementum, lorem ut aliquam iaculis, lacus pede",131,324,634),(112,"2017-08-23","71.02","sit amet ultricies sem",197,490,684),(113,"2016-07-01","183.98","tempus non, lacinia at, iaculis quis, pede. Praesent eu dui. Cum sociis natoque penatibus et magnis dis",134,415,721),(114,"2016-01-12","124.27","est, mollis non, cursus",18,467,616),(115,"2017-04-10","112.10","Quisque purus sapien, gravida non, sollicitudin a, malesuada id, erat. Etiam vestibulum massa rutrum magna. Cras convallis convallis",239,419,610),(116,"2016-07-20","188.57","Sed auctor odio a purus. Duis elementum, dui quis accumsan convallis, ante lectus convallis est, vitae sodales nisi magna sed",24,546,706),(117,"2017-12-27","77.87","ornare, lectus ante dictum mi, ac mattis velit justo nec",82,369,741),(118,"2016-12-27","64.36","sed pede. Cum",46,544,724),(119,"2017-01-18","176.70","laoreet lectus quis massa. Mauris vestibulum, neque sed dictum eleifend, nunc risus varius orci, in consequat enim diam vel",294,321,850),(120,"2017-11-23","178.88","malesuada",206,507,719),(121,"2017-11-21","184.34","In scelerisque scelerisque dui. Suspendisse ac metus vitae velit egestas lacinia. Sed congue, elit sed consequat",256,539,788),(122,"2016-12-30","117.22","mollis non, cursus non, egestas a, dui. Cras pellentesque. Sed dictum. Proin eget odio. Aliquam vulputate ullamcorper magna.",62,435,612),(123,"2016-02-22","172.80","eu, accumsan sed, facilisis vitae, orci. Phasellus dapibus quam",144,453,780),(124,"2016-05-23","69.05","Morbi quis urna. Nunc quis arcu vel quam dignissim pharetra. Nam ac",194,493,638),(125,"2016-03-30","188.45","nec enim. Nunc ut erat. Sed nunc est, mollis non, cursus non,",205,405,876),(126,"2017-12-14","70.25","Proin eget odio. Aliquam vulputate ullamcorper magna. Sed eu eros. Nam consequat dolor vitae dolor. Donec fringilla. Donec",268,348,886),(127,"2016-01-13","72.18","enim, gravida sit amet, dapibus id, blandit at, nisi.",94,589,880),(128,"2017-10-19","61.91","erat, in consectetuer ipsum nunc id enim. Curabitur massa. Vestibulum accumsan neque et nunc. Quisque",56,366,709),(129,"2016-09-18","198.75","odio. Nam interdum enim non nisi. Aenean",197,488,844),(130,"2017-03-30","100.10","vitae nibh. Donec est mauris, rhoncus id, mollis nec, cursus a, enim. Suspendisse",112,420,616),(131,"2016-01-01","193.19","nisi nibh lacinia orci, consectetuer euismod est arcu ac orci. Ut",180,487,832),(132,"2017-10-03","54.88","nisi. Cum sociis natoque penatibus et magnis dis parturient montes, nascetur ridiculus mus. Proin",199,547,803),(133,"2017-03-11","117.29","nec, leo. Morbi neque tellus, imperdiet non, vestibulum nec, euismod in, dolor.",36,588,798),(134,"2016-04-25","112.05","a, arcu. Sed et libero. Proin mi. Aliquam gravida mauris ut",73,553,850),(135,"2016-02-14","174.27","mauris, aliquam",96,460,767),(136,"2017-01-19","85.68","mi felis, adipiscing fringilla, porttitor vulputate, posuere vulputate, lacus. Cras interdum. Nunc sollicitudin commodo",17,467,771),(137,"2016-07-12","178.14","Duis at lacus. Quisque purus sapien, gravida",282,506,733),(138,"2016-08-03","145.05","fermentum convallis",275,345,720),(139,"2016-11-18","83.62","mauris. Morbi non sapien molestie orci tincidunt adipiscing. Mauris molestie pharetra nibh. Aliquam ornare, libero at",10,518,732),(140,"2017-09-15","117.67","Cras eget nisi dictum augue malesuada malesuada. Integer id magna et ipsum cursus vestibulum.",65,382,661),(141,"2016-09-02","50.83","cursus et, magna. Praesent interdum ligula eu enim. Etiam imperdiet dictum",56,375,719),(142,"2016-04-03","99.68","gravida. Praesent eu nulla at sem molestie",232,350,652),(143,"2017-05-05","89.21","blandit congue. In scelerisque scelerisque dui. Suspendisse",51,349,608),(144,"2016-03-23","100.57","a felis ullamcorper viverra. Maecenas iaculis aliquet diam. Sed diam lorem, auctor quis, tristique ac, eleifend vitae, erat. Vivamus nisi.",279,535,896),(145,"2017-09-01","106.33","Phasellus in felis. Nulla tempor augue ac ipsum. Phasellus vitae mauris sit amet lorem semper auctor. Mauris",5,577,715),(146,"2017-03-01","130.16","vitae, aliquet nec, imperdiet nec, leo. Morbi neque tellus,",62,388,851),(147,"2016-07-19","136.26","Nulla interdum. Curabitur dictum. Phasellus in felis. Nulla tempor augue ac ipsum. Phasellus vitae mauris sit",149,312,812),(148,"2016-06-11","171.99","justo faucibus lectus, a sollicitudin orci sem eget massa. Suspendisse eleifend. Cras sed leo. Cras vehicula aliquet libero. Integer",27,506,747),(149,"2016-09-03","148.54","Suspendisse sagittis. Nullam vitae diam. Proin dolor. Nulla semper tellus id nunc",236,361,647),(150,"2016-03-24","180.90","blandit at, nisi. Cum sociis natoque penatibus et magnis dis parturient montes, nascetur ridiculus mus. Proin vel nisl. Quisque",31,575,873),(151,"2017-11-02","89.15","ullamcorper magna. Sed",142,593,721),(152,"2016-04-28","65.36","risus a ultricies adipiscing, enim mi tempor lorem, eget mollis",94,415,727),(153,"2016-12-28","155.87","in, hendrerit consectetuer, cursus et, magna. Praesent interdum ligula eu enim. Etiam",139,319,618),(154,"2016-07-12","61.52","auctor non, feugiat nec,",84,544,850),(155,"2017-10-22","95.33","a felis ullamcorper viverra. Maecenas iaculis aliquet diam.",279,355,862),(156,"2016-06-09","115.54","cursus, diam at",27,557,882),(157,"2016-02-21","188.46","diam.",39,312,656),(158,"2016-01-08","157.45","erat vel pede blandit congue. In scelerisque scelerisque dui. Suspendisse ac metus vitae velit egestas lacinia.",49,559,725),(159,"2016-06-01","102.42","Morbi quis urna. Nunc quis arcu vel quam dignissim pharetra. Nam ac nulla.",232,598,840),(160,"2016-12-19","196.49","ac mattis semper, dui",108,376,658),(161,"2016-06-19","146.63","amet lorem semper auctor. Mauris vel turpis. Aliquam adipiscing lobortis risus. In mi pede, nonummy ut, molestie in,",81,465,683),(162,"2016-06-16","118.48","nunc est, mollis non, cursus non, egestas a, dui. Cras pellentesque. Sed dictum. Proin eget odio. Aliquam vulputate ullamcorper",209,497,743),(163,"2016-09-20","195.87","purus mauris a nunc. In at pede. Cras vulputate velit eu sem. Pellentesque ut ipsum ac mi eleifend",86,493,856),(164,"2017-06-09","93.52","Nullam velit dui, semper et, lacinia vitae, sodales at, velit.",122,341,851),(165,"2016-12-24","152.53","id sapien. Cras dolor dolor, tempus non,",197,409,685),(166,"2017-01-12","111.82","sapien.",297,442,882),(167,"2017-01-13","89.34","semper cursus. Integer mollis. Integer tincidunt aliquam arcu. Aliquam ultrices iaculis",161,575,850),(168,"2016-08-29","121.04","mauris erat eget ipsum. Suspendisse sagittis. Nullam vitae diam. Proin",223,590,632),(169,"2016-08-21","167.68","vehicula aliquet libero. Integer in magna. Phasellus dolor elit, pellentesque a,",134,351,899),(170,"2016-12-13","97.98","magna. Nam ligula elit, pretium et, rutrum non, hendrerit",78,595,749),(171,"2016-11-22","81.71","lectus justo eu arcu. Morbi sit amet massa. Quisque",233,363,776),(172,"2016-02-13","77.98","tempus eu, ligula. Aenean euismod mauris eu",44,401,826),(173,"2016-07-14","163.26","ac metus vitae velit egestas lacinia. Sed congue, elit sed consequat auctor, nunc nulla vulputate dui,",208,542,717),(174,"2017-03-18","171.08","nulla ante, iaculis nec, eleifend",9,426,717),(175,"2016-05-05","181.05","felis ullamcorper viverra. Maecenas iaculis aliquet",172,471,856),(176,"2017-04-20","165.95","sit amet nulla. Donec non justo. Proin non massa",103,524,675),(177,"2016-04-01","63.96","Donec sollicitudin adipiscing ligula. Aenean gravida nunc sed pede. Cum sociis natoque penatibus et magnis dis",284,395,798),(178,"2017-02-02","179.25","malesuada ut, sem. Nulla interdum. Curabitur dictum. Phasellus in felis. Nulla tempor augue",161,351,707),(179,"2016-10-22","183.97","nisi. Mauris nulla. Integer urna. Vivamus molestie dapibus ligula. Aliquam",116,514,794),(180,"2017-08-11","140.67","feugiat. Lorem ipsum dolor sit amet, consectetuer adipiscing elit. Aliquam auctor, velit eget laoreet posuere, enim nisl",270,566,691),(181,"2017-08-19","83.29","Donec felis orci, adipiscing non, luctus sit amet, faucibus ut,",294,364,602),(182,"2017-03-17","118.85","Etiam imperdiet dictum magna. Ut tincidunt orci quis lectus. Nullam suscipit, est ac facilisis facilisis, magna tellus faucibus leo, in",262,325,757),(183,"2016-07-08","109.99","dictum mi, ac mattis",281,532,648),(184,"2016-02-24","81.97","urna. Ut tincidunt vehicula risus. Nulla eget metus eu erat semper",292,590,768),(185,"2017-03-24","53.73","dolor. Fusce mi lorem, vehicula et, rutrum eu,",290,493,632),(186,"2016-04-05","190.96","porttitor scelerisque neque. Nullam nisl. Maecenas",31,368,628),(187,"2016-03-01","89.74","vel lectus. Cum sociis natoque penatibus et magnis dis parturient montes, nascetur",66,330,664),(188,"2016-06-22","166.11","Aenean sed pede nec ante blandit viverra. Donec tempus, lorem fringilla ornare placerat, orci lacus vestibulum lorem,",267,502,791),(189,"2015-12-28","105.09","Cras lorem lorem, luctus",227,354,816),(190,"2017-11-16","97.47","diam eu dolor egestas rhoncus. Proin nisl sem, consequat nec, mollis vitae, posuere at, velit. Cras lorem",21,491,628),(191,"2017-05-12","79.87","Sed diam lorem, auctor quis, tristique ac, eleifend vitae,",291,566,639),(192,"2017-10-21","75.21","sagittis augue, eu tempor erat neque non quam. Pellentesque habitant morbi tristique",90,553,636),(193,"2017-08-17","172.68","purus. Nullam scelerisque neque sed sem egestas blandit. Nam nulla magna, malesuada vel, convallis in, cursus et, eros. Proin ultrices.",22,487,690),(194,"2017-03-21","106.51","risus, at",265,453,864),(195,"2017-05-19","156.68","magna tellus faucibus leo, in lobortis",113,337,832),(196,"2017-11-12","112.74","sit amet, faucibus ut, nulla.",140,500,790),(197,"2017-11-06","108.13","fringilla",247,350,699),(198,"2017-10-27","53.58","Cras vulputate",140,405,673),(199,"2017-01-09","150.60","dolor sit amet, consectetuer adipiscing elit. Etiam laoreet, libero et tristique pellentesque, tellus",202,347,769),(200,"2017-08-15","94.01","lorem fringilla ornare placerat,",219,512,773);
INSERT INTO WizytaLekarska (Id,Data,kosztWizyty,Komentarz,PiesId,PracownikId,LekarzId) VALUES (201,"2016-02-14","185.89","bibendum ullamcorper. Duis cursus, diam at pretium aliquet, metus urna convallis erat, eget",31,418,757),(202,"2017-05-06","99.77","Duis cursus, diam at pretium aliquet, metus urna",260,357,654),(203,"2016-08-03","164.48","Etiam gravida molestie arcu. Sed eu nibh vulputate mauris",296,597,667),(204,"2016-03-14","103.45","Integer urna. Vivamus molestie dapibus ligula. Aliquam",12,352,843),(205,"2016-01-31","50.74","quam quis diam. Pellentesque habitant morbi tristique senectus et netus et malesuada fames ac turpis egestas. Fusce aliquet",184,378,697),(206,"2017-07-26","165.60","nibh sit amet orci. Ut sagittis lobortis mauris. Suspendisse aliquet molestie tellus. Aenean egestas",265,358,749),(207,"2017-08-02","125.52","ante dictum mi, ac mattis velit justo",133,378,607),(208,"2016-11-22","62.36","natoque penatibus et magnis dis parturient montes, nascetur ridiculus mus. Donec dignissim magna a tortor. Nunc",184,495,759),(209,"2016-08-18","71.63","arcu vel quam",106,552,765),(210,"2016-11-30","113.12","adipiscing elit. Curabitur sed tortor. Integer aliquam adipiscing lacus. Ut",11,393,726),(211,"2016-01-26","60.60","elit. Aliquam auctor, velit eget laoreet posuere, enim nisl elementum",125,308,861),(212,"2017-10-16","153.21","tellus. Nunc lectus pede, ultrices a, auctor non, feugiat nec, diam.",230,600,649),(213,"2016-06-14","93.24","Donec",24,483,848),(214,"2016-08-21","193.48","Duis mi enim, condimentum eget, volutpat ornare,",71,367,832),(215,"2016-11-24","53.91","turpis egestas. Aliquam fringilla cursus purus. Nullam scelerisque neque sed sem egestas blandit. Nam nulla magna,",162,496,807),(216,"2017-02-15","65.47","a mi fringilla mi lacinia mattis.",275,308,677),(217,"2016-05-12","124.24","Duis elementum, dui quis accumsan convallis, ante lectus convallis est, vitae sodales nisi magna sed dui. Fusce",236,481,723),(218,"2016-05-06","172.94","quis, pede. Suspendisse dui. Fusce diam nunc, ullamcorper eu, euismod ac, fermentum vel, mauris. Integer sem elit,",44,353,692),(219,"2017-04-30","138.42","dui, semper et, lacinia vitae, sodales at, velit. Pellentesque",93,332,768),(220,"2016-04-16","187.48","volutpat ornare, facilisis eget, ipsum.",27,595,632),(221,"2017-10-05","93.93","blandit. Nam nulla magna, malesuada vel, convallis in, cursus et, eros. Proin ultrices. Duis",207,452,726),(222,"2016-06-15","123.58","mi felis, adipiscing fringilla, porttitor vulputate, posuere vulputate, lacus.",85,588,643),(223,"2016-04-07","118.67","feugiat placerat velit. Quisque varius. Nam porttitor scelerisque neque. Nullam nisl. Maecenas malesuada fringilla est. Mauris eu turpis.",152,456,754),(224,"2016-06-17","116.09","dictum ultricies ligula. Nullam enim.",109,384,787),(225,"2017-12-13","147.96","Nam interdum enim non nisi. Aenean eget metus. In nec orci. Donec nibh. Quisque nonummy",138,457,610),(226,"2017-09-11","68.67","eu tempor erat neque non quam. Pellentesque habitant",225,489,817),(227,"2016-12-03","107.79","lobortis. Class aptent taciti sociosqu ad litora",179,417,605),(228,"2017-01-16","100.70","rhoncus. Nullam velit dui, semper et, lacinia vitae, sodales at, velit. Pellentesque ultricies dignissim lacus.",80,380,609),(229,"2016-11-30","144.03","sit amet, faucibus ut,",180,436,692),(230,"2016-12-14","158.47","urna. Vivamus molestie dapibus ligula. Aliquam erat",54,303,625),(231,"2016-09-27","142.96","arcu ac orci. Ut semper pretium",17,432,726),(232,"2017-02-11","144.99","sapien molestie orci tincidunt adipiscing. Mauris molestie pharetra nibh. Aliquam ornare, libero at auctor ullamcorper, nisl",16,527,852),(233,"2017-11-19","191.12","vehicula aliquet libero. Integer in magna. Phasellus dolor elit, pellentesque a, facilisis non, bibendum sed, est.",207,524,747),(234,"2017-10-04","100.55","Proin velit. Sed malesuada augue ut lacus. Nulla tincidunt, neque vitae semper egestas, urna justo faucibus lectus, a sollicitudin",119,541,613),(235,"2017-05-04","177.99","nunc id enim. Curabitur massa. Vestibulum accumsan neque et",2,531,818),(236,"2016-09-17","130.90","malesuada. Integer id magna et ipsum cursus vestibulum.",97,361,769),(237,"2016-03-21","57.59","amet risus. Donec egestas. Aliquam nec",100,545,832),(238,"2016-03-16","124.73","sodales purus, in molestie tortor nibh sit amet orci. Ut sagittis lobortis mauris. Suspendisse aliquet molestie tellus. Aenean egestas",162,472,802),(239,"2017-01-04","156.89","nisl. Nulla eu neque pellentesque massa lobortis ultrices. Vivamus rhoncus. Donec est. Nunc ullamcorper, velit in",150,417,763),(240,"2017-05-21","120.33","adipiscing non, luctus sit",102,451,630),(241,"2016-08-29","125.61","laoreet ipsum. Curabitur consequat, lectus sit amet luctus vulputate, nisi sem semper erat, in consectetuer",9,452,797),(242,"2017-07-08","198.61","felis ullamcorper viverra. Maecenas iaculis aliquet diam. Sed diam",265,521,801),(243,"2016-05-29","174.23","ac libero nec ligula consectetuer rhoncus. Nullam velit",81,546,846),(244,"2016-06-03","76.02","vitae mauris sit amet lorem semper auctor. Mauris vel turpis. Aliquam adipiscing lobortis risus. In mi",13,450,675),(245,"2017-04-27","135.58","odio. Etiam ligula tortor, dictum eu, placerat eget, venenatis a, magna. Lorem ipsum dolor sit",180,516,841),(246,"2016-01-14","141.76","Proin dolor. Nulla",33,367,864),(247,"2016-08-22","118.12","non enim. Mauris quis turpis vitae purus gravida sagittis. Duis gravida.",192,462,807),(248,"2017-02-13","146.01","dolor quam, elementum at, egestas a, scelerisque sed, sapien. Nunc pulvinar",78,377,647),(249,"2017-01-02","113.69","et libero. Proin mi. Aliquam gravida mauris ut mi. Duis risus odio, auctor vitae, aliquet nec, imperdiet nec,",256,304,739),(250,"2016-10-22","163.22","ac ipsum. Phasellus vitae mauris sit amet lorem semper auctor. Mauris vel turpis. Aliquam adipiscing lobortis risus. In mi",4,534,633),(251,"2016-07-01","148.15","lorem fringilla ornare placerat, orci lacus vestibulum lorem, sit amet ultricies sem magna nec quam. Curabitur vel lectus. Cum",3,354,792),(252,"2017-04-13","145.74","Fusce mi",172,387,691),(253,"2016-05-03","178.20","placerat. Cras dictum ultricies ligula. Nullam enim. Sed nulla",283,555,806),(254,"2016-05-02","125.08","sollicitudin a, malesuada id, erat. Etiam vestibulum massa rutrum magna. Cras convallis convallis dolor. Quisque tincidunt pede ac urna.",250,495,714),(255,"2016-01-07","144.90","ipsum ac mi eleifend egestas. Sed pharetra, felis eget varius ultrices,",4,321,784),(256,"2016-07-19","111.08","sociis natoque penatibus et magnis dis parturient montes, nascetur ridiculus mus. Donec dignissim magna a",135,575,702),(257,"2016-10-10","180.05","sollicitudin adipiscing ligula. Aenean gravida nunc sed pede. Cum sociis natoque",167,316,730),(258,"2016-05-05","134.45","sapien. Nunc pulvinar arcu et pede. Nunc",297,481,865),(259,"2017-12-04","81.71","erat nonummy ultricies ornare, elit elit fermentum risus,",144,435,749),(260,"2017-09-20","152.84","ullamcorper. Duis cursus, diam at pretium aliquet, metus urna convallis erat, eget tincidunt dui",282,518,841),(261,"2016-06-19","163.74","Ut nec",33,462,769),(262,"2017-07-18","136.45","dignissim tempor arcu. Vestibulum ut eros non enim commodo hendrerit. Donec porttitor tellus non magna. Nam ligula",148,388,601),(263,"2016-10-08","194.64","Nunc mauris. Morbi non sapien molestie orci tincidunt adipiscing. Mauris molestie pharetra nibh. Aliquam ornare,",201,352,642),(264,"2017-06-05","68.15","nascetur ridiculus mus. Donec dignissim magna a tortor. Nunc commodo auctor velit. Aliquam nisl. Nulla",22,327,719),(265,"2017-06-24","193.46","Donec tempor, est",252,510,664),(266,"2016-07-26","56.02","velit dui, semper et, lacinia vitae, sodales at, velit. Pellentesque ultricies dignissim lacus.",148,338,864),(267,"2016-03-26","182.91","ac nulla. In tincidunt congue turpis. In condimentum. Donec at arcu.",67,458,693),(268,"2017-12-17","141.70","tincidunt congue turpis. In condimentum. Donec at arcu.",239,524,647),(269,"2016-03-24","156.97","nulla vulputate dui, nec",238,358,628),(270,"2017-03-20","72.93","metus",113,520,712),(271,"2017-01-08","159.71","a, facilisis non, bibendum",92,475,796),(272,"2017-08-02","132.88","gravida.",26,509,666),(273,"2017-08-26","164.32","aliquam eu, accumsan",266,305,892),(274,"2017-05-30","84.81","Donec consectetuer mauris id sapien. Cras dolor dolor, tempus non, lacinia at, iaculis quis, pede. Praesent",232,547,639),(275,"2016-12-01","92.38","imperdiet dictum magna. Ut tincidunt orci quis lectus. Nullam suscipit, est",239,466,831),(276,"2016-06-14","142.45","augue. Sed molestie. Sed id risus",219,496,729),(277,"2016-08-30","77.63","et, lacinia vitae, sodales at, velit. Pellentesque ultricies dignissim lacus. Aliquam rutrum lorem ac risus. Morbi metus. Vivamus euismod urna.",240,390,660),(278,"2016-01-10","110.64","sodales",82,380,716),(279,"2016-10-19","187.24","egestas hendrerit neque. In ornare sagittis felis. Donec tempor, est ac mattis semper, dui lectus rutrum urna, nec",207,549,866),(280,"2016-03-01","163.46","tristique aliquet. Phasellus fermentum convallis",149,397,660),(281,"2017-02-19","114.89","libero. Morbi accumsan laoreet ipsum. Curabitur consequat, lectus sit amet luctus vulputate, nisi",173,385,663),(282,"2017-07-24","95.20","Phasellus fermentum convallis ligula. Donec luctus aliquet odio. Etiam",132,391,837),(283,"2017-03-15","183.19","id magna et ipsum cursus vestibulum. Mauris",236,378,766),(284,"2017-04-08","126.23","Vivamus molestie dapibus ligula. Aliquam erat volutpat. Nulla dignissim. Maecenas ornare egestas ligula. Nullam feugiat placerat",36,449,710),(285,"2016-04-05","71.98","Curabitur vel",57,522,770),(286,"2017-06-12","123.95","porttitor vulputate, posuere vulputate, lacus. Cras interdum. Nunc sollicitudin commodo ipsum. Suspendisse non leo. Vivamus nibh dolor, nonummy ac,",86,392,715),(287,"2017-09-16","83.80","tempus non, lacinia at, iaculis",288,387,727),(288,"2016-11-28","75.54","magna a neque. Nullam ut nisi a odio semper cursus. Integer mollis. Integer tincidunt aliquam arcu. Aliquam ultrices",257,522,832),(289,"2016-04-06","127.59","eget massa. Suspendisse eleifend. Cras sed leo. Cras vehicula aliquet",141,575,855),(290,"2017-11-11","82.27","Aenean eget magna. Suspendisse tristique neque venenatis lacus. Etiam bibendum fermentum metus. Aenean sed pede nec ante blandit",125,303,673),(291,"2016-04-09","192.08","ultricies ornare, elit elit fermentum risus, at",109,407,638),(292,"2016-04-15","126.54","semper erat, in consectetuer ipsum nunc id enim.",129,526,669),(293,"2017-05-10","95.59","ut, sem. Nulla interdum. Curabitur dictum. Phasellus in felis. Nulla tempor augue",69,457,665),(294,"2016-09-30","149.14","magna. Cras convallis convallis dolor. Quisque tincidunt pede ac urna. Ut tincidunt vehicula risus. Nulla eget metus eu erat semper",201,482,886),(295,"2017-07-22","193.96","molestie dapibus ligula. Aliquam erat volutpat. Nulla dignissim. Maecenas ornare egestas ligula. Nullam feugiat placerat velit.",205,321,661),(296,"2016-10-13","182.03","Class aptent taciti sociosqu ad litora torquent per conubia nostra, per inceptos hymenaeos.",29,557,699),(297,"2017-02-24","107.50","consectetuer adipiscing",162,575,648),(298,"2016-03-20","98.44","Mauris vestibulum, neque sed",97,548,775),(299,"2016-01-11","122.85","Fusce mi lorem, vehicula et,",142,589,752),(300,"2016-04-02","55.08","sit amet ultricies sem magna nec quam. Curabitur vel lectus. Cum sociis natoque penatibus et magnis dis parturient montes,",97,329,696);

INSERT INTO Wyzywienie (IleGramDziennie,RasaId,RodzajKarmyNazwa) VALUES (690,1,"green"),(572,2,"red"),(873,3,"indigo"),(879,4,"red"),(834,5,"red"),(911,6,"blue"),(565,7,"blue"),(938,8,"orange"),(962,9,"blue"),(542,10,"red"),(958,11,"blue"),(550,12,"orange"),(555,13,"blue"),(672,14,"orange"),(525,15,"blue"),(624,16,"green"),(508,17,"orange"),(766,18,"yellow"),(855,19,"yellow"),(602,20,"yellow"),(894,21,"yellow"),(682,22,"violet"),(531,23,"blue"),(832,24,"orange"),(593,25,"violet"),(617,26,"violet"),(826,27,"indigo"),(729,28,"red"),(511,29,"indigo"),(599,30,"green"),(784,31,"indigo"),(947,32,"blue"),(693,33,"red"),(637,34,"yellow"),(879,35,"blue"),(772,36,"green"),(523,37,"orange"),(857,38,"indigo"),(587,39,"orange"),(735,40,"violet"),(525,41,"blue"),(932,42,"orange"),(896,43,"red"),(888,44,"orange"),(766,45,"yellow"),(817,46,"blue"),(799,47,"yellow"),(691,48,"blue"),(573,49,"violet"),(848,50,"indigo"),(572,51,"yellow"),(581,52,"green"),(774,53,"orange"),(829,54,"green"),(711,55,"orange"),(500,56,"orange"),(587,57,"violet"),(840,58,"blue"),(932,59,"violet"),(839,60,"violet"),(708,61,"green"),(783,62,"violet"),(846,63,"violet"),(679,64,"violet"),(813,65,"red"),(915,66,"yellow"),(509,67,"yellow"),(861,68,"violet"),(771,69,"violet"),(977,70,"violet"),(822,71,"indigo"),(855,72,"blue"),(892,73,"yellow"),(686,74,"indigo"),(824,75,"yellow"),(789,76,"blue"),(590,77,"violet"),(886,78,"orange"),(994,79,"green"),(621,80,"orange"),(515,81,"indigo"),(829,82,"yellow"),(620,83,"indigo"),(879,84,"yellow"),(928,85,"yellow"),(931,86,"orange"),(791,87,"indigo"),(938,88,"indigo"),(604,89,"orange"),(735,90,"indigo"),(993,91,"indigo"),(712,92,"violet"),(586,93,"green"),(852,94,"orange"),(790,95,"violet"),(718,96,"indigo"),(589,97,"green"),(502,98,"red"),(549,99,"blue"),(507,100,"indigo");
INSERT INTO Wyzywienie (IleGramDziennie,RasaId,RodzajKarmyNazwa) VALUES (901,101,"red"),(940,102,"green"),(884,103,"violet"),(868,104,"indigo"),(647,105,"indigo"),(600,106,"orange"),(691,107,"blue"),(578,108,"yellow"),(914,109,"orange"),(719,110,"blue"),(973,111,"red"),(926,112,"blue"),(945,113,"orange"),(723,114,"violet"),(975,115,"red"),(782,116,"red"),(670,117,"indigo"),(686,118,"yellow"),(537,119,"red"),(695,120,"green"),(899,121,"blue"),(544,122,"green"),(555,123,"orange"),(841,124,"indigo"),(511,125,"violet"),(689,126,"red"),(746,127,"orange"),(532,128,"red"),(940,129,"orange"),(924,130,"violet"),(751,131,"indigo"),(749,132,"red"),(730,133,"violet"),(589,134,"yellow"),(593,135,"yellow"),(631,136,"red"),(992,137,"indigo"),(914,138,"green"),(778,139,"indigo"),(979,140,"green"),(755,141,"orange"),(882,142,"green"),(976,143,"green"),(840,144,"yellow"),(974,145,"indigo"),(828,146,"green"),(538,147,"red"),(804,148,"green"),(554,149,"orange"),(744,150,"blue"),(818,151,"green"),(858,152,"blue"),(644,153,"orange"),(569,154,"indigo"),(615,155,"orange"),(930,156,"yellow"),(719,157,"blue"),(689,158,"red"),(867,159,"blue"),(682,160,"green"),(574,161,"blue"),(872,162,"violet"),(616,163,"violet"),(957,164,"red"),(868,165,"violet"),(792,166,"red"),(973,167,"blue"),(997,168,"orange"),(563,169,"violet"),(952,170,"violet"),(723,171,"orange"),(734,172,"yellow"),(910,173,"orange"),(519,174,"violet"),(867,175,"green"),(702,176,"indigo"),(881,177,"red"),(555,178,"red"),(891,179,"yellow"),(936,180,"indigo"),(545,181,"green"),(670,182,"orange"),(757,183,"violet"),(609,184,"violet"),(704,185,"blue"),(582,186,"green"),(756,187,"green"),(838,188,"orange"),(992,189,"green"),(515,190,"blue"),(582,191,"green"),(990,192,"orange"),(554,193,"orange"),(861,194,"green"),(889,195,"indigo"),(916,196,"indigo"),(918,197,"violet"),(720,198,"green"),(766,199,"orange"),(706,200,"blue");
INSERT INTO Wyzywienie (IleGramDziennie,RasaId,RodzajKarmyNazwa) VALUES (551,201,"green"),(710,202,"green"),(697,203,"orange"),(928,204,"yellow"),(696,205,"violet"),(682,206,"green"),(634,207,"yellow"),(816,208,"violet"),(952,209,"indigo"),(550,210,"indigo"),(525,211,"indigo"),(748,212,"yellow"),(614,213,"blue"),(768,214,"violet"),(523,215,"violet"),(787,216,"red"),(955,217,"red"),(508,218,"orange"),(638,219,"violet"),(983,220,"orange"),(738,221,"violet"),(757,222,"violet"),(649,223,"violet"),(642,224,"indigo"),(968,225,"green"),(598,226,"indigo"),(676,227,"yellow"),(740,228,"yellow"),(603,229,"violet"),(872,230,"green"),(912,231,"indigo"),(579,232,"green"),(643,233,"indigo"),(839,234,"red"),(975,235,"orange"),(999,236,"violet"),(685,237,"yellow"),(648,238,"green"),(764,239,"violet"),(553,240,"yellow"),(714,241,"orange"),(572,242,"red"),(603,243,"yellow"),(951,244,"blue"),(850,245,"yellow"),(985,246,"yellow"),(822,247,"green"),(881,248,"violet"),(810,249,"yellow"),(844,250,"orange"),(966,251,"orange"),(724,252,"violet"),(530,253,"blue"),(584,254,"blue"),(781,255,"yellow"),(532,256,"red"),(905,257,"indigo"),(935,258,"red"),(978,259,"green"),(506,260,"green"),(669,261,"blue"),(796,262,"green"),(949,263,"indigo"),(765,264,"yellow"),(890,265,"green"),(945,266,"orange"),(830,267,"indigo"),(896,268,"orange"),(818,269,"violet"),(847,270,"blue"),(916,271,"green"),(813,272,"green"),(772,273,"yellow"),(853,274,"indigo"),(516,275,"indigo"),(519,276,"yellow"),(913,277,"indigo"),(889,278,"indigo"),(595,279,"indigo"),(910,280,"yellow"),(824,281,"yellow"),(557,282,"indigo"),(880,283,"blue"),(760,284,"red"),(695,285,"violet"),(547,286,"orange"),(849,287,"yellow"),(799,288,"indigo"),(521,289,"orange"),(585,290,"green"),(558,291,"green"),(562,292,"violet"),(908,293,"orange"),(903,294,"violet"),(554,295,"violet"),(547,296,"red"),(703,297,"orange"),(746,298,"orange"),(571,299,"green"),(671,300,"orange");

INSERT INTO Zalecenie (Id,CzestotliwoscPodania,DlugoscKuracji,Komentarz,LekId,RodzajKarmyNazwa) VALUES (1,"tempor arcu. Vestibulum","fames ac","neque venenatis lacus. Etiam bibendum fermentum metus. Aenean sed pede nec ante blandit viverra. Donec tempus, lorem fringilla ornare placerat,",51,"blue"),(2,"eleifend, nunc risus","in, cursus","sit amet, consectetuer adipiscing elit. Aliquam auctor, velit eget laoreet",112,"red"),(3,"Curabitur egestas nunc","ornare, lectus","mollis dui, in sodales elit erat vitae risus. Duis a mi",235,"violet"),(4,"mattis velit justo","dolor dapibus","interdum enim non nisi. Aenean eget metus. In nec orci. Donec nibh. Quisque nonummy ipsum non",109,"orange"),(5,"nunc, ullamcorper eu,","dignissim magna","Donec fringilla. Donec feugiat metus sit",298,"yellow"),(6,"ac mi eleifend","sem egestas","est tempor bibendum. Donec",187,"yellow"),(7,"mauris. Morbi non","Suspendisse eleifend.","Morbi sit amet",300,"indigo"),(8,"amet massa. Quisque","arcu. Vestibulum","pretium aliquet, metus urna convallis erat, eget tincidunt dui augue eu tellus. Phasellus elit pede, malesuada vel, venenatis vel,",114,"green"),(9,"lobortis ultrices. Vivamus","eu, eleifend","Sed et libero. Proin mi. Aliquam gravida",89,"blue"),(10,"eleifend vitae, erat.","vel arcu","Cras dictum ultricies ligula. Nullam enim. Sed nulla ante,",5,"yellow"),(11,"viverra. Donec tempus,","eros non","sit amet, consectetuer adipiscing elit. Aliquam auctor, velit eget laoreet posuere,",80,"indigo"),(12,"eu, ultrices sit","turpis. In","eros. Proin ultrices. Duis volutpat nunc sit amet metus. Aliquam erat volutpat. Nulla facilisis. Suspendisse",179,"green"),(13,"vehicula et, rutrum","lacus. Quisque","at, nisi. Cum sociis natoque penatibus et magnis dis parturient montes, nascetur ridiculus mus. Proin vel nisl.",169,"orange"),(14,"Cum sociis natoque","nibh dolor,","ipsum. Curabitur consequat, lectus sit",215,"indigo"),(15,"ullamcorper magna. Sed","ac mattis","magna, malesuada vel, convallis in, cursus et,",277,"violet"),(16,"lacus. Mauris non","pharetra. Nam","lorem vitae odio sagittis semper. Nam tempor diam dictum sapien. Aenean massa. Integer vitae",143,"yellow"),(17,"Donec non justo.","vestibulum, neque","lorem semper auctor. Mauris vel turpis. Aliquam adipiscing",280,"orange"),(18,"vitae sodales nisi","Aliquam tincidunt,","odio, auctor vitae, aliquet nec, imperdiet nec, leo. Morbi",80,"red"),(19,"tempus eu, ligula.","in faucibus","tristique aliquet. Phasellus fermentum convallis ligula. Donec luctus aliquet odio. Etiam",237,"red"),(20,"Aliquam gravida mauris","Aliquam vulputate","faucibus leo, in lobortis tellus justo sit amet nulla. Donec non justo.",98,"yellow"),(21,"id sapien. Cras","venenatis a,","sed, sapien. Nunc pulvinar arcu et pede. Nunc",134,"indigo"),(22,"purus. Duis elementum,","orci. Phasellus","lacus.",295,"green"),(23,"tortor. Integer aliquam","Nunc laoreet","tristique neque venenatis lacus. Etiam bibendum fermentum metus. Aenean sed pede nec ante blandit viverra. Donec tempus,",128,"blue"),(24,"a tortor. Nunc","Donec consectetuer","lacinia mattis. Integer eu lacus. Quisque imperdiet, erat nonummy ultricies ornare, elit",251,"green"),(25,"laoreet lectus quis","elit elit","tristique senectus et netus et malesuada fames",218,"indigo"),(26,"nunc ac mattis","ornare. In","turpis egestas. Aliquam fringilla cursus purus. Nullam scelerisque neque sed sem egestas blandit. Nam nulla magna, malesuada vel, convallis",212,"violet"),(27,"Proin eget odio.","mus. Aenean","amet massa. Quisque porttitor eros nec tellus. Nunc lectus pede, ultrices a,",210,"indigo"),(28,"elementum, lorem ut","Proin non","risus. Duis a mi fringilla mi lacinia mattis.",92,"indigo"),(29,"sed pede nec","Lorem ipsum","Suspendisse",91,"red"),(30,"malesuada malesuada. Integer","magna a","Proin ultrices. Duis volutpat nunc sit amet metus. Aliquam erat volutpat. Nulla facilisis. Suspendisse commodo",216,"yellow"),(31,"velit egestas lacinia.","ipsum. Suspendisse","vel nisl. Quisque fringilla euismod enim. Etiam gravida molestie arcu. Sed eu nibh vulputate mauris sagittis placerat. Cras",37,"indigo"),(32,"consectetuer adipiscing elit.","euismod enim.","neque vitae semper egestas, urna justo faucibus lectus, a sollicitudin orci sem",256,"red"),(33,"id ante dictum","semper rutrum.","non, vestibulum nec, euismod",211,"blue"),(34,"malesuada vel, venenatis","Mauris blandit","dui. Cum sociis natoque penatibus et magnis dis parturient montes, nascetur ridiculus mus. Aenean eget magna. Suspendisse tristique neque",199,"blue"),(35,"ligula tortor, dictum","Cras vulputate","id, blandit at, nisi.",152,"violet"),(36,"amet risus. Donec","in sodales","sollicitudin commodo ipsum. Suspendisse non leo. Vivamus nibh dolor, nonummy ac, feugiat non, lobortis quis, pede.",85,"yellow"),(37,"convallis convallis dolor.","amet, dapibus","Mauris ut quam vel sapien imperdiet ornare. In faucibus. Morbi vehicula. Pellentesque tincidunt tempus risus. Donec egestas.",117,"indigo"),(38,"non ante bibendum","pellentesque, tellus","ridiculus mus. Aenean eget magna. Suspendisse tristique neque venenatis lacus. Etiam bibendum",173,"violet"),(39,"ornare tortor at","felis. Donec","amet, consectetuer adipiscing elit. Aliquam",84,"green"),(40,"rhoncus. Nullam velit","Nulla aliquet.","elit. Aliquam auctor, velit",230,"violet"),(41,"Aenean massa. Integer","ipsum. Suspendisse","ligula elit, pretium et, rutrum",67,"yellow"),(42,"varius et, euismod","odio. Aliquam","posuere vulputate, lacus. Cras interdum. Nunc sollicitudin commodo ipsum. Suspendisse",236,"yellow"),(43,"pede et risus.","nec tellus.","molestie in, tempus eu,",236,"violet"),(44,"vestibulum massa rutrum","et malesuada","habitant morbi tristique",140,"yellow"),(45,"turpis egestas. Fusce","sodales elit","tristique ac,",21,"red"),(46,"dolor egestas rhoncus.","augue scelerisque","est ac mattis semper, dui lectus rutrum urna, nec luctus felis",239,"red"),(47,"amet massa. Quisque","laoreet ipsum.","Nulla eu neque pellentesque massa lobortis ultrices. Vivamus rhoncus. Donec est. Nunc ullamcorper,",248,"orange"),(48,"pretium et, rutrum","consectetuer rhoncus.","ante.",131,"violet"),(49,"In ornare sagittis","Fusce aliquam,","sollicitudin adipiscing ligula. Aenean gravida nunc sed pede. Cum sociis natoque penatibus",114,"blue"),(50,"at arcu. Vestibulum","Quisque ornare","Curabitur",207,"red"),(51,"sit amet ornare","eleifend non,","sociis natoque penatibus et magnis dis parturient montes, nascetur ridiculus mus. Donec dignissim magna",190,"green"),(52,"placerat eget, venenatis","egestas, urna","consequat nec, mollis vitae, posuere",214,"red"),(53,"magna. Sed eu","odio. Phasellus","ac nulla. In tincidunt congue turpis. In condimentum. Donec at arcu. Vestibulum ante ipsum primis in",61,"yellow"),(54,"leo. Cras vehicula","ultrices sit","magna. Phasellus dolor elit, pellentesque a, facilisis non, bibendum sed, est. Nunc",12,"yellow"),(55,"odio. Aliquam vulputate","erat, in","imperdiet ornare. In faucibus. Morbi vehicula. Pellentesque tincidunt tempus risus. Donec",223,"blue"),(56,"est. Mauris eu","arcu. Sed","molestie dapibus ligula.",151,"green"),(57,"volutpat. Nulla dignissim.","adipiscing lobortis","ipsum nunc id enim. Curabitur",60,"yellow"),(58,"Donec non justo.","non, feugiat","lectus ante dictum mi, ac mattis velit justo nec ante.",17,"green"),(59,"Quisque fringilla euismod","libero. Morbi","eu nibh vulputate mauris sagittis placerat. Cras dictum ultricies ligula. Nullam enim. Sed nulla ante, iaculis",267,"orange"),(60,"enim. Mauris quis","purus. Maecenas","at, velit. Pellentesque ultricies dignissim lacus. Aliquam rutrum lorem ac risus. Morbi metus. Vivamus euismod urna.",60,"yellow"),(61,"sit amet diam","porttitor vulputate,","elit pede, malesuada vel, venenatis vel, faucibus id, libero. Donec consectetuer",98,"yellow"),(62,"lorem, luctus ut,","at lacus.","Fusce mi lorem, vehicula et, rutrum",106,"indigo"),(63,"lorem, auctor quis,","sagittis augue,","semper",270,"violet"),(64,"semper erat, in","enim mi","tempor erat neque non quam. Pellentesque habitant morbi tristique senectus et netus et malesuada fames ac turpis egestas. Aliquam fringilla",43,"green"),(65,"mus. Proin vel","mauris erat","metus. Aenean sed pede nec ante blandit viverra. Donec tempus,",220,"yellow"),(66,"penatibus et magnis","augue eu","cursus purus. Nullam scelerisque neque sed sem",234,"yellow"),(67,"tellus, imperdiet non,","convallis erat,","malesuada fames ac turpis egestas. Aliquam fringilla cursus purus. Nullam scelerisque neque sed sem egestas blandit. Nam nulla",7,"yellow"),(68,"Aliquam gravida mauris","arcu. Morbi","sapien imperdiet ornare. In faucibus. Morbi vehicula. Pellentesque tincidunt tempus risus. Donec egestas.",64,"violet"),(69,"sit amet massa.","aliquet, sem","convallis erat, eget tincidunt dui augue eu tellus. Phasellus elit pede, malesuada vel, venenatis vel, faucibus id, libero.",268,"blue"),(70,"sapien imperdiet ornare.","bibendum fermentum","egestas nunc sed libero. Proin sed turpis nec mauris blandit",124,"green"),(71,"semper pretium neque.","malesuada fames","lorem semper auctor. Mauris vel turpis. Aliquam adipiscing",175,"blue"),(72,"facilisis, magna tellus","tristique pharetra.","leo,",122,"yellow"),(73,"non, egestas a,","ac tellus.","risus. Nunc ac sem ut dolor dapibus gravida. Aliquam tincidunt, nunc",145,"yellow"),(74,"tempor augue ac","semper erat,","turpis egestas. Fusce aliquet magna a neque. Nullam ut nisi a odio semper cursus. Integer mollis.",58,"blue"),(75,"purus, in molestie","luctus felis","amet,",272,"yellow"),(76,"tellus eu augue","diam eu","ullamcorper. Duis at lacus.",59,"red"),(77,"morbi tristique senectus","dictum. Proin","Vestibulum ut eros non enim commodo hendrerit. Donec porttitor tellus non magna. Nam ligula elit, pretium",32,"blue"),(78,"consequat, lectus sit","eu arcu.","nibh enim, gravida sit amet,",40,"yellow"),(79,"mollis lectus pede","sit amet,","at, egestas a, scelerisque sed, sapien. Nunc pulvinar arcu et",72,"yellow"),(80,"laoreet ipsum. Curabitur","quam vel","semper et, lacinia vitae, sodales at, velit. Pellentesque ultricies dignissim lacus. Aliquam rutrum lorem ac risus.",15,"orange"),(81,"augue ac ipsum.","libero est,","ipsum cursus vestibulum. Mauris magna. Duis dignissim tempor arcu. Vestibulum ut eros",200,"orange"),(82,"scelerisque dui. Suspendisse","odio. Nam","nec ligula consectetuer rhoncus.",162,"violet"),(83,"et malesuada fames","Phasellus dapibus","ante. Maecenas mi felis, adipiscing fringilla, porttitor vulputate, posuere vulputate, lacus. Cras interdum.",249,"red"),(84,"ante ipsum primis","nonummy. Fusce","urna et arcu imperdiet ullamcorper. Duis at lacus. Quisque purus sapien, gravida non, sollicitudin a, malesuada id, erat.",169,"red"),(85,"Vivamus nibh dolor,","purus. Nullam","posuere at,",227,"violet"),(86,"metus facilisis lorem","a, enim.","Duis gravida. Praesent eu nulla at sem molestie",11,"violet"),(87,"odio. Aliquam vulputate","ante, iaculis","a felis ullamcorper viverra. Maecenas iaculis aliquet diam. Sed diam lorem,",109,"violet"),(88,"sit amet, dapibus","In at","pede blandit congue. In scelerisque",16,"red"),(89,"sagittis semper. Nam","libero. Integer","eget metus. In nec orci. Donec nibh.",272,"orange"),(90,"nonummy ultricies ornare,","Nunc mauris","tincidunt dui augue eu tellus. Phasellus elit pede, malesuada vel, venenatis",131,"red"),(91,"laoreet posuere, enim","rutrum, justo.","quis, tristique ac, eleifend vitae, erat. Vivamus nisi. Mauris nulla. Integer urna.",87,"yellow"),(92,"consectetuer adipiscing elit.","tortor. Nunc","lectus ante",286,"orange"),(93,"felis orci, adipiscing","ipsum cursus","Nunc lectus pede, ultrices a, auctor non, feugiat nec, diam. Duis mi enim, condimentum eget, volutpat ornare, facilisis eget,",150,"blue"),(94,"lobortis, nisi nibh","erat nonummy","malesuada id, erat. Etiam vestibulum massa rutrum magna. Cras convallis convallis dolor. Quisque tincidunt pede ac urna. Ut",16,"violet"),(95,"auctor ullamcorper, nisl","nunc interdum","nunc est, mollis non, cursus non, egestas a,",99,"red"),(96,"elit, pretium et,","quis arcu","in molestie tortor nibh sit amet orci. Ut sagittis lobortis",61,"red"),(97,"lorem. Donec elementum,","sociis natoque","dolor",40,"yellow"),(98,"diam eu dolor","Vestibulum accumsan","Phasellus libero mauris, aliquam eu, accumsan sed, facilisis vitae, orci. Phasellus dapibus",143,"red"),(99,"sit amet risus.","Integer tincidunt","eget metus. In nec orci. Donec nibh. Quisque nonummy ipsum",34,"yellow"),(100,"Praesent interdum ligula","ornare. Fusce","eu odio tristique pharetra. Quisque ac libero nec ligula consectetuer rhoncus. Nullam velit dui, semper et, lacinia",57,"red");
INSERT INTO Zalecenie (Id,CzestotliwoscPodania,DlugoscKuracji,Komentarz,LekId,RodzajKarmyNazwa) VALUES (101,"Suspendisse eleifend. Cras","Maecenas libero","at, velit. Pellentesque ultricies dignissim lacus. Aliquam rutrum lorem ac risus. Morbi metus. Vivamus euismod urna. Nullam lobortis",108,"indigo"),(102,"Mauris vestibulum, neque","ac tellus.","nec quam. Curabitur vel lectus. Cum",82,"violet"),(103,"ac mattis velit","venenatis lacus.","Suspendisse eleifend. Cras sed leo. Cras vehicula aliquet libero. Integer in",39,"red"),(104,"quis diam. Pellentesque","dolor. Fusce","elementum sem, vitae aliquam eros turpis non enim. Mauris quis turpis vitae purus",126,"violet"),(105,"Nulla interdum. Curabitur","facilisis lorem","porttitor interdum. Sed auctor odio",164,"orange"),(106,"felis, adipiscing fringilla,","Maecenas libero","penatibus et magnis dis parturient montes, nascetur ridiculus mus. Proin vel nisl. Quisque",49,"indigo"),(107,"est. Nunc ullamcorper,","molestie orci","libero",70,"indigo"),(108,"lectus. Nullam suscipit,","Phasellus vitae","vel arcu eu odio tristique pharetra. Quisque ac libero nec ligula consectetuer rhoncus. Nullam",11,"yellow"),(109,"viverra. Donec tempus,","pede ac","nibh vulputate mauris sagittis placerat. Cras dictum ultricies ligula. Nullam enim. Sed nulla ante, iaculis nec,",75,"orange"),(110,"ad litora torquent","a, auctor","elit fermentum risus, at fringilla purus mauris a nunc. In at",184,"yellow"),(111,"diam. Duis mi","odio. Aliquam","nec urna suscipit nonummy. Fusce fermentum fermentum arcu. Vestibulum ante ipsum primis",271,"blue"),(112,"amet diam eu","justo eu","erat vel pede blandit congue. In scelerisque scelerisque dui. Suspendisse ac metus vitae velit egestas lacinia. Sed",42,"red"),(113,"consectetuer adipiscing elit.","pede. Cum","In",158,"yellow"),(114,"fringilla cursus purus.","erat vitae","auctor, nunc nulla vulputate",299,"blue"),(115,"morbi tristique senectus","urna. Nunc","montes, nascetur ridiculus mus. Proin vel nisl. Quisque",75,"yellow"),(116,"eget varius ultrices,","facilisis. Suspendisse","dictum sapien. Aenean massa. Integer vitae nibh. Donec est mauris, rhoncus id, mollis nec, cursus a, enim. Suspendisse",211,"violet"),(117,"et ultrices posuere","in sodales","dictum cursus. Nunc mauris elit, dictum eu, eleifend nec, malesuada ut, sem. Nulla interdum. Curabitur dictum. Phasellus in felis. Nulla",179,"violet"),(118,"Aliquam tincidunt, nunc","Donec consectetuer","in sodales elit erat vitae risus. Duis a mi fringilla",23,"blue"),(119,"rhoncus id, mollis","pede, ultrices","vitae erat vel pede blandit congue. In scelerisque scelerisque dui. Suspendisse ac metus",201,"orange"),(120,"fringilla purus mauris","dapibus ligula.","Donec vitae erat vel pede blandit congue.",71,"blue"),(121,"metus sit amet","arcu. Vivamus","urna",163,"orange"),(122,"aliquam eu, accumsan","nulla magna,","turpis egestas. Aliquam fringilla cursus purus. Nullam scelerisque neque sed sem egestas",150,"indigo"),(123,"Integer sem elit,","ut aliquam","Ut nec urna et arcu imperdiet ullamcorper. Duis at lacus. Quisque purus sapien, gravida non, sollicitudin",6,"blue"),(124,"eget tincidunt dui","Phasellus elit","Vestibulum ut eros non enim commodo hendrerit. Donec porttitor tellus non magna. Nam",20,"blue"),(125,"hendrerit consectetuer, cursus","at, egestas","blandit at, nisi. Cum sociis natoque penatibus et magnis dis parturient montes, nascetur ridiculus mus. Proin vel nisl. Quisque",78,"indigo"),(126,"mauris. Morbi non","non justo.","natoque penatibus et magnis dis parturient",17,"violet"),(127,"dui augue eu","Fusce diam","blandit mattis. Cras eget",217,"indigo"),(128,"quis massa. Mauris","mattis. Cras","dis parturient montes, nascetur ridiculus mus. Donec dignissim magna a tortor. Nunc commodo auctor velit. Aliquam nisl. Nulla eu",183,"orange"),(129,"lorem, sit amet","nec, malesuada","Quisque imperdiet, erat nonummy ultricies ornare, elit elit fermentum risus, at fringilla purus mauris a nunc. In at pede. Cras",232,"blue"),(130,"sit amet, consectetuer","sit amet,","volutpat. Nulla dignissim. Maecenas ornare egestas ligula. Nullam feugiat placerat velit. Quisque",232,"yellow"),(131,"lobortis quam a","vitae aliquam","eget nisi dictum augue malesuada malesuada.",250,"violet"),(132,"mauris id sapien.","luctus lobortis.","felis. Donec tempor, est ac mattis semper, dui lectus rutrum urna, nec luctus felis purus",76,"blue"),(133,"dis parturient montes,","senectus et","hendrerit a, arcu. Sed et libero. Proin mi. Aliquam gravida mauris ut mi. Duis",193,"orange"),(134,"tempus scelerisque, lorem","eu tellus.","turpis nec mauris blandit mattis. Cras eget nisi dictum",224,"violet"),(135,"tortor nibh sit","fames ac","posuere at, velit. Cras lorem lorem, luctus ut, pellentesque eget, dictum placerat, augue. Sed molestie. Sed",133,"green"),(136,"dui nec urna","turpis vitae","est. Mauris eu turpis. Nulla aliquet. Proin velit. Sed malesuada augue ut lacus. Nulla tincidunt, neque vitae semper egestas,",175,"indigo"),(137,"Etiam bibendum fermentum","lectus ante","eros.",271,"violet"),(138,"a, dui. Cras","in faucibus","urna justo faucibus lectus, a sollicitudin orci sem eget",87,"violet"),(139,"Quisque purus sapien,","sed dolor.","Donec dignissim magna a tortor. Nunc commodo auctor velit. Aliquam nisl. Nulla eu neque",220,"violet"),(140,"egestas rhoncus. Proin","eleifend vitae,","ornare. Fusce",9,"indigo"),(141,"risus. Donec egestas.","iaculis odio.","vitae, erat. Vivamus nisi. Mauris nulla. Integer urna. Vivamus molestie dapibus ligula.",160,"red"),(142,"dis parturient montes,","dui nec","elit pede, malesuada vel, venenatis vel, faucibus id, libero. Donec consectetuer mauris id sapien. Cras dolor dolor,",125,"yellow"),(143,"pellentesque. Sed dictum.","Nam tempor","blandit viverra. Donec tempus, lorem fringilla ornare placerat, orci lacus",221,"violet"),(144,"molestie orci tincidunt","Vivamus molestie","auctor vitae, aliquet nec, imperdiet nec, leo.",262,"yellow"),(145,"et netus et","id nunc","cursus purus. Nullam scelerisque neque",175,"green"),(146,"ante, iaculis nec,","Nullam lobortis","odio vel est tempor",89,"green"),(147,"eget, volutpat ornare,","cursus. Nunc","velit",89,"red"),(148,"eu metus. In","In tincidunt","enim nec tempus scelerisque, lorem ipsum sodales purus, in molestie tortor nibh sit amet orci.",202,"violet"),(149,"sagittis placerat. Cras","in, cursus","aliquet molestie tellus. Aenean egestas hendrerit neque. In ornare sagittis felis. Donec tempor, est ac mattis semper, dui lectus rutrum",51,"orange"),(150,"odio. Aliquam vulputate","elit pede,","dictum mi, ac mattis velit justo nec ante.",125,"indigo"),(151,"Aenean eget metus.","mauris, aliquam","non, hendrerit",126,"blue"),(152,"euismod ac, fermentum","consequat purus.","ornare. In faucibus. Morbi vehicula. Pellentesque",284,"yellow"),(153,"vulputate, lacus. Cras","Nunc pulvinar","Sed malesuada augue ut lacus.",14,"violet"),(154,"erat neque non","consectetuer adipiscing","amet, consectetuer adipiscing elit. Curabitur sed tortor. Integer aliquam",147,"indigo"),(155,"lobortis tellus justo","Fusce aliquam,","eget",98,"red"),(156,"diam dictum sapien.","Nulla facilisi.","Cras sed leo.",68,"violet"),(157,"amet orci. Ut","rutrum urna,","lorem. Donec elementum, lorem ut aliquam iaculis, lacus pede sagittis augue, eu tempor erat neque non quam. Pellentesque habitant",135,"violet"),(158,"laoreet lectus quis","Nulla tincidunt,","pellentesque. Sed dictum. Proin eget odio. Aliquam vulputate ullamcorper magna. Sed eu eros. Nam consequat dolor vitae dolor.",249,"blue"),(159,"amet diam eu","purus. Maecenas","Donec tempor, est ac mattis semper, dui lectus rutrum urna, nec luctus felis purus ac tellus. Suspendisse",276,"yellow"),(160,"vel arcu. Curabitur","per inceptos","ipsum leo elementum",210,"blue"),(161,"nonummy ipsum non","odio. Aliquam","dolor. Quisque tincidunt pede ac urna. Ut tincidunt vehicula risus. Nulla eget metus eu erat semper rutrum. Fusce dolor quam,",162,"green"),(162,"nibh. Donec est","enim. Suspendisse","convallis, ante lectus convallis est, vitae sodales nisi magna sed dui. Fusce aliquam, enim nec",252,"red"),(163,"egestas. Sed pharetra,","ante. Maecenas","Curabitur sed tortor. Integer aliquam adipiscing lacus. Ut nec urna et arcu imperdiet ullamcorper. Duis at",10,"yellow"),(164,"ligula. Nullam enim.","Proin non","sociis natoque penatibus et magnis dis parturient montes, nascetur ridiculus mus. Donec dignissim magna a tortor. Nunc",14,"orange"),(165,"Vivamus nisi. Mauris","tempus, lorem","massa rutrum magna. Cras convallis convallis dolor. Quisque tincidunt pede ac urna. Ut tincidunt vehicula risus.",33,"violet"),(166,"mauris. Integer sem","in, dolor.","vitae mauris sit amet lorem semper auctor. Mauris vel turpis. Aliquam adipiscing",161,"yellow"),(167,"non, hendrerit id,","dis parturient","ultricies dignissim",192,"green"),(168,"luctus ut, pellentesque","scelerisque dui.","semper et, lacinia vitae, sodales at, velit.",80,"orange"),(169,"commodo ipsum. Suspendisse","Curabitur sed","quam quis diam. Pellentesque habitant morbi",216,"blue"),(170,"a, magna. Lorem","mollis. Phasellus","fringilla mi",42,"red"),(171,"Proin dolor. Nulla","mi. Aliquam","in consectetuer ipsum nunc id enim. Curabitur massa. Vestibulum accumsan neque",88,"orange"),(172,"metus vitae velit","et, euismod","Proin vel arcu eu odio tristique pharetra. Quisque ac libero nec ligula consectetuer rhoncus. Nullam velit dui, semper et, lacinia",299,"indigo"),(173,"ac libero nec","sed dictum","dolor. Nulla semper",146,"yellow"),(174,"non, dapibus rutrum,","Phasellus dapibus","sit amet, consectetuer adipiscing elit. Etiam laoreet, libero",198,"green"),(175,"egestas. Aliquam nec","pretium aliquet,","Duis a mi fringilla mi lacinia mattis. Integer eu lacus. Quisque imperdiet, erat nonummy ultricies ornare, elit elit",114,"orange"),(176,"massa. Integer vitae","blandit mattis.","enim, condimentum eget, volutpat ornare, facilisis eget, ipsum. Donec sollicitudin adipiscing ligula. Aenean gravida nunc sed pede. Cum",68,"green"),(177,"malesuada vel, venenatis","lacus. Cras","Duis mi enim, condimentum eget, volutpat ornare, facilisis eget, ipsum. Donec sollicitudin adipiscing ligula. Aenean gravida nunc sed",179,"red"),(178,"tempor augue ac","mollis nec,","adipiscing elit. Aliquam auctor, velit eget laoreet posuere,",266,"orange"),(179,"ipsum porta elit,","dolor. Fusce","sit amet, dapibus id, blandit at, nisi. Cum sociis natoque",87,"blue"),(180,"fringilla mi lacinia","sit amet","Nunc commodo auctor velit. Aliquam nisl. Nulla eu neque pellentesque massa lobortis ultrices. Vivamus rhoncus. Donec est.",113,"blue"),(181,"tempus non, lacinia","Class aptent","nascetur ridiculus mus. Donec dignissim magna a tortor. Nunc commodo auctor velit. Aliquam nisl. Nulla eu",266,"red"),(182,"vehicula aliquet libero.","dolor quam,","et malesuada fames",146,"yellow"),(183,"fringilla. Donec feugiat","est ac","iaculis aliquet diam. Sed diam lorem, auctor quis,",244,"violet"),(184,"non, lacinia at,","molestie tellus.","elit, pharetra ut, pharetra sed, hendrerit a, arcu. Sed et libero. Proin mi. Aliquam gravida mauris ut mi. Duis risus",33,"blue"),(185,"est. Nunc laoreet","molestie. Sed","Phasellus at",18,"yellow"),(186,"mi, ac mattis","tincidunt vehicula","faucibus orci luctus et ultrices posuere cubilia Curae; Phasellus",55,"orange"),(187,"aliquet molestie tellus.","Mauris ut","eu augue",150,"violet"),(188,"augue eu tellus.","habitant morbi","mauris a nunc. In at pede. Cras vulputate velit eu",131,"blue"),(189,"in faucibus orci","arcu et","lorem vitae odio sagittis semper. Nam tempor diam dictum sapien. Aenean massa. Integer",143,"indigo"),(190,"eu tellus. Phasellus","feugiat placerat","blandit",151,"yellow"),(191,"enim. Curabitur massa.","eleifend non,","nisl. Quisque fringilla euismod enim. Etiam gravida molestie arcu. Sed eu nibh vulputate mauris sagittis placerat. Cras dictum ultricies ligula.",267,"green"),(192,"faucibus leo, in","velit eu","nunc. In at pede. Cras vulputate velit eu",21,"yellow"),(193,"nonummy ipsum non","nulla at","enim non nisi. Aenean eget metus. In nec orci. Donec",96,"blue"),(194,"arcu. Sed et","Phasellus libero","tempor augue ac ipsum. Phasellus vitae",79,"green"),(195,"justo eu arcu.","sociis natoque","ac mattis semper, dui lectus rutrum urna, nec luctus felis purus ac tellus. Suspendisse sed dolor. Fusce mi lorem,",196,"violet"),(196,"in magna. Phasellus","iaculis, lacus","Vestibulum accumsan neque et nunc.",264,"violet"),(197,"in sodales elit","Cras vulputate","metus. Vivamus euismod urna. Nullam lobortis quam a felis ullamcorper viverra. Maecenas iaculis aliquet diam. Sed diam lorem, auctor",116,"blue"),(198,"enim. Suspendisse aliquet,","aliquet, sem","odio. Aliquam vulputate ullamcorper magna. Sed eu eros. Nam consequat dolor vitae dolor.",249,"blue"),(199,"Quisque imperdiet, erat","Nam porttitor","Nulla interdum. Curabitur dictum. Phasellus in felis. Nulla tempor augue ac ipsum. Phasellus vitae mauris sit amet lorem semper auctor.",93,"orange"),(200,"odio sagittis semper.","pharetra sed,","enim. Suspendisse aliquet, sem ut cursus luctus, ipsum leo elementum sem,",34,"green");
INSERT INTO Zalecenie (Id,CzestotliwoscPodania,DlugoscKuracji,Komentarz,LekId,RodzajKarmyNazwa) VALUES (201,"urna. Nunc quis","Sed nulla","est. Nunc laoreet lectus quis massa. Mauris vestibulum, neque sed dictum eleifend,",37,"violet"),(202,"facilisis facilisis, magna","lectus. Nullam","ipsum nunc id enim. Curabitur massa. Vestibulum accumsan neque et nunc. Quisque",42,"violet"),(203,"lorem tristique aliquet.","et tristique","Mauris",39,"indigo"),(204,"enim mi tempor","dapibus id,","cursus luctus, ipsum leo elementum sem, vitae aliquam eros",126,"red"),(205,"diam luctus lobortis.","Vestibulum ante","libero. Integer in magna. Phasellus dolor elit, pellentesque a, facilisis non, bibendum sed, est. Nunc laoreet lectus quis massa. Mauris",246,"orange"),(206,"mollis vitae, posuere","Sed eu","eu turpis. Nulla aliquet. Proin velit. Sed malesuada augue ut lacus. Nulla tincidunt, neque vitae semper",178,"violet"),(207,"Ut nec urna","hendrerit neque.","id risus quis diam",162,"yellow"),(208,"ipsum. Suspendisse sagittis.","at sem","pellentesque. Sed dictum. Proin eget odio.",151,"red"),(209,"vitae purus gravida","Suspendisse tristique","magnis dis parturient montes, nascetur ridiculus mus. Aenean eget magna. Suspendisse tristique neque venenatis lacus. Etiam",226,"yellow"),(210,"Nulla semper tellus","et, eros.","volutpat nunc sit amet metus. Aliquam erat volutpat.",296,"green"),(211,"id, blandit at,","pede, malesuada","nascetur ridiculus mus.",237,"violet"),(212,"Duis dignissim tempor","ultricies ornare,","egestas, urna justo faucibus lectus, a sollicitudin orci sem eget massa. Suspendisse",41,"violet"),(213,"tincidunt orci quis","dolor, nonummy","blandit. Nam nulla magna, malesuada vel, convallis in, cursus et, eros.",57,"blue"),(214,"Donec dignissim magna","nec ante.","est arcu ac orci. Ut semper pretium neque. Morbi quis urna. Nunc quis arcu vel quam dignissim pharetra. Nam",173,"red"),(215,"Nullam velit dui,","Donec vitae","nec tempus scelerisque, lorem ipsum sodales",272,"red"),(216,"auctor. Mauris vel","scelerisque sed,","mi lacinia mattis. Integer eu",80,"red"),(217,"risus. Donec nibh","purus, accumsan","mollis. Integer",118,"yellow"),(218,"dui quis accumsan","Proin velit.","Proin non massa non ante bibendum ullamcorper. Duis cursus, diam at pretium aliquet, metus urna convallis erat, eget tincidunt dui",97,"violet"),(219,"elementum sem, vitae","sollicitudin orci","elementum at, egestas a, scelerisque sed, sapien. Nunc pulvinar arcu et pede.",83,"orange"),(220,"In nec orci.","adipiscing elit.","turpis vitae purus gravida sagittis.",198,"yellow"),(221,"purus sapien, gravida","eget laoreet","nulla at sem molestie sodales. Mauris blandit enim",98,"violet"),(222,"semper et, lacinia","scelerisque sed,","a odio semper cursus. Integer mollis. Integer tincidunt aliquam",284,"yellow"),(223,"leo elementum sem,","rutrum magna.","et pede. Nunc sed orci",142,"red"),(224,"dolor dolor, tempus","erat volutpat.","feugiat metus sit",30,"yellow"),(225,"mus. Proin vel","Cras convallis","urna suscipit nonummy. Fusce fermentum fermentum arcu. Vestibulum",95,"red"),(226,"Curabitur sed tortor.","Aenean eget","Sed diam lorem, auctor quis, tristique ac, eleifend vitae,",73,"orange"),(227,"ac metus vitae","erat, eget","vulputate velit eu sem.",267,"orange"),(228,"dolor vitae dolor.","imperdiet ullamcorper.","orci, in consequat enim diam vel arcu.",175,"indigo"),(229,"et netus et","lectus quis","vulputate, posuere vulputate, lacus. Cras interdum. Nunc sollicitudin commodo ipsum. Suspendisse non leo.",91,"indigo"),(230,"id enim. Curabitur","Proin vel","nec, leo. Morbi neque tellus, imperdiet non, vestibulum nec, euismod in,",165,"orange"),(231,"hendrerit id, ante.","tempus risus.","dictum magna. Ut tincidunt orci quis lectus.",104,"red"),(232,"quam, elementum at,","in, hendrerit","a, dui. Cras pellentesque.",33,"blue"),(233,"id risus quis","Morbi vehicula.","aliquet, metus urna convallis erat, eget tincidunt dui augue eu tellus. Phasellus elit pede, malesuada vel, venenatis vel, faucibus id,",271,"blue"),(234,"eu, eleifend nec,","a, malesuada","id magna et ipsum cursus vestibulum. Mauris magna. Duis dignissim tempor arcu. Vestibulum ut eros non",274,"indigo"),(235,"eget mollis lectus","tellus sem","enim non nisi. Aenean eget metus. In nec orci. Donec nibh.",208,"green"),(236,"Aliquam auctor, velit","et tristique","Vivamus nibh dolor, nonummy ac, feugiat non, lobortis quis, pede. Suspendisse dui. Fusce diam nunc, ullamcorper eu, euismod",287,"yellow"),(237,"Aliquam nec enim.","nunc. In","Aliquam auctor, velit eget laoreet posuere, enim nisl elementum purus, accumsan",173,"blue"),(238,"rutrum urna, nec","orci, adipiscing","ligula eu enim. Etiam imperdiet dictum magna. Ut tincidunt orci quis lectus.",71,"indigo"),(239,"sed dictum eleifend,","Maecenas ornare","augue id ante dictum cursus. Nunc mauris elit, dictum eu, eleifend nec, malesuada ut, sem. Nulla interdum. Curabitur",239,"indigo"),(240,"sollicitudin a, malesuada","ullamcorper. Duis","dui nec urna suscipit",49,"orange"),(241,"primis in faucibus","eu erat","nibh. Quisque nonummy ipsum non arcu. Vivamus sit amet risus.",142,"indigo"),(242,"nec orci. Donec","odio. Nam","luctus et ultrices posuere cubilia Curae; Donec tincidunt. Donec vitae erat vel",249,"yellow"),(243,"dignissim magna a","fermentum fermentum","sed, est. Nunc laoreet lectus",256,"orange"),(244,"amet lorem semper","adipiscing, enim","Duis dignissim tempor arcu. Vestibulum ut eros non enim commodo hendrerit. Donec porttitor tellus non magna. Nam ligula elit,",210,"indigo"),(245,"pede. Cras vulputate","eu nibh","sapien. Nunc pulvinar arcu et pede. Nunc sed orci",43,"yellow"),(246,"lorem ut aliquam","adipiscing ligula.","Nulla facilisi. Sed neque. Sed eget lacus. Mauris non dui nec urna suscipit nonummy. Fusce fermentum fermentum arcu.",26,"yellow"),(247,"a, malesuada id,","Suspendisse dui.","nulla. Integer urna. Vivamus molestie dapibus ligula. Aliquam erat volutpat. Nulla dignissim. Maecenas ornare",99,"red"),(248,"mi. Duis risus","Phasellus vitae","condimentum eget, volutpat ornare, facilisis eget, ipsum. Donec sollicitudin adipiscing",136,"indigo"),(249,"rutrum. Fusce dolor","lectus sit","Phasellus libero mauris, aliquam eu, accumsan",24,"green"),(250,"id, blandit at,","nascetur ridiculus","quis lectus. Nullam suscipit, est ac facilisis facilisis, magna tellus faucibus leo, in lobortis tellus justo sit amet nulla. Donec",235,"yellow"),(251,"euismod est arcu","per conubia","nulla. Donec non justo. Proin non massa non ante bibendum ullamcorper. Duis cursus, diam at pretium aliquet, metus urna convallis",297,"orange"),(252,"ipsum dolor sit","a ultricies","mi, ac mattis velit justo nec ante. Maecenas mi felis, adipiscing fringilla, porttitor vulputate, posuere vulputate, lacus. Cras",158,"orange"),(253,"laoreet lectus quis","accumsan neque","sodales. Mauris blandit enim consequat purus. Maecenas libero est, congue a,",261,"orange"),(254,"nec quam. Curabitur","non sapien","cursus luctus, ipsum",294,"yellow"),(255,"dis parturient montes,","mollis lectus","est. Nunc ullamcorper, velit",196,"orange"),(256,"dictum eu, placerat","aliquam arcu.","tincidunt, nunc ac mattis ornare, lectus ante dictum mi, ac mattis velit justo nec ante. Maecenas mi felis, adipiscing",160,"red"),(257,"eget metus eu","lorem, sit","Nulla interdum. Curabitur dictum. Phasellus",18,"green"),(258,"risus a ultricies","imperdiet ornare.","nec urna",210,"yellow"),(259,"interdum. Nunc sollicitudin","pellentesque, tellus","dictum eleifend, nunc risus varius orci, in consequat enim diam vel arcu. Curabitur ut odio vel est tempor bibendum. Donec",144,"green"),(260,"congue. In scelerisque","cursus vestibulum.","egestas lacinia. Sed congue, elit sed consequat auctor, nunc nulla vulputate dui, nec tempus mauris erat eget ipsum. Suspendisse",75,"indigo"),(261,"dapibus gravida. Aliquam","nulla vulputate","nisi magna sed dui. Fusce aliquam, enim nec tempus scelerisque, lorem ipsum sodales",111,"blue"),(262,"tellus eu augue","sit amet","Cum",155,"blue"),(263,"a, malesuada id,","orci luctus","Mauris vestibulum, neque sed dictum eleifend, nunc risus varius orci, in consequat enim diam vel arcu. Curabitur",19,"yellow"),(264,"auctor, velit eget","Donec nibh","est, congue a, aliquet vel, vulputate eu, odio. Phasellus at augue id ante dictum cursus. Nunc mauris elit,",153,"indigo"),(265,"elit, a feugiat","sociis natoque","Mauris ut quam vel sapien imperdiet ornare. In",173,"yellow"),(266,"elementum purus, accumsan","Lorem ipsum","aptent taciti sociosqu ad litora torquent per conubia nostra, per inceptos hymenaeos. Mauris ut quam vel sapien imperdiet ornare. In",295,"yellow"),(267,"nisl arcu iaculis","ornare lectus","egestas rhoncus. Proin nisl sem, consequat nec, mollis vitae, posuere at, velit. Cras",21,"violet"),(268,"ut eros non","gravida mauris","mauris, rhoncus id, mollis",134,"orange"),(269,"aliquam, enim nec","hendrerit a,","dictum eleifend, nunc risus varius orci, in consequat enim diam vel arcu. Curabitur ut odio vel est tempor",76,"yellow"),(270,"arcu. Sed et","rhoncus id,","fermentum risus, at fringilla purus mauris a nunc. In at pede. Cras vulputate velit eu",201,"blue"),(271,"varius ultrices, mauris","Mauris non","adipiscing fringilla, porttitor vulputate, posuere vulputate,",100,"red"),(272,"lacus vestibulum lorem,","cursus purus.","eleifend non, dapibus rutrum,",46,"indigo"),(273,"eget, dictum placerat,","imperdiet ornare.","In condimentum. Donec at arcu. Vestibulum ante ipsum primis in faucibus orci luctus et ultrices",26,"yellow"),(274,"urna. Nullam lobortis","Etiam ligula","mattis semper, dui lectus rutrum urna, nec luctus felis purus ac tellus. Suspendisse sed dolor. Fusce",221,"violet"),(275,"non quam. Pellentesque","felis orci,","vitae, orci. Phasellus",26,"blue"),(276,"venenatis vel, faucibus","eget metus.","Nunc sollicitudin commodo ipsum. Suspendisse non leo. Vivamus nibh dolor, nonummy ac, feugiat non, lobortis quis, pede. Suspendisse dui. Fusce",252,"blue"),(277,"ipsum dolor sit","Phasellus elit","magna.",4,"violet"),(278,"pellentesque. Sed dictum.","mi. Aliquam","Integer in magna. Phasellus dolor elit, pellentesque a,",286,"violet"),(279,"nisl. Quisque fringilla","ornare sagittis","taciti sociosqu ad litora torquent per conubia nostra, per inceptos hymenaeos. Mauris ut quam vel sapien",32,"orange"),(280,"luctus ut, pellentesque","venenatis a,","Proin eget odio. Aliquam",100,"green"),(281,"blandit viverra. Donec","lectus, a","eleifend vitae, erat. Vivamus nisi. Mauris nulla. Integer urna. Vivamus molestie dapibus ligula. Aliquam",17,"indigo"),(282,"in faucibus orci","Aliquam nec","imperdiet ornare. In",51,"violet"),(283,"Nunc sed orci","gravida non,","facilisis eget, ipsum. Donec sollicitudin adipiscing ligula. Aenean gravida nunc sed pede. Cum sociis natoque penatibus et",75,"yellow"),(284,"Integer sem elit,","ut, molestie","tellus justo sit amet nulla. Donec non justo. Proin non massa",38,"red"),(285,"et, eros. Proin","enim consequat","accumsan laoreet ipsum. Curabitur consequat, lectus sit amet luctus vulputate,",235,"red"),(286,"vulputate, risus a","accumsan sed,","lorem vitae odio sagittis semper. Nam tempor diam dictum",269,"blue"),(287,"augue ut lacus.","vel, venenatis","eu metus. In lorem. Donec elementum, lorem ut aliquam iaculis, lacus pede sagittis augue, eu tempor erat neque non",5,"indigo"),(288,"Ut semper pretium","imperdiet non,","vestibulum. Mauris magna.",30,"red"),(289,"erat, eget tincidunt","sem, vitae","ut, nulla. Cras eu tellus eu augue porttitor interdum. Sed auctor",99,"violet"),(290,"imperdiet ullamcorper. Duis","vestibulum. Mauris","sapien. Aenean massa. Integer vitae nibh. Donec est mauris, rhoncus id,",132,"green"),(291,"facilisis eget, ipsum.","sit amet,","mauris. Suspendisse",278,"blue"),(292,"dolor sit amet,","non, vestibulum","Nam porttitor scelerisque neque. Nullam nisl. Maecenas malesuada fringilla est. Mauris eu turpis. Nulla aliquet. Proin velit. Sed",19,"blue"),(293,"lobortis augue scelerisque","mi enim,","enim nec tempus scelerisque, lorem ipsum sodales purus, in molestie tortor nibh sit amet orci. Ut sagittis",196,"indigo"),(294,"interdum. Curabitur dictum.","eu dui.","erat, in consectetuer ipsum nunc id enim. Curabitur massa. Vestibulum accumsan neque et nunc. Quisque ornare",259,"red"),(295,"Nunc ac sem","sem elit,","sed, hendrerit a, arcu. Sed et libero. Proin",154,"indigo"),(296,"eget massa. Suspendisse","convallis ligula.","Phasellus at augue id ante dictum cursus. Nunc mauris elit, dictum eu, eleifend nec,",80,"green"),(297,"justo nec ante.","nunc id","pharetra. Quisque ac libero nec ligula consectetuer rhoncus.",191,"red"),(298,"nunc. In at","ligula tortor,","dis parturient montes, nascetur ridiculus mus. Donec dignissim magna a tortor. Nunc commodo auctor velit. Aliquam nisl. Nulla",266,"indigo"),(299,"Donec egestas. Duis","ante lectus","ornare. In faucibus. Morbi vehicula. Pellentesque tincidunt tempus risus. Donec egestas. Duis ac arcu. Nunc mauris. Morbi",58,"violet"),(300,"vitae velit egestas","Nullam ut","ipsum ac mi eleifend egestas. Sed pharetra, felis eget varius ultrices, mauris ipsum",211,"violet");

INSERT INTO HistoriaZalecen (ChorobaId,ZalecenieId) VALUES (1,300),(2,299),(3,298),(4,297),(5,296),(6,295),(7,294),(8,293),(9,292),(10,291),(11,290),(12,289),(13,288),(14,287),(15,286),(16,285),(17,284),(18,283),(19,282),(20,281),(21,280),(22,279),(23,278),(24,277),(25,276),(26,275),(27,274),(28,273),(29,272),(30,271),(31,270),(32,269),(33,268),(34,267),(35,266),(36,265),(37,264),(38,263),(39,262),(40,261),(41,260),(42,259),(43,258),(44,257),(45,256),(46,255),(47,254),(48,253),(49,252),(50,251),(51,250),(52,249),(53,248),(54,247),(55,246),(56,245),(57,244),(58,243),(59,242),(60,241),(61,240),(62,239),(63,238),(64,237),(65,236),(66,235),(67,234),(68,233),(69,232),(70,231),(71,230),(72,229),(73,228),(74,227),(75,226),(76,225),(77,224),(78,223),(79,222),(80,221),(81,220),(82,219),(83,218),(84,217),(85,216),(86,215),(87,214),(88,213),(89,212),(90,211),(91,210),(92,209),(93,208),(94,207),(95,206),(96,205),(97,204),(98,203),(99,202),(100,201);
INSERT INTO HistoriaZalecen (ChorobaId,ZalecenieId) VALUES (101,200),(102,199),(103,198),(104,197),(105,196),(106,195),(107,194),(108,193),(109,192),(110,191),(111,190),(112,189),(113,188),(114,187),(115,186),(116,185),(117,184),(118,183),(119,182),(120,181),(121,180),(122,179),(123,178),(124,177),(125,176),(126,175),(127,174),(128,173),(129,172),(130,171),(131,170),(132,169),(133,168),(134,167),(135,166),(136,165),(137,164),(138,163),(139,162),(140,161),(141,160),(142,159),(143,158),(144,157),(145,156),(146,155),(147,154),(148,153),(149,152),(150,151),(151,150),(152,149),(153,148),(154,147),(155,146),(156,145),(157,144),(158,143),(159,142),(160,141),(161,140),(162,139),(163,138),(164,137),(165,136),(166,135),(167,134),(168,133),(169,132),(170,131),(171,130),(172,129),(173,128),(174,127),(175,126),(176,125),(177,124),(178,123),(179,122),(180,121),(181,120),(182,119),(183,118),(184,117),(185,116),(186,115),(187,114),(188,113),(189,112),(190,111),(191,110),(192,109),(193,108),(194,107),(195,106),(196,105),(197,104),(198,103),(199,102),(200,101);
INSERT INTO HistoriaZalecen (ChorobaId,ZalecenieId) VALUES (1,100),(2,99),(3,98),(4,97),(5,96),(6,95),(7,94),(8,93),(9,92),(10,91),(11,90),(12,89),(13,88),(14,87),(15,86),(16,85),(17,84),(18,83),(19,82),(20,81),(21,80),(22,79),(23,78),(24,77),(25,76),(26,75),(27,74),(28,73),(29,72),(30,71),(31,70),(32,69),(33,68),(34,67),(35,66),(36,65),(37,64),(38,63),(39,62),(40,61),(41,60),(42,59),(43,58),(44,57),(45,56),(46,55),(47,54),(48,53),(49,52),(50,51),(51,50),(52,49),(53,48),(54,47),(55,46),(56,45),(57,44),(58,43),(59,42),(60,41),(61,40),(62,39),(63,38),(64,37),(65,36),(66,35),(67,34),(68,33),(69,32),(70,31),(71,30),(72,29),(73,28),(74,27),(75,26),(76,25),(77,24),(78,23),(79,22),(80,21),(81,20),(82,19),(83,18),(84,17),(85,16),(86,15),(87,14),(88,13),(89,12),(90,11),(91,10),(92,9),(93,8),(94,7),(95,6),(96,5),(97,4),(98,3),(99,2),(100,1);

COMMIT;
SET autocommit = 1;